R.FileName	PG.ProteinGroups	PG.Genes	EG.IsDecoy	EG.Qvalue	PG.Qvalue	PG.Quantity	PEP.Quantity	FG.MS2Quantity	EG.ModifiedSequence	PEP.StrippedSequence	FG.Charge
File4	P00051	Gene_0	False	0.006656161234146254	0.0036996165850069172	44490696.137121156	1299350.2106922234	929180.9294527349	[Prot]PEPT0	PEPT0	3
File4	P00018	Gene_1	False	0.01983481168032575	0.002447379185007683	4463377.980071353	1804148.3524653565	507774.11340349895	[Prot]PEPT1	PEPT1	3
File7	P00042	Gene_2	False	0.0027897949972007473	0.00327672289607952	285520.8911906492	1931112.2962561515	4221867.669686401	[Prot]PEPT2	PEPT2	2
File4	P00057	Gene_3	False	0.0043873811031480605	0.018396083267771885	12687505.101289753	45607790.77211113	196040.87001629442	[Prot]PEPT3	PEPT3	4
File8	P00068	Gene_4	False	0.015676991124076417	0.0005007110261001669	1086441.6146117721	1069605.8029490383	76854.66641305729	[Prot]PEPT4	PEPT4	3
File7	P00019	Gene_5	False	0.00027329998294544077	0.0025251003248147287	12361522.925897526	5051725.371081912	55823.45236037176	[Prot]PEPT5	PEPT5	4
File3	P00003	Gene_6	False	0.002079099648314586	0.010328783852648878	1631605.1277981496	2407923.965757287	357219.7754723288	[Prot]PEPT6	PEPT6	4
File8	P00004	Gene_7	False	0.014117202514215372	0.011411075193792126	17840726.284275267	231993.62329120023	83371.36397752509	[Prot]PEPT7	PEPT7	2
File5	P00045	Gene_8	False	0.013742173229082824	0.010387790911689168	1354576.5427943857	609448.973488519	37998.36906764063	[Prot]PEPT8	PEPT8	3
File4	P00103	Gene_9	False	0.01853488734544267	0.016439928911786333	5647632.417706198	3461036.7279414805	340888.8695918484	[Prot]PEPT9	PEPT9	2
File8	P00066	Gene_10	False	0.013921653594036439	0.015662184463100304	2931753.8722827807	5901754.503709741	252776.70386252415	[Prot]PEPT10	PEPT10	3
File4	P00072	Gene_11	False	0.01863126829076139	0.015145172873509319	1953890.8182124859	1098872.3164428738	337676.6722192924	[Prot]PEPT11	PEPT11	3
File3	P00117	Gene_12	False	0.012804789898493945	0.0009160430687110455	115668194.09693713	673352.2366028104	31930.297444957243	[Prot]PEPT12	PEPT12	4
File8	P00100	Gene_13	False	0.006006872009999385	0.012295121642809562	3432128.4024613528	585881.1392127969	4480248.640776713	[Prot]PEPT13	PEPT13	3
File8	P00068	Gene_14	False	0.003796638886371788	0.014870744943926048	13752168.867827902	1452819.0361289952	403020.4517665252	[Prot]PEPT14	PEPT14	4
File3	P00098	Gene_15	False	0.009504693974417331	0.014872807323793265	15553053.23061884	106057.31219189808	79582.93648334965	[Prot]PEPT15	PEPT15	3
File1	P00032	Gene_16	False	0.0060062922417320405	0.0198235121914691	283276399.2335558	854163.6098428025	89150.23557189413	[Prot]PEPT16	PEPT16	3
File7	P00089	Gene_17	False	0.017320141614906255	0.01090714593727617	9148696.844824217	540736.7827748823	162673.0151059776	[Prot]PEPT17	PEPT17	2
File3	P00048	Gene_18	False	0.013872769817954614	0.009917552519512625	1034691.2485160644	2647020.0818204354	123994.69878014417	[Prot]PEPT18	PEPT18	3
File1	P00027	Gene_19	False	0.016536106815010675	0.0025545166458084754	794903.6731095946	1339060.6299857055	462964.0699520409	[Prot]PEPT19	PEPT19	4
File8	P00088	Gene_20	False	0.00812054435560787	0.006080918342778443	12012989.052875295	563839.9601610639	1199598.211742401	[Prot]PEPT20	PEPT20	2
File3	P00027	Gene_21	False	0.013514657214735949	0.003279606957896153	2720868.192374513	339546.4204911803	1777540.5463097377	[Prot]PEPT21	PEPT21	2
File5	P00015	Gene_22	False	0.003417086910386282	0.01831958446299399	1678160.5938284164	4696884.511690025	182899.31021581506	[Prot]PEPT22	PEPT22	3
File4	P00113	Gene_23	False	0.01706050923235742	0.00772889968646576	1553391.4936426142	934289.2789964748	279635.8028220776	[Prot]PEPT23	PEPT23	4
File3	P00032	Gene_24	False	0.019866227071315	0.007898394920401675	1085627.475571971	114483.69145553795	338610.6005274149	[Prot]PEPT24	PEPT24	2
File6	P00065	Gene_25	False	0.008346273370121265	0.014919429837618174	1288388.2420269416	888034.831514282	59302.72696659224	[Prot]PEPT25	PEPT25	3
File4	P00016	Gene_26	False	0.002397874059523266	0.0061747495468740254	1971611.1399849926	119768.56582821884	1005528.9560874426	[Prot]PEPT26	PEPT26	4
File5	P00114	Gene_27	False	0.0056442402110384385	0.0065346090487568495	3626260.502887782	1513356.7423211494	119237.54311263081	[Prot]PEPT27	PEPT27	4
File4	P00059	Gene_28	False	0.01202681680253841	0.019751183585725047	26077609.887656543	3105936.750208101	39469.573248319895	[Prot]PEPT28	PEPT28	3
File7	P00003	Gene_29	False	0.004806992976102606	0.008677003252042981	2879923.3734059124	1379604.0766122914	230653.6340597525	[Prot]PEPT29	PEPT29	4
File5	P00039	Gene_30	False	0.016694809576296196	0.005203287451615457	954315.6543176564	4979000.273669119	77412.26904725695	[Prot]PEPT30	PEPT30	3
File5	P00044	Gene_31	False	0.019832433999103585	0.0096777045051402	4406710.774009854	101744.27187623792	129619.2792802497	[Prot]PEPT31	PEPT31	3
File6	P00002	Gene_32	False	0.007386464393047956	0.007415770974965172	589727.3052259844	913588.1972715114	268559.86391301104	[Prot]PEPT32	PEPT32	4
File4	P00085	Gene_33	False	0.005421471451743725	0.0016658275277071377	1820312.5352329423	801721.1452845611	191568.69790984006	[Prot]PEPT33	PEPT33	4
File3	P00018	Gene_34	False	0.0022222814738292684	0.006167862627203955	5517026.683746838	56332.72254107156	1148292.5675409466	[Prot]PEPT34	PEPT34	2
File5	P00088	Gene_35	False	0.01533611019325506	0.004380537941802871	776193.5196097651	3112024.6330639618	48667.02722318525	[Prot]PEPT35	PEPT35	2
File8	P00116	Gene_36	False	0.005072448974525248	0.005269416772332882	3902509.2409856613	6571998.28429404	782919.0430576314	[Prot]PEPT36	PEPT36	3
File6	P00077	Gene_37	False	0.018725893420179423	0.007432826817622991	7957852.059083636	1610311.0356757632	371344.4510231151	[Prot]PEPT37	PEPT37	4
File4	P00073	Gene_38	False	0.003197155841330668	0.004675671971875937	304718.03249509144	1321898.8321984217	1785833.1866576653	[Prot]PEPT38	PEPT38	4
File4	P00060	Gene_39	False	0.01886731736101993	0.0011424124073891107	1794879.119825009	3387262.426930041	739370.8245128712	[Prot]PEPT39	PEPT39	4
File3	P00055	Gene_40	False	0.01312940239555668	0.00796197605830194	4577195.852092624	8543954.068006236	586548.3646508097	[Prot]PEPT40	PEPT40	4
File3	P00105	Gene_41	False	0.014894002925587574	0.003301389764401479	6672625.369318947	1912450.5622928422	80407.09349085974	[Prot]PEPT41	PEPT41	3
File6	P00106	Gene_42	False	0.0003277765074300021	0.0038256759087763694	207108.49353273775	1559179.0717410806	102106.04750337962	[Prot]PEPT42	PEPT42	4
File8	P00050	Gene_43	False	0.014644351933718635	0.00013511225826896123	32475488.72630414	460104.9427238641	227023.11904429123	[Prot]PEPT43	PEPT43	3
File1	P00041	Gene_44	False	0.00980115856185372	0.004313144361325545	4150407.8046098864	245568.01903202882	1813302.7887652102	[Prot]PEPT44	PEPT44	3
File1	P00040	Gene_45	False	0.006487531153811981	0.002541737350573681	1553308.791174191	265387.0825175972	472346.32094208	[Prot]PEPT45	PEPT45	4
File7	P00074	Gene_46	False	0.007851892227021744	0.0052455985417104506	11366303.927497312	5076258.567472803	230113.07681839087	[Prot]PEPT46	PEPT46	2
File4	P00067	Gene_47	False	0.016462337582726513	0.0006720488217478948	6467315.343937122	236216.22946657988	1032198.1484644054	[Prot]PEPT47	PEPT47	2
File4	P00084	Gene_48	False	0.016771777725025118	0.017943315180198083	14370488.643703913	664165.1783580984	357960.41001774214	[Prot]PEPT48	PEPT48	3
File4	P00003	Gene_49	False	0.01277102033891314	0.012607452300975373	1638515.704116777	3699329.6166134607	234348.19084809563	[Prot]PEPT49	PEPT49	2
File2	P00031	Gene_50	False	0.002005815507373601	0.01076707118746947	2940886.1431583716	1962349.1903600658	410382.6531162454	[Prot]PEPT50	PEPT50	2
File7	P00008	Gene_51	False	0.010252235821985974	0.0037619104477945742	43517209.30949194	801776.4595387761	164433.75060289737	[Prot]PEPT51	PEPT51	4
File1	P00102	Gene_52	False	0.007020073030181673	0.015900626227901674	9585133.063911948	815822.3936394835	1435026.0879870933	[Prot]PEPT52	PEPT52	2
File5	P00002	Gene_53	False	0.014848486048101153	0.009735747877382728	5587472.902179268	3100798.9687675554	213024.29894254953	[Prot]PEPT53	PEPT53	3
File8	P00102	Gene_54	False	0.002036189258803749	0.018350773337312446	2408562.726177178	173490.80811546784	494842.9858310849	[Prot]PEPT54	PEPT54	4
File6	P00021	Gene_55	False	0.014312560926819314	0.01802790785913481	3306971.065973683	3796052.5814104606	80232.07228898663	[Prot]PEPT55	PEPT55	4
File2	P00096	Gene_56	False	0.008208758080875431	0.001603090462484862	2220580.72141958	275276.9781618025	138303.89963566218	[Prot]PEPT56	PEPT56	2
File5	P00081	Gene_57	False	0.009301651969398271	0.008401016699254056	6655424.031114026	4298650.469185061	101347.71159955225	[Prot]PEPT57	PEPT57	3
File5	P00047	Gene_58	False	0.0176677930229245	0.01669945568508173	1578816.9372826295	875691.7261538107	1216131.8443835187	[Prot]PEPT58	PEPT58	4
File6	P00042	Gene_59	False	0.009907758106193489	3.238964323909022e-05	7957583.680781188	1102798.6349379935	216717.33105528358	[Prot]PEPT59	PEPT59	4
File2	P00047	Gene_60	False	0.003007510400087814	0.012592578702842304	6626767.164665796	13852089.28757682	3080498.201256211	[Prot]PEPT60	PEPT60	2
File5	P00048	Gene_61	False	0.009098245121889677	0.006026583112433521	3512154.820949328	10707174.376643088	11572.461187474537	[Prot]PEPT61	PEPT61	2
File8	P00102	Gene_62	False	0.019395332699466555	0.009440331720660616	7616077.849776162	1756237.882010175	61934.82402346456	[Prot]PEPT62	PEPT62	3
File6	P00077	Gene_63	False	0.012199681765692751	0.001648063785989009	2196818.38736393	801462.2775798785	43829.11015967365	[Prot]PEPT63	PEPT63	4
File5	P00003	Gene_64	False	0.004389230145779113	0.009281328985512005	123567.82601447136	1107587.3399156313	347044.9141920816	[Prot]PEPT64	PEPT64	4
File5	P00113	Gene_65	False	0.007903298666130914	0.01099309969794738	817256.6169274504	15727044.041666912	24997.458468942623	[Prot]PEPT65	PEPT65	4
File7	P00002	Gene_66	False	0.01727378901566762	0.0023465035320653915	14085374.703476073	1824871.7501718963	43875.592085818804	[Prot]PEPT66	PEPT66	4
File7	P00042	Gene_67	False	0.008921429277548576	0.006564243056466959	6595446.863391659	21312.229039985014	61836.78785377834	[Prot]PEPT67	PEPT67	3
File2	P00092	Gene_68	False	0.017946367644758043	0.008479679163830873	15880124.204178581	867835.4362162203	78804.22640299311	[Prot]PEPT68	PEPT68	3
File8	P00010	Gene_69	False	0.016691760784743433	0.01226098057814054	1740660.4461284964	927412.0782543159	156618.48902119303	[Prot]PEPT69	PEPT69	4
File6	P00047	Gene_70	False	0.017899422921473826	0.0009535994450386531	3069419.0159154423	200521.02666680477	203261.59761915306	[Prot]PEPT70	PEPT70	2
File6	P00119	Gene_71	False	0.01200327116571059	0.0001492920783527252	5994976.225171314	18399.021503450847	211373.10920256565	[Prot]PEPT71	PEPT71	4
File6	P00032	Gene_72	False	0.0057579938988557115	0.00022406239148396346	35851457.111609355	122239.91956318021	95022.20184521381	[Prot]PEPT72	PEPT72	2
File4	P00111	Gene_73	False	0.01232107277539871	0.0008831175454412366	3829480.390085005	1632708.9194806188	132168.98284829245	[Prot]PEPT73	PEPT73	3
File5	P00103	Gene_74	False	0.007019952371193979	0.01163543964165048	2547192.22060523	306560.85448049416	147947.82861828283	[Prot]PEPT74	PEPT74	3
File1	P00049	Gene_75	False	0.008602809965311797	0.008084314152231733	6521785.203723108	229971.33644683837	23493.38963913938	[Prot]PEPT75	PEPT75	4
File1	P00037	Gene_76	False	0.004838888804491848	4.180908627584579e-06	10267296.383546825	635490.7158251522	90946.68478402245	[Prot]PEPT76	PEPT76	4
File5	P00021	Gene_77	False	0.007355068799341653	0.0030482550689506583	53348683.03983095	3444194.7041445016	962924.3811334546	[Prot]PEPT77	PEPT77	3
File7	P00082	Gene_78	False	0.007561372922072238	0.013720842651091083	976588.9462114817	7850140.6581075955	196800.74174107384	[Prot]PEPT78	PEPT78	4
File8	P00113	Gene_79	False	0.014054166236782253	0.012128709116500163	1773116.4460935234	896575.4985725454	42500.249621598676	[Prot]PEPT79	PEPT79	2
File2	P00022	Gene_80	False	0.004996450608781034	0.015064013696245672	780470.6177317963	9735524.48915369	74656.83408198052	[Prot]PEPT80	PEPT80	4
File3	P00056	Gene_81	False	0.008022262119592007	0.0191252625359094	12879407.188166466	1349388.2392008803	75598.62754904195	[Prot]PEPT81	PEPT81	2
File7	P00119	Gene_82	False	0.0112287007132631	0.015025267936800368	52084414.883087315	902605.9044916359	2716737.760300357	[Prot]PEPT82	PEPT82	3
File7	P00098	Gene_83	False	0.008108764547150404	0.004704112369852365	1783330.1493052817	240465.37446189072	63568.81274519342	[Prot]PEPT83	PEPT83	4
File1	P00031	Gene_84	False	0.005952389669915577	0.00998338380140857	3456551.747953319	513767.9638379425	235353.41232964542	[Prot]PEPT84	PEPT84	2
File8	P00047	Gene_85	False	0.011259049900162616	0.012121140187169144	962638.7385840508	1806250.060653644	459554.9122409108	[Prot]PEPT85	PEPT85	2
File7	P00119	Gene_86	False	0.0008018903123826649	0.002271171168884525	19487741.95409393	2054694.1731563397	2547056.1625589235	[Prot]PEPT86	PEPT86	4
File1	P00120	Gene_87	False	0.017278649411150215	0.004322837965395101	798034.875139971	1077856.1815548914	33805.90236485305	[Prot]PEPT87	PEPT87	4
File7	P00065	Gene_88	False	0.008170712146384158	0.00763035502367891	483458.6500642512	266231.4566391641	1809725.695373725	[Prot]PEPT88	PEPT88	3
File8	P00047	Gene_89	False	0.013842500663515927	0.014690831011465063	7030477.123687181	218766.58266771978	67859.24361267748	[Prot]PEPT89	PEPT89	2
File7	P00100	Gene_90	False	0.013016665446625943	0.006368097662060939	15136240.398441503	1091284.1876398632	151296.37804989755	[Prot]PEPT90	PEPT90	3
File1	P00083	Gene_91	False	0.015489345912451786	0.009163291505390884	7634324.6102859145	72368.45734622102	424768.1724084485	[Prot]PEPT91	PEPT91	2
File8	P00043	Gene_92	False	0.011651494338940168	0.019889153296229437	2122375.358323043	2982274.034258299	10421.967181852804	[Prot]PEPT92	PEPT92	3
File2	P00113	Gene_93	False	0.009066208151621537	0.01673884023606724	786478.0624273365	1234737.406596416	167876.44928366286	[Prot]PEPT93	PEPT93	4
File1	P00011	Gene_94	False	0.005783513381711283	0.005371644924327592	6386634.062824465	1417274.708117608	121284.9728922557	[Prot]PEPT94	PEPT94	4
File8	P00095	Gene_95	False	0.0022617846644358863	0.019748331585270142	2244766.045491115	271005.4350306071	72101.11585378088	[Prot]PEPT95	PEPT95	2
File6	P00005	Gene_96	False	0.013697775525694008	0.01960718473699207	4325197.469747753	751003.5882908171	540552.3425286085	[Prot]PEPT96	PEPT96	4
File3	P00014	Gene_97	False	0.0019127991599331361	0.012023555006505792	301434.21676156105	830100.7399981708	109488.97830979312	[Prot]PEPT97	PEPT97	3
File6	P00028	Gene_98	False	0.01979784264391889	0.014357294580793514	1046265.5821755519	573329.1900841742	115519.31732579668	[Prot]PEPT98	PEPT98	2
File7	P00014	Gene_99	False	0.011107362225294317	0.00574344431296369	735045.6262211079	642181.2273691231	1048273.5039519931	[Prot]PEPT99	PEPT99	2
File3	P00021	Gene_100	False	0.003501522713128549	0.008217548152339682	3281351.4949567164	5464983.7699033255	2492833.130547039	[Prot]PEPT100	PEPT100	4
File2	P00081	Gene_101	False	0.016358606783162505	0.010745303412804108	4718265.087400807	3293944.582413351	29656.160803960134	[Prot]PEPT101	PEPT101	4
File6	P00023	Gene_102	False	0.0048449823950231985	0.011970195129689205	711166.976655844	453906.14369699865	130882.1467022449	[Prot]PEPT102	PEPT102	2
File7	P00031	Gene_103	False	2.8243654879469562e-05	0.006071012536519824	873257.4096603305	1823392.4582823687	187457.4445409745	[Prot]PEPT103	PEPT103	4
File5	P00093	Gene_104	False	0.010663086190018769	0.013959277496777295	104648044.30406106	970400.4173611468	55134.4747696168	[Prot]PEPT104	PEPT104	2
File4	P00058	Gene_105	False	0.005515070405012597	0.00014036283993475784	60834435.417619266	237961.88681771362	555806.6139783917	[Prot]PEPT105	PEPT105	2
File2	P00087	Gene_106	False	0.01330642601447935	0.011211107995454161	3343375.0968040847	263195.8175075649	59095.37973759321	[Prot]PEPT106	PEPT106	4
File4	P00074	Gene_107	False	0.017814881717869317	0.01662422115904571	109837.10597770667	591701.9172150423	1514713.6483159002	[Prot]PEPT107	PEPT107	4
File4	P00041	Gene_108	False	0.018469628847988882	0.01275160704918615	9199649.25095316	1474974.794048916	290281.8787231628	[Prot]PEPT108	PEPT108	3
File6	P00093	Gene_109	False	0.012597843266613076	0.009461295205758755	3858247.2168698227	1971865.6561481317	524029.98542067077	[Prot]PEPT109	PEPT109	4
File1	P00115	Gene_110	False	0.016694962406092095	0.009734977511524166	3254822.724571123	1292628.3032882635	103173.45301931271	[Prot]PEPT110	PEPT110	4
File6	P00104	Gene_111	False	0.014817300309876477	0.004055871017721031	1569034.5825632345	73366.6853320699	82691.78535656429	[Prot]PEPT111	PEPT111	4
File2	P00089	Gene_112	False	0.013666221785770701	0.018045391758937074	660309.683473011	2131507.2798319613	76645.69788091985	[Prot]PEPT112	PEPT112	2
File6	P00110	Gene_113	False	0.002955911571301695	0.016961464685884213	6004214.816597571	785316.7497145343	80078.19011353205	[Prot]PEPT113	PEPT113	2
File2	P00114	Gene_114	False	0.004579692273309943	0.0001266914875212444	2543565.4606779725	239881.45644886265	120106.74439463853	[Prot]PEPT114	PEPT114	4
File7	P00007	Gene_115	False	0.0032298656495992886	0.008766390043780166	2887731.643125956	392632.96019779076	26100.529874694006	[Prot]PEPT115	PEPT115	3
File8	P00022	Gene_116	False	0.013810762522075009	0.013375552249622641	876785.8226222896	1242836.998852348	10257.670127886473	[Prot]PEPT116	PEPT116	3
File1	P00018	Gene_117	False	0.019503853385286093	0.006815094464939742	384962620.2812556	1400292.561220804	1007725.85537889	[Prot]PEPT117	PEPT117	2
File7	P00003	Gene_118	False	0.004570640242324888	0.006570889791989823	428983.948804429	91958.68938263954	80757.61952277357	[Prot]PEPT118	PEPT118	4
File2	P00037	Gene_119	False	0.0008084797791702902	0.011779672573608853	364504.42278691643	1990304.3028974738	982455.4135494137	[Prot]PEPT119	PEPT119	4
File7	P00031	Gene_120	False	0.015649483135073198	0.006073729885778276	2975565.720465656	8803551.611694818	88299.42091007777	[Prot]PEPT120	PEPT120	2
File8	P00107	Gene_121	False	0.00818188165033538	0.01564105974026921	2657039.1226007696	1915024.8874596723	383089.53191641596	[Prot]PEPT121	PEPT121	3
File8	P00077	Gene_122	False	0.006194541373704596	0.0033232821914216527	12229023.906377165	2409656.114829654	290058.4669405578	[Prot]PEPT122	PEPT122	2
File3	P00093	Gene_123	False	0.011939116074124227	0.018672685800500074	7628182.517871397	3956638.1223122305	59637.329932033885	[Prot]PEPT123	PEPT123	2
File2	P00116	Gene_124	False	0.018376745265019187	0.011252956555407999	12256328.805269783	320020.0213548603	99638.35985101883	[Prot]PEPT124	PEPT124	2
File3	P00086	Gene_125	False	0.007512022313465106	0.004577589750579536	7180092.264911641	1416336.9324725536	64240.363678531714	[Prot]PEPT125	PEPT125	4
File8	P00012	Gene_126	False	0.018050846132763115	0.014322645163862202	1344122.2365071059	162053.5129364525	77529.70337031428	[Prot]PEPT126	PEPT126	3
File7	P00116	Gene_127	False	0.015599253879794639	0.009564485451188138	4639828.288710116	1358552.8245558226	728888.5451330568	[Prot]PEPT127	PEPT127	2
File3	P00033	Gene_128	False	0.0036745789082935198	0.006609539262749298	14173364.612676207	546953.9921040247	149221.6485307601	[Prot]PEPT128	PEPT128	3
File7	P00098	Gene_129	False	0.01758325527508781	0.012350552838732954	772915.3463355816	127475.2765258343	2299555.056754246	[Prot]PEPT129	PEPT129	3
File1	P00030	Gene_130	False	0.011051863256957166	0.006665678295388573	1085784.3821759995	462136.29795574065	82609.8936947592	[Prot]PEPT130	PEPT130	3
File3	P00092	Gene_131	False	0.008088426956130648	0.012100727452723057	36499849.782591805	8624389.813665979	104420.76068634255	[Prot]PEPT131	PEPT131	3
File6	P00114	Gene_132	False	0.013005387698774722	0.002255104478106811	5765076.736423622	518413.940899009	3141304.999939525	[Prot]PEPT132	PEPT132	3
File4	P00111	Gene_133	False	0.016490730119956578	0.011905332365617423	834931.1183858013	1014973.1415017855	120332.48630116355	[Prot]PEPT133	PEPT133	2
File8	P00016	Gene_134	False	0.007265088263751301	0.00027205873984943453	16505598.388658961	236709.81199751215	200904.1831334526	[Prot]PEPT134	PEPT134	4
File4	P00030	Gene_135	False	0.003740859132169856	0.0038999584748684634	1464290.458597646	4939817.690829273	324571.8493270067	[Prot]PEPT135	PEPT135	3
File7	P00059	Gene_136	False	0.016793689451199512	0.017945693147218226	3800246.15745724	255240.88065169842	296049.7300321867	[Prot]PEPT136	PEPT136	3
File6	P00114	Gene_137	False	0.002115490273515668	0.015621916643281292	1808600.7283786105	176160.37392669858	101476.8513731863	[Prot]PEPT137	PEPT137	3
File1	P00032	Gene_138	False	0.015554556936736507	0.01827956322946287	151639274.63991535	2285674.824853741	325593.7713549351	[Prot]PEPT138	PEPT138	3
File7	P00034	Gene_139	False	0.015637601707187053	0.019032655650218028	944539.7194086781	1229651.3512483784	128319.67514524843	[Prot]PEPT139	PEPT139	3
File7	P00082	Gene_140	False	0.004090436351926578	0.013506713374101987	2140162.2804808156	420555.8143808495	1081990.1543755808	[Prot]PEPT140	PEPT140	4
File1	P00046	Gene_141	False	0.014944348168369509	0.01376535632738741	2565760.70259865	555601.8961297201	18344.171395941026	[Prot]PEPT141	PEPT141	3
File1	P00098	Gene_142	False	0.013876770952103032	0.018828163345625745	2616546.6372404033	5566466.978602555	110794.62159456924	[Prot]PEPT142	PEPT142	2
File6	P00104	Gene_143	False	0.009711962473332733	0.013242671313386328	1569428.679623243	1166111.7932630647	59128.4208127904	[Prot]PEPT143	PEPT143	3
File2	P00028	Gene_144	False	0.01610899175302066	0.014289488752602768	6644672.935158116	1678705.9284639326	210662.46615937058	[Prot]PEPT144	PEPT144	2
File6	P00095	Gene_145	False	0.0005019067739944538	0.009958016241489863	16417086.343383607	772323.4145413814	425030.3224216713	[Prot]PEPT145	PEPT145	2
File8	P00038	Gene_146	False	0.0036680603588086047	0.01304997510491047	5807112.6455353005	924134.5141182275	190726.53481020537	[Prot]PEPT146	PEPT146	4
File1	P00082	Gene_147	False	0.01328048234982148	0.009274892446899838	25498855.061619345	2449096.707566319	275345.9879622905	[Prot]PEPT147	PEPT147	4
File6	P00045	Gene_148	False	0.0029119587995564376	0.00231648333943709	2568149.3614314036	1460653.2670982098	281957.9090668734	[Prot]PEPT148	PEPT148	3
File7	P00044	Gene_149	False	0.012857957701544048	0.008389727933916956	14499556.29757691	811458.5514378059	1032899.2264399835	[Prot]PEPT149	PEPT149	3
File4	P00120	Gene_150	False	0.010330317055664496	0.011130477016082892	5010484.687457171	4408792.101491616	73300.63667284205	[Prot]PEPT150	PEPT150	2
File6	P00038	Gene_151	False	0.014166887031654097	0.0038487580984403903	3549099.1183285206	2118586.506761231	713670.7458896758	[Prot]PEPT151	PEPT151	3
File6	P00034	Gene_152	False	0.01258754643572091	0.018412282760106004	5929596.377809709	542109.4529843278	997679.4519907245	[Prot]PEPT152	PEPT152	3
File1	P00018	Gene_153	False	0.004885500323824108	0.00020332327121752591	4703513.994045899	12969822.214083321	151497.86212121684	[Prot]PEPT153	PEPT153	2
File8	P00059	Gene_154	False	0.011861515203466821	0.013223528068268984	794059.4018081249	10779396.417171953	111579.59794388832	[Prot]PEPT154	PEPT154	4
File4	P00061	Gene_155	False	0.005243172233682163	0.01705775833758393	894291.4311977042	29630293.25287029	24783.642419712625	[Prot]PEPT155	PEPT155	4
File7	P00063	Gene_156	False	0.019933286614601906	0.013404998123030948	9858123.197746392	1119297.7308008221	1567075.9992088962	[Prot]PEPT156	PEPT156	4
File7	P00067	Gene_157	False	0.0002446507689989619	0.010050480193710536	16861277.667063054	1285549.2572090249	36202.079402462456	[Prot]PEPT157	PEPT157	4
File5	P00064	Gene_158	False	0.018124952764348723	0.007284025747469638	5450291.093340143	362492.13712887774	24138.20834429957	[Prot]PEPT158	PEPT158	4
File5	P00057	Gene_159	False	0.0034764127771432806	0.008244516638287873	4700281.67928716	867959.7734967914	33841.46298512843	[Prot]PEPT159	PEPT159	3
File6	P00104	Gene_160	False	0.004697097898743934	0.01131368469359679	41316660.89963624	840807.5740124476	620907.5703744008	[Prot]PEPT160	PEPT160	2
File8	P00045	Gene_161	False	0.014182968176059834	0.014875866996110616	6809635.345478368	774402.95335593	22015.61246628989	[Prot]PEPT161	PEPT161	4
File4	P00084	Gene_162	False	0.015419790998156218	0.010576639758822878	2104569.5539683816	194279.31021843213	363777.70199890796	[Prot]PEPT162	PEPT162	2
File5	P00025	Gene_163	False	0.010720297454050603	0.01781212691795844	13181612.600337472	670605.1427519333	53886.02260347873	[Prot]PEPT163	PEPT163	4
File1	P00114	Gene_164	False	0.002306099793983014	0.008975685360814637	42650804.58367383	541700.1278231818	279344.00950923434	[Prot]PEPT164	PEPT164	2
File2	P00066	Gene_165	False	0.01840806020284013	0.006344786768654609	380763.35886966053	2579266.7763132374	579352.3144420886	[Prot]PEPT165	PEPT165	4
File3	P00084	Gene_166	False	0.01797759317531987	0.014283499175139434	5079563.298962528	15893371.338326354	37052.66028696422	[Prot]PEPT166	PEPT166	2
File5	P00101	Gene_167	False	0.01971470683850426	0.016014372418431594	9388706.963147173	277244.76460628834	127471.1745316049	[Prot]PEPT167	PEPT167	2
File1	P00045	Gene_168	False	0.0007069476463900038	0.009681850173522705	11076604.031782044	997335.4562314169	310765.03295298264	[Prot]PEPT168	PEPT168	3
File7	P00059	Gene_169	False	0.013397178360496226	0.01961493801117421	6319939.671684503	238230.5043421775	5280783.086790161	[Prot]PEPT169	PEPT169	3
File1	P00070	Gene_170	False	0.00807917695089165	0.003524634930185271	3184844.0350139854	3563961.860659321	412760.4637111533	[Prot]PEPT170	PEPT170	4
File3	P00011	Gene_171	False	0.0033953934919609984	0.0012922815911745134	10987604.309372917	1354141.6296837244	1157974.8399202377	[Prot]PEPT171	PEPT171	4
File1	P00112	Gene_172	False	0.019601586462312654	0.018403917886977608	2743375.655351004	412057.9132355295	2134610.948372269	[Prot]PEPT172	PEPT172	3
File6	P00001	Gene_173	False	0.008464630219346006	0.01329632436313511	413360.2046233309	4523215.0013668835	86066.39971307105	[Prot]PEPT173	PEPT173	3
File4	P00029	Gene_174	False	0.01020056450324351	0.008656873482779421	511834.80263119796	293699.24654892087	429489.9717936286	[Prot]PEPT174	PEPT174	3
File7	P00112	Gene_175	False	0.017641740163079775	0.017562696610012436	42976781.10635861	781901.995652491	65688.99343559438	[Prot]PEPT175	PEPT175	4
File5	P00044	Gene_176	False	0.002434658445918949	0.019761294403050682	727147.0989865952	370851.4990301115	5587926.108971601	[Prot]PEPT176	PEPT176	4
File1	P00001	Gene_177	False	0.01983627287992347	0.0018240483292099265	1127913.2347698952	11376987.275748182	47163.13739386349	[Prot]PEPT177	PEPT177	3
File8	P00074	Gene_178	False	0.015569451838866414	0.00657171742581176	540843.613788853	138811.299482358	59946.75862392035	[Prot]PEPT178	PEPT178	3
File6	P00022	Gene_179	False	0.018489300868146465	0.011755621135900849	958562.0512209911	620599.2961589522	188100.27223999382	[Prot]PEPT179	PEPT179	3
File1	P00029	Gene_180	False	0.015537585542800037	0.0034287835034551573	3813281.6149589904	141404.56750434914	37476.68935319526	[Prot]PEPT180	PEPT180	4
File4	P00064	Gene_181	False	0.006240039840148115	0.010833405807685584	2550966.0269410247	1134238.292167969	17107.773862123257	[Prot]PEPT181	PEPT181	3
File3	P00019	Gene_182	False	0.01050444502448805	0.01846257242772799	3900711.717784051	1269564.6596377324	272236.56131681905	[Prot]PEPT182	PEPT182	4
File3	P00003	Gene_183	False	0.01895725793566748	0.014318502415189954	4057762.223668021	176406.3233734386	47913.38486083349	[Prot]PEPT183	PEPT183	2
File3	P00094	Gene_184	False	0.015209793294493106	0.00603508998871325	1300451.0862503352	776674.2342901442	54452.544276537454	[Prot]PEPT184	PEPT184	3
File8	P00008	Gene_185	False	0.014250864529816505	0.006932949579257168	20951097.20896916	924439.5268988335	1148189.836035969	[Prot]PEPT185	PEPT185	4
File1	P00027	Gene_186	False	0.011465162815934593	0.019258725953819777	12288393.65538924	770374.8409124081	49271.965739443054	[Prot]PEPT186	PEPT186	2
File4	P00057	Gene_187	False	0.0028258478176666846	0.0046377669718603	1722953.5013788694	397162.6600217382	1340120.2567418022	[Prot]PEPT187	PEPT187	3
File5	P00072	Gene_188	False	0.019269350440739012	0.0032242832852293814	3387817.0529096923	801532.5831630279	3612592.797777062	[Prot]PEPT188	PEPT188	4
File1	P00091	Gene_189	False	0.010641250950076299	0.005294018522195277	1270294.888909961	2463748.794911417	825489.8340826598	[Prot]PEPT189	PEPT189	2
File5	P00106	Gene_190	False	0.0032900513905751772	0.0010594832119529896	2504657.7243438354	706087.9793237739	691727.0108429813	[Prot]PEPT190	PEPT190	4
File8	P00119	Gene_191	False	0.011148718662151563	0.008732367900112349	23208972.844629202	838882.0488115273	889291.2170732209	[Prot]PEPT191	PEPT191	4
File3	P00056	Gene_192	False	0.018502530175125168	0.009309101840175872	34698418.8297428	11209979.71777481	751820.1477512448	[Prot]PEPT192	PEPT192	4
File6	P00087	Gene_193	False	0.0010374613863338023	0.00653668165289355	5362302.371242381	6315231.281496328	4732982.102062079	[Prot]PEPT193	PEPT193	3
File7	P00118	Gene_194	False	0.000514412875396677	0.015087340504665382	5269087.3868822055	930641.2825945185	18723.770591433586	[Prot]PEPT194	PEPT194	4
File1	P00046	Gene_195	False	0.009234663899241984	0.00595380422623706	1402721.6867032058	795739.6533701943	56800.61555844458	[Prot]PEPT195	PEPT195	3
File6	P00055	Gene_196	False	0.014496550264704014	0.016864814681160273	4714397.472409562	428832.8469018438	1238320.595130069	[Prot]PEPT196	PEPT196	3
File5	P00036	Gene_197	False	0.0064788146583124265	0.009125918410872095	926203.8640868932	843968.7384437099	306146.83088181517	[Prot]PEPT197	PEPT197	2
File3	P00031	Gene_198	False	0.010051651185891254	0.01961953350647965	1328923.6819652843	20389895.107522335	63318.11776318531	[Prot]PEPT198	PEPT198	2
File7	P00086	Gene_199	False	0.004617247938995994	0.019511751462670267	43312909.083848685	151782.72491699122	32327.885725532826	[Prot]PEPT199	PEPT199	3
File2	P00009	Gene_200	False	0.007720342106438523	0.011604418990172751	4766362.295132744	422333.2326643884	88015.87742848303	[Prot]PEPT200	PEPT200	4
File6	P00086	Gene_201	False	0.010606514139944187	0.01050901530857799	20342579.372409873	727056.5910805586	2973240.515248476	[Prot]PEPT201	PEPT201	3
File3	P00107	Gene_202	False	0.016167238003999905	0.004333612550317701	16314887.21217276	1729780.4979834012	159641.36336962468	[Prot]PEPT202	PEPT202	4
File5	P00103	Gene_203	False	0.016984639920235658	0.002965724505840879	15731960.222240675	1542014.6850486104	45161.34219859858	[Prot]PEPT203	PEPT203	4
File6	P00069	Gene_204	False	0.003992828075460777	0.002618551020378321	6673259.261739133	383207.57405929815	552187.0248592896	[Prot]PEPT204	PEPT204	2
File7	P00025	Gene_205	False	0.00012606939445277687	0.0022965031247500645	4751393.860476789	1245401.7314572108	137467.35324509908	[Prot]PEPT205	PEPT205	3
File1	P00011	Gene_206	False	0.002954161121757255	0.005527310194800341	18448757.987648405	735977.0786852491	572839.3916260996	[Prot]PEPT206	PEPT206	4
File6	P00040	Gene_207	False	0.0027354384163456834	0.008989626900003668	18048461.6305159	45203.137534244364	1328587.7999934142	[Prot]PEPT207	PEPT207	4
File7	P00069	Gene_208	False	0.017297303580787557	0.016837988041791138	992567.7909429205	376972.75630241795	212961.70403556924	[Prot]PEPT208	PEPT208	4
File6	P00011	Gene_209	False	0.014729469501794955	0.006389957768417001	6485887.281527408	1861451.83594869	60014.72477788494	[Prot]PEPT209	PEPT209	2
File5	P00111	Gene_210	False	0.012410023313061864	0.0120782484839081	2839522.6797696603	415781.2158772671	81279.20452739864	[Prot]PEPT210	PEPT210	3
File6	P00058	Gene_211	False	0.0060696973823739795	0.004050918619224639	37688310.209400296	1019277.1727597356	419572.1561856455	[Prot]PEPT211	PEPT211	4
File8	P00083	Gene_212	False	0.017513850624472152	0.003176784216109765	5696627.840591957	62107.937264390355	21222.35308467279	[Prot]PEPT212	PEPT212	3
File6	P00004	Gene_213	False	0.009100737683172684	0.007828497167542357	3499315.9949340224	2281688.790177091	85751.5267142338	[Prot]PEPT213	PEPT213	2
File8	P00116	Gene_214	False	0.011368997602539883	0.008140683860030995	4040381.009133118	842852.9254200408	537951.1384091093	[Prot]PEPT214	PEPT214	3
File6	P00001	Gene_215	False	0.015924253412876798	0.006149386432182222	4646883.256480904	366655.2743143218	1908709.8600493101	[Prot]PEPT215	PEPT215	3
File6	P00057	Gene_216	False	0.0027078790233342654	0.00587082545437198	11748005.85679729	6687046.322031294	146674.8952842967	[Prot]PEPT216	PEPT216	4
File2	P00081	Gene_217	False	0.006799147256878979	0.012952246971336416	2593054.1418773583	1279337.0060875358	7276.12726673137	[Prot]PEPT217	PEPT217	2
File8	P00072	Gene_218	False	0.014126307680724082	0.011584305692296223	31100254.410982475	1037104.0388119654	1295405.50018796	[Prot]PEPT218	PEPT218	2
File1	P00006	Gene_219	False	0.01607259753935738	0.016164776536790552	2479500.482603677	243281.01329247188	247315.91363879936	[Prot]PEPT219	PEPT219	3
File7	P00071	Gene_220	False	0.016418985324226292	0.0010163927115209948	6860016.094727597	96360.57417219286	3668252.190034265	[Prot]PEPT220	PEPT220	3
File3	P00097	Gene_221	False	0.006414169722944221	0.013090528500110905	9898149.51986952	71274.87672322374	29957.90823352409	[Prot]PEPT221	PEPT221	4
File7	P00051	Gene_222	False	0.008326543732996823	0.01658917822696265	4351406.462945057	454264.6865523177	419990.4897647801	[Prot]PEPT222	PEPT222	2
File1	P00091	Gene_223	False	0.01363873174868597	0.010029670793546632	217247.13786796277	43820919.46819148	165030.10852856794	[Prot]PEPT223	PEPT223	3
File7	P00011	Gene_224	False	0.004422572505771874	0.0128978466261014	5655403.563160579	437760.078028633	188260.93396301303	[Prot]PEPT224	PEPT224	4
File8	P00114	Gene_225	False	0.004194687079259729	0.0028132500222883606	20805758.07929848	2423633.874472213	1540496.3487348158	[Prot]PEPT225	PEPT225	2
File1	P00026	Gene_226	False	0.0016503430251497587	0.015003920117518143	9657278.221952263	230423.13324268995	77403.25760191257	[Prot]PEPT226	PEPT226	4
File5	P00059	Gene_227	False	0.006620010206018417	0.013418465445498285	3088709.5940552237	835456.1976010479	21059.99161519915	[Prot]PEPT227	PEPT227	3
File2	P00019	Gene_228	False	0.019653428008855577	0.0008371287741334998	2363957.691714879	76385.25461643659	499167.18969366926	[Prot]PEPT228	PEPT228	2
File5	P00070	Gene_229	False	0.017353885795574148	0.0091165290389341	5100968.916813599	191397.91809392438	145777.82583800954	[Prot]PEPT229	PEPT229	3
File2	P00072	Gene_230	False	0.007673318726610241	0.002708223347533654	43917574.85381705	444502.49375125486	849708.3954825307	[Prot]PEPT230	PEPT230	4
File4	P00037	Gene_231	False	0.010821215117839266	0.016782109918653455	19276587.301036593	5327503.247583728	3171542.64837984	[Prot]PEPT231	PEPT231	3
File3	P00007	Gene_232	False	0.012974566330103562	0.01991870627612289	2694191.917812128	292724.04669846845	184994.69345703124	[Prot]PEPT232	PEPT232	4
File8	P00069	Gene_233	False	0.001326706369774815	0.013637489227293386	1679848.5452040322	122851.14778818948	74676.01191239	[Prot]PEPT233	PEPT233	2
File7	P00095	Gene_234	False	0.002590176799388735	0.016458525095785506	2778837.2034402573	779619.9672961277	236553.43937140616	[Prot]PEPT234	PEPT234	2
File3	P00002	Gene_235	False	0.01778762052693245	0.005383880472582332	3847267.965594007	4812174.525596428	53762.475779895845	[Prot]PEPT235	PEPT235	3
File6	P00112	Gene_236	False	0.016145520005222853	0.0005827285142628136	3284744.106305578	10682608.506328113	107630.22067321328	[Prot]PEPT236	PEPT236	2
File6	P00028	Gene_237	False	0.009759160196094832	0.005846231847867116	3047415.145362149	775200.2659182909	1095200.9055869628	[Prot]PEPT237	PEPT237	3
File6	P00120	Gene_238	False	0.006860786039024875	0.008374230210818812	5962580.766234865	606246.4075862215	3387572.6776561053	[Prot]PEPT238	PEPT238	2
File1	P00075	Gene_239	False	0.0007976960769909392	0.0035878645677739998	8799084.493860653	10314042.312966889	316020.53497725975	[Prot]PEPT239	PEPT239	2
File1	P00043	Gene_240	False	0.01339950324759677	0.01885390377621034	3303524.819924933	362847.8291162995	364518.7103689808	[Prot]PEPT240	PEPT240	3
File3	P00023	Gene_241	False	0.002640912183214157	0.01797520261823901	2652404.3881400293	1070389.8569023374	1449306.1037504454	[Prot]PEPT241	PEPT241	2
File1	P00089	Gene_242	False	0.007814754733107075	0.012088885379467465	16205955.87030342	696523.5996165035	1965061.071927819	[Prot]PEPT242	PEPT242	3
File3	P00051	Gene_243	False	0.006235477275950044	0.009200950076569198	2381853.702718497	774579.4401710788	33960.284777735425	[Prot]PEPT243	PEPT243	4
File5	P00111	Gene_244	False	0.013885216542646198	0.0048753443730475896	3851566.316122186	54575.84722402764	435239.625075575	[Prot]PEPT244	PEPT244	2
File6	P00113	Gene_245	False	0.017118980578844728	0.0012563743835986442	31963790.10308189	292241.6846964635	69685.39659489956	[Prot]PEPT245	PEPT245	4
File2	P00093	Gene_246	False	0.0058771723459608615	0.011556307599976145	2095445.2924866315	238936.6327890143	1530356.5088716852	[Prot]PEPT246	PEPT246	4
File8	P00004	Gene_247	False	0.011035835436797273	0.010453050344845425	18015943.989477996	352588.2412288601	54208.349475433235	[Prot]PEPT247	PEPT247	3
File1	P00102	Gene_248	False	0.002133993217147796	0.014055374949594565	3926068.6937073935	965592.904451304	181124.28201373122	[Prot]PEPT248	PEPT248	3
File3	P00074	Gene_249	False	0.013021684750980683	0.019242354872180706	3381498.293053359	243949.80109543484	70181.04611156207	[Prot]PEPT249	PEPT249	2
File4	P00086	Gene_250	False	0.0017288580511293317	0.0007878604031601788	2310535.477168097	152447.076463214	507159.38449752517	[Prot]PEPT250	PEPT250	4
File1	P00085	Gene_251	False	0.008870311844169787	0.010095879033109743	1541891.4564109973	1186063.7398875847	278820.23546797637	[Prot]PEPT251	PEPT251	3
File5	P00001	Gene_252	False	0.0008082930502653629	0.006129963568325869	431231.4748092231	881954.6307527628	3918665.489317137	[Prot]PEPT252	PEPT252	4
File4	P00118	Gene_253	False	0.006790885729215759	0.00011231056089691771	15572171.63944703	474302.14252158283	1483542.1881100186	[Prot]PEPT253	PEPT253	3
File5	P00064	Gene_254	False	0.005087121032682904	0.0033404750079124913	1940473.7129006146	318755.1448122707	1788139.7474824425	[Prot]PEPT254	PEPT254	3
File6	P00028	Gene_255	False	0.0016783995914380356	0.00037506155082563277	1497603.4764768127	55230.30620121113	203855.28538683229	[Prot]PEPT255	PEPT255	3
File2	P00094	Gene_256	False	0.01616416704694603	0.014860158615753164	896481.1544374812	169526.179012491	1851885.6142970833	[Prot]PEPT256	PEPT256	2
File5	P00087	Gene_257	False	0.005130566459305632	0.013169652410343883	5057618.865876201	60126598.191785246	1856352.8414737543	[Prot]PEPT257	PEPT257	4
File2	P00066	Gene_258	False	0.017529978290234328	0.0010922323304405634	2137244.0150856622	369358.53942553495	157306.65877693208	[Prot]PEPT258	PEPT258	4
File2	P00079	Gene_259	False	0.00771921071194879	0.01981198155834489	21760569.352348793	307462.7272582592	101011.55661409833	[Prot]PEPT259	PEPT259	4
File1	P00015	Gene_260	False	0.018776840963582772	0.00239834164379261	10200069.69314965	621877.6419727235	275405.5004576743	[Prot]PEPT260	PEPT260	2
File4	P00116	Gene_261	False	0.016593983400391636	0.0011700555821804114	8380189.023177111	378536.8194409262	957495.4674710226	[Prot]PEPT261	PEPT261	2
File7	P00060	Gene_262	False	0.0022899258230817355	0.0036216286748108595	960270.5452406511	5227064.304701786	83231.58465512781	[Prot]PEPT262	PEPT262	3
File6	P00088	Gene_263	False	0.013121956318281176	0.012551703229982772	630478.1962141884	4618239.293068561	138623.92521700513	[Prot]PEPT263	PEPT263	4
File4	P00117	Gene_264	False	0.016322836957207893	0.004035826535991407	9166035.031337991	1786240.8981641964	177724.00445471625	[Prot]PEPT264	PEPT264	3
File7	P00101	Gene_265	False	0.002152908606148487	0.009396815867191375	4655664.465112591	9316069.156596715	252365.51018851454	[Prot]PEPT265	PEPT265	4
File6	P00078	Gene_266	False	0.018773317464266345	0.015629308384137394	4152464.2760494305	513356.39358311694	507313.153451234	[Prot]PEPT266	PEPT266	4
File1	P00048	Gene_267	False	0.0014757576724484856	0.01994431590221931	31518126.18228406	1801824.5415542203	324453.39870502683	[Prot]PEPT267	PEPT267	3
File5	P00040	Gene_268	False	0.00649711887000177	0.0057417764706930805	6204742.2781958785	656829.894682141	851927.6517968269	[Prot]PEPT268	PEPT268	4
File5	P00100	Gene_269	False	0.01527122378099896	0.01266939783752338	2546909.2970785457	204547.86034472572	124438.08197493805	[Prot]PEPT269	PEPT269	2
File2	P00109	Gene_270	False	0.009577371804385164	0.006512684138998928	1578894.761725393	3857439.116547394	1081758.6950753112	[Prot]PEPT270	PEPT270	3
File7	P00091	Gene_271	False	0.000922390051171953	0.006555380214107631	6902238.567451192	377963.8303536497	397092.2719637832	[Prot]PEPT271	PEPT271	2
File3	P00010	Gene_272	False	0.005370593716198249	0.010375643516060618	56228457.0641287	175022.31571304856	56653.2630851508	[Prot]PEPT272	PEPT272	3
File4	P00048	Gene_273	False	0.007923113417420444	0.015452252296845322	19761878.4156702	1614164.8104467567	2600924.683655742	[Prot]PEPT273	PEPT273	4
File1	P00079	Gene_274	False	0.019860216747144017	0.015388054278836326	1445159.7982335975	802792.9841624147	247672.2934471422	[Prot]PEPT274	PEPT274	3
File1	P00075	Gene_275	False	0.016845223446201266	0.017521665136700285	4467174.58949975	962116.9074436395	980515.3017694553	[Prot]PEPT275	PEPT275	2
File1	P00120	Gene_276	False	0.006246758511493547	0.015145404583896023	12988781.45124858	1588306.3055245827	274065.3196108418	[Prot]PEPT276	PEPT276	3
File2	P00003	Gene_277	False	0.01665056737503756	0.012853858294207437	2640844.1340133986	5016053.6775316065	321548.49695993843	[Prot]PEPT277	PEPT277	4
File4	P00017	Gene_278	False	0.016316280419760795	0.017206019431913744	9720298.359270966	233821.3141323397	425792.32803403004	[Prot]PEPT278	PEPT278	4
File1	P00083	Gene_279	False	0.003757151800388463	0.018065372267580725	1848874.975138035	801837.2342256331	109159.60036143081	[Prot]PEPT279	PEPT279	4
File7	P00021	Gene_280	False	0.0017713833632868382	0.01264053272068337	14976633.529805008	27052414.131153017	94682.41796620523	[Prot]PEPT280	PEPT280	2
File7	P00087	Gene_281	False	0.01839473626499286	0.015840126585159018	1872289.6416371723	337996.49657513294	48751.13879958976	[Prot]PEPT281	PEPT281	2
File1	P00007	Gene_282	False	0.018203175354992485	0.015439863900541284	4514908.582408934	10794269.090173837	483497.74550245766	[Prot]PEPT282	PEPT282	3
File2	P00076	Gene_283	False	0.012595403226045023	0.010877952514862423	24993825.809221935	4754116.335441649	252915.47409925883	[Prot]PEPT283	PEPT283	3
File1	P00053	Gene_284	False	0.004809923778588516	0.009314099318593573	1132622.2984986324	287796.5795627166	82337.52634305158	[Prot]PEPT284	PEPT284	2
File6	P00045	Gene_285	False	0.017478230630887784	0.017910057908913556	1029653.0514490937	2948812.2507727984	221729.75206608372	[Prot]PEPT285	PEPT285	2
File1	P00046	Gene_286	False	0.016759047795348182	0.012648411439748397	7542779.607023408	937122.3897027877	814200.6345443858	[Prot]PEPT286	PEPT286	2
File1	P00089	Gene_287	False	0.019612252663853195	0.01181983980894609	1113602.6984222864	541538.34749618	1324754.9586177706	[Prot]PEPT287	PEPT287	3
File8	P00012	Gene_288	False	0.010242991008664161	0.010690916257286924	21730619.03178418	2614675.8926925603	1606190.0206463635	[Prot]PEPT288	PEPT288	3
File3	P00100	Gene_289	False	0.008999887548018438	0.008088610599453929	6703054.076135669	61900.41585317871	328292.30034073914	[Prot]PEPT289	PEPT289	2
File6	P00017	Gene_290	False	0.00901036991511719	0.019625448287156795	4643002.144949556	6875734.708417464	837312.0377236466	[Prot]PEPT290	PEPT290	4
File5	P00034	Gene_291	False	0.01990679676900213	0.010315307104470038	2820016.800490999	6262702.388657412	18229.626140841578	[Prot]PEPT291	PEPT291	2
File1	P00016	Gene_292	False	0.008905343948628916	0.01642083394299207	13802000.22068662	369557.6237915283	3313270.1835500537	[Prot]PEPT292	PEPT292	2
File5	P00103	Gene_293	False	0.009917347345885239	0.0005857408616692217	32172878.729893923	406034.5522153894	122013.48136580795	[Prot]PEPT293	PEPT293	4
File8	P00071	Gene_294	False	0.01635040643626342	0.00770261277172352	58653.0175425979	1480907.462237082	50256.758292176724	[Prot]PEPT294	PEPT294	4
File3	P00109	Gene_295	False	0.010653347576116993	0.0026342322616582647	4203161.116474276	534481.3032955907	328029.9663389916	[Prot]PEPT295	PEPT295	2
File4	P00062	Gene_296	False	0.016796162316880137	0.0013321501372692834	726513.6202959949	792300.4112706456	7393.036923468599	[Prot]PEPT296	PEPT296	2
File5	P00115	Gene_297	False	0.01211667134156883	0.009139717043394138	39470308.000773296	3759138.219089618	137721.44379411792	[Prot]PEPT297	PEPT297	3
File4	P00002	Gene_298	False	0.0014069511578357697	0.019182543084847625	5557292.171788442	273166.9238423595	197266.85776622783	[Prot]PEPT298	PEPT298	3
File2	P00105	Gene_299	False	0.0074976391901936034	0.004913877328561354	1862017.5852858373	806907.9964425766	155464.09264305656	[Prot]PEPT299	PEPT299	3
File4	P00040	Gene_300	False	0.007285207708612709	0.005243314395843484	5364630.980514094	27840.30195836084	17519.261035331532	[Prot]PEPT300	PEPT300	4
File4	P00057	Gene_301	False	0.012853578969126919	0.013961319719930473	8371168.1877159355	618132.2778258871	4305421.6843051165	[Prot]PEPT301	PEPT301	4
File5	P00110	Gene_302	False	0.0002552154743559809	0.007093319074696986	11964777.110419385	506388.82645165414	27706.44966161292	[Prot]PEPT302	PEPT302	3
File5	P00035	Gene_303	False	0.0050677365918551185	0.0014288102798800573	12881654.925219953	688819.8006758896	218104.08168934565	[Prot]PEPT303	PEPT303	4
File4	P00103	Gene_304	False	0.014332386345113428	0.016029385532822953	14819123.212393064	819572.6275526097	516995.3874693614	[Prot]PEPT304	PEPT304	2
File5	P00120	Gene_305	False	0.009948519186897316	0.016980639507349262	12623186.26587808	560882.3652823404	1585121.193254632	[Prot]PEPT305	PEPT305	2
File6	P00031	Gene_306	False	0.010740434978788157	0.003077483822950553	2655709.5557392444	2474649.1428613225	706102.9801980798	[Prot]PEPT306	PEPT306	3
File6	P00052	Gene_307	False	0.017053336861483172	0.010394455594846579	2278047.1685743467	1141379.382856099	44496.250249680066	[Prot]PEPT307	PEPT307	4
File2	P00062	Gene_308	False	0.01588439808409897	0.007099294315054503	2751624.606868383	1437740.6554922643	961048.2788770517	[Prot]PEPT308	PEPT308	2
File1	P00002	Gene_309	False	0.01334032339378563	0.013675988939261283	534693.2404334175	740103.5243283055	48062.89366221449	[Prot]PEPT309	PEPT309	3
File8	P00068	Gene_310	False	0.0166360143692242	0.0014402410260122634	17750342.63990606	1951624.5632137014	1044640.1333071823	[Prot]PEPT310	PEPT310	2
File3	P00046	Gene_311	False	0.015440859712512736	0.009005622646467716	11413579.836781524	2854539.967193902	167267.65546797478	[Prot]PEPT311	PEPT311	2
File7	P00073	Gene_312	False	0.0017417332112675621	0.01711031626718151	17161414.650715146	182074.20997533662	30938.575043739682	[Prot]PEPT312	PEPT312	4
File7	P00114	Gene_313	False	0.014702230961940501	0.0016128313972352726	12226289.443302061	362256.98445646215	1690454.4006986278	[Prot]PEPT313	PEPT313	4
File8	P00032	Gene_314	False	0.016076969700876045	0.012618432811457128	4481579.104815935	177826.00923098443	208411.82545214467	[Prot]PEPT314	PEPT314	4
File6	P00022	Gene_315	False	0.019280027609826215	0.0009281123723471341	13254642.385548895	1768044.7464302357	450357.5794227961	[Prot]PEPT315	PEPT315	3
File2	P00066	Gene_316	False	0.009608596377612336	0.0006287131693638215	4760241.801939887	309914.72187117545	172217.530614137	[Prot]PEPT316	PEPT316	2
File8	P00032	Gene_317	False	0.013151034188377817	0.019037122928244873	3840470.048754723	160069.593309437	110372.30540963606	[Prot]PEPT317	PEPT317	3
File7	P00026	Gene_318	False	0.010192386825937916	0.010674819160649014	12727948.416435879	564747.7686993093	157070.83480778316	[Prot]PEPT318	PEPT318	2
File7	P00094	Gene_319	False	0.003231881115947715	0.00864832006926011	19360547.67558672	7884480.31771708	307082.6728747716	[Prot]PEPT319	PEPT319	4
File3	P00035	Gene_320	False	0.0004889589192367505	0.003031158334227333	918023.3220177623	946149.658341506	955808.9809717932	[Prot]PEPT320	PEPT320	2
File3	P00033	Gene_321	False	0.0023085153396596183	0.003032070500545392	8704872.600920666	9825983.57034092	7544015.448566902	[Prot]PEPT321	PEPT321	2
File3	P00023	Gene_322	False	0.009688574115590116	0.0014067377598282428	1454552.904617882	158895.25642623068	442188.8668932709	[Prot]PEPT322	PEPT322	4
File4	P00098	Gene_323	False	0.01176030289883295	0.005978757851945078	634555.6929406567	4884702.480798666	70492.96595418389	[Prot]PEPT323	PEPT323	2
File5	P00068	Gene_324	False	0.007513436152774837	0.0013089861845970274	2357639.3271055287	340432.7418115563	552046.5175250449	[Prot]PEPT324	PEPT324	4
File2	P00076	Gene_325	False	0.0022620455880089764	0.007140559266850511	66971009.65301485	1683827.4390537415	749146.0791113271	[Prot]PEPT325	PEPT325	3
File1	P00017	Gene_326	False	0.0197792354922271	0.004657346293777307	677128.3758713505	2862310.2309876382	227067.2664186686	[Prot]PEPT326	PEPT326	4
File2	P00002	Gene_327	False	0.01846700910386936	0.007546029961718559	1002545.6282868497	1590523.1926388745	159629.68336630112	[Prot]PEPT327	PEPT327	3
File8	P00087	Gene_328	False	0.0026027123090274417	0.018820404838696493	984281.4543220376	225410.72024575257	35065.20639190676	[Prot]PEPT328	PEPT328	2
File4	P00036	Gene_329	False	0.004443959160221822	0.009189044868729727	5811718.728345099	4325535.548388168	79527.87441675628	[Prot]PEPT329	PEPT329	2
File5	P00016	Gene_330	False	0.004216301130723124	0.00033322683047402266	482075.9454544838	2733078.868915864	77965.28084177435	[Prot]PEPT330	PEPT330	3
File2	P00095	Gene_331	False	0.00021877472006808895	0.008095409765791572	640990.7723846593	1109641.8707196454	133387.19744968312	[Prot]PEPT331	PEPT331	3
File2	P00027	Gene_332	False	0.0012789533144397524	0.01690263307031823	1479629.0639898053	10227402.3833085	221077.70733639953	[Prot]PEPT332	PEPT332	3
File2	P00075	Gene_333	False	0.01163602797180669	0.01973101736982371	652565.6919638581	134520.3485581176	128211.77074635371	[Prot]PEPT333	PEPT333	2
File4	P00112	Gene_334	False	0.0013307041227605021	0.0049266880398078005	117062277.53207582	410889.60888725304	342128.1019150053	[Prot]PEPT334	PEPT334	4
File8	P00102	Gene_335	False	0.016334056840088203	0.013934186883277902	3944957.5538059445	2898158.0595420077	109453.14065650906	[Prot]PEPT335	PEPT335	3
File6	P00007	Gene_336	False	0.007369752363029975	0.015117413566178248	1325920.401747983	1301856.5368626467	261784.5666580397	[Prot]PEPT336	PEPT336	3
File4	P00059	Gene_337	False	0.002267045882074423	0.010680503716614947	3232878.9207790447	898033.3182775646	204896.67357122566	[Prot]PEPT337	PEPT337	4
File4	P00060	Gene_338	False	0.01840979982682227	0.013156085508603641	18398193.463821772	4850885.296247904	48354.33085952884	[Prot]PEPT338	PEPT338	3
File4	P00080	Gene_339	False	0.004708974591373773	0.0016589249292377063	4534816.2383644115	3534653.116396589	417004.30999440653	[Prot]PEPT339	PEPT339	4
File4	P00040	Gene_340	False	0.017879613377990038	0.018071632057149737	20875408.551549632	3968305.7710720166	477209.1712186666	[Prot]PEPT340	PEPT340	4
File8	P00036	Gene_341	False	0.019576502795872086	0.017372985667175607	2819386.564792114	616123.465040132	1471882.0523571838	[Prot]PEPT341	PEPT341	4
File1	P00090	Gene_342	False	0.009451329467458039	0.007343037585952508	2376622.5405533	4550914.408039546	418054.8431782863	[Prot]PEPT342	PEPT342	4
File2	P00109	Gene_343	False	0.0192960802719667	0.01458118686610482	101585026.76360686	347879.71105721913	186626.0021859911	[Prot]PEPT343	PEPT343	3
File8	P00113	Gene_344	False	0.018211595583541407	0.01860905008429352	3376787.976738025	478834.18824475	364972.75743738504	[Prot]PEPT344	PEPT344	3
File7	P00077	Gene_345	False	0.011676994579595975	0.008130220511562522	1388003.530876916	635901.5553790452	347274.9044066708	[Prot]PEPT345	PEPT345	4
File7	P00115	Gene_346	False	0.008808618716123753	0.012490915445168733	11110882.032729136	690136.8432362647	351588.64462331554	[Prot]PEPT346	PEPT346	2
File6	P00047	Gene_347	False	0.012096382799653187	0.000763110331338226	1047006.8094029013	376031.6724092888	900270.7349337601	[Prot]PEPT347	PEPT347	2
File5	P00063	Gene_348	False	0.004141176754837448	0.013293089106296419	22791873.079428136	2206490.5244353986	1498359.256817566	[Prot]PEPT348	PEPT348	4
File7	P00006	Gene_349	False	0.007068866857515514	0.003730171294591809	2554917.3901021495	15913391.425153675	2691796.8413145123	[Prot]PEPT349	PEPT349	4
File8	P00101	Gene_350	False	0.008682718274408948	0.018985854114789893	214228.71034385057	4864903.711484509	108024.03584413076	[Prot]PEPT350	PEPT350	2
File7	P00012	Gene_351	False	0.012791126113699224	0.017857921270877423	706667.4286503978	793978.4669520763	71088.70542708729	[Prot]PEPT351	PEPT351	3
File7	P00068	Gene_352	False	0.015740449433183406	0.006476005074710514	34135385.905858666	1642446.7720247218	173914.5450676839	[Prot]PEPT352	PEPT352	2
File7	P00088	Gene_353	False	0.01666420853623183	0.007793538396575432	2015905.0403680333	23412383.106509507	166412.8005260715	[Prot]PEPT353	PEPT353	3
File1	P00106	Gene_354	False	0.016071897897354744	0.011559722902246532	7522936.299021287	91747.14593625758	606623.8440565297	[Prot]PEPT354	PEPT354	4
File6	P00077	Gene_355	False	0.019845666198524826	0.01910222456425955	11755029.284258068	8003160.0945245065	761196.9493756267	[Prot]PEPT355	PEPT355	4
File4	P00017	Gene_356	False	0.015814749496861	0.005394420703136751	304277.8153208265	1266143.4720055289	751301.1327172648	[Prot]PEPT356	PEPT356	4
File7	P00096	Gene_357	False	0.00262271811484986	0.00017528793790678066	1112487.305910422	6481361.332197891	26274.29164768277	[Prot]PEPT357	PEPT357	2
File8	P00031	Gene_358	False	0.018765198777350327	0.001180919703656118	13203165.855748735	437415.651973822	1028582.4057819244	[Prot]PEPT358	PEPT358	3
File2	P00015	Gene_359	False	0.006285719935523173	0.0024929082957090443	706808.7613175458	1297116.1954877153	67188.46325753756	[Prot]PEPT359	PEPT359	2
File5	P00116	Gene_360	False	0.00889484308789498	0.01493211387915707	899886.009225797	56889.824797258836	664509.4015107617	[Prot]PEPT360	PEPT360	3
File8	P00079	Gene_361	False	0.0030247260037677436	0.002395407716197311	226169.92054264498	791269.7331482791	1146150.279508123	[Prot]PEPT361	PEPT361	2
File3	P00045	Gene_362	False	1.4190154991160498e-05	0.017924993432290832	5166353.428587407	507339.51095943496	2248735.195248884	[Prot]PEPT362	PEPT362	2
File3	P00096	Gene_363	False	0.00896906250491555	0.011400102571914837	1828777.9856551792	7664953.796080528	397882.6074706369	[Prot]PEPT363	PEPT363	3
File4	P00084	Gene_364	False	0.018885105550934707	0.004353746559757266	1502868.822872587	746981.5156729587	5587279.742307294	[Prot]PEPT364	PEPT364	4
File1	P00046	Gene_365	False	0.013033486397839458	0.01678002947633112	3318130.003899674	500937.246365064	569865.0908033828	[Prot]PEPT365	PEPT365	3
File2	P00094	Gene_366	False	0.01985992187954483	0.013071075269256808	21412535.16911448	934493.5473295302	59775.74512942283	[Prot]PEPT366	PEPT366	2
File4	P00013	Gene_367	False	0.014811712465853465	0.013705700999552758	40721176.63209766	163151.76292646633	2351910.5899766954	[Prot]PEPT367	PEPT367	2
File5	P00083	Gene_368	False	0.019401323215587327	0.013906311698586417	24348238.260035995	445370.9432566654	20969.227977349557	[Prot]PEPT368	PEPT368	3
File8	P00096	Gene_369	False	0.019452504725524036	0.005873145216326206	1411738.3923667043	311096.7428271757	245797.1296647658	[Prot]PEPT369	PEPT369	3
File2	P00083	Gene_370	False	0.00468156403040433	0.012437662259030622	17208148.44947734	1483485.1053004402	244209.29736266128	[Prot]PEPT370	PEPT370	4
File7	P00037	Gene_371	False	0.012435395773775471	0.007582422533885937	9380796.08215883	538270.4982355628	6022856.030738746	[Prot]PEPT371	PEPT371	3
File1	P00108	Gene_372	False	0.012538928102121812	0.010270746317134084	1633964.2862995856	2142809.337196917	134110.46477625647	[Prot]PEPT372	PEPT372	3
File4	P00018	Gene_373	False	0.01357262016932118	0.012935411020503247	1835610.5804069862	439590.0777810181	479290.5303103555	[Prot]PEPT373	PEPT373	4
File4	P00085	Gene_374	False	0.014677918119911978	0.01282897522988859	11807904.18961246	1474744.4528507001	123158.30166526901	[Prot]PEPT374	PEPT374	4
File5	P00074	Gene_375	False	0.009811751681272676	0.012033376388619422	6011650.264420464	4605266.604789128	1144974.812752704	[Prot]PEPT375	PEPT375	2
File6	P00028	Gene_376	False	0.017540517800302344	0.007207219111463515	221840090.8003413	509173.7806643418	666125.6938154246	[Prot]PEPT376	PEPT376	3
File3	P00008	Gene_377	False	0.0026465251490435902	0.015606331849209483	1896628.6157945879	3081626.4082259038	100408.0729631201	[Prot]PEPT377	PEPT377	4
File4	P00101	Gene_378	False	0.0040355458355966455	0.0034584482584388734	7089522.147421807	16219876.482362647	841141.5606511988	[Prot]PEPT378	PEPT378	3
File4	P00077	Gene_379	False	0.01535337290365739	0.012976971851609675	3009677.250795831	7130376.471367869	278542.34888352366	[Prot]PEPT379	PEPT379	2
File2	P00012	Gene_380	False	0.01491407034876639	0.00717098080738497	7957625.580608036	1237307.5601109937	255672.91147350043	[Prot]PEPT380	PEPT380	2
File5	P00082	Gene_381	False	0.003781015575828599	0.0003483656737664176	2883530.5691209533	1630221.897254371	514222.9416176202	[Prot]PEPT381	PEPT381	3
File7	P00093	Gene_382	False	0.0017182583082417603	0.0073857958633417225	4139102.8515824396	2309484.2195537523	452169.71446980693	[Prot]PEPT382	PEPT382	3
File5	P00030	Gene_383	False	0.019721415771139547	0.019061039230496596	66113851.5784002	410900.3393252671	98551.81451855479	[Prot]PEPT383	PEPT383	4
File8	P00023	Gene_384	False	0.002368836106619452	0.0032594123222675943	8665844.380657723	266698.70156524616	966799.3026272008	[Prot]PEPT384	PEPT384	3
File2	P00119	Gene_385	False	0.013921934992549585	0.0013653385625724157	14296541.379517632	895230.9515312698	234804.3944004571	[Prot]PEPT385	PEPT385	4
File3	P00038	Gene_386	False	0.005849760919191522	0.0013981028962067898	12728199.767392453	112170.74039545386	673259.9960291265	[Prot]PEPT386	PEPT386	3
File1	P00033	Gene_387	False	0.014537041896762913	0.011651076500120676	4040969.191600712	2555330.6460864656	115536.46741292781	[Prot]PEPT387	PEPT387	4
File8	P00065	Gene_388	False	0.014402427482865604	0.018060092172829716	3797981.2312270696	617249.7126275244	415390.09895134595	[Prot]PEPT388	PEPT388	4
File2	P00087	Gene_389	False	0.003555106279242466	0.014476912797736635	11601526.62779031	5115698.572173814	220238.85344002437	[Prot]PEPT389	PEPT389	3
File5	P00088	Gene_390	False	0.013886486121121469	0.015815049322210013	868227.2269475299	561346.8247266938	16394.22599488107	[Prot]PEPT390	PEPT390	3
File1	P00033	Gene_391	False	0.012908464894676097	0.006656227055425743	2575265.2200635867	5407665.11700942	65908.49178679983	[Prot]PEPT391	PEPT391	4
File3	P00010	Gene_392	False	0.006306851950749688	0.0022025736686748522	1860991.4873124321	1761493.5162991884	436335.05087052763	[Prot]PEPT392	PEPT392	3
File6	P00088	Gene_393	False	0.017041762479721098	0.01951000237489876	22361017.309016045	533290.7390707426	67555.65421586853	[Prot]PEPT393	PEPT393	2
File5	P00094	Gene_394	False	0.005929603470744069	0.0101926999978399	3188274.048560521	2600392.0544425906	256033.4982613943	[Prot]PEPT394	PEPT394	4
File2	P00067	Gene_395	False	0.017191168003341886	0.007952773359434733	5643589.699227989	548873.2104883196	337209.89388694096	[Prot]PEPT395	PEPT395	4
File6	P00113	Gene_396	False	0.004731928446412406	0.008263349243940067	1189462.9931569828	14577759.141342059	472736.2490493124	[Prot]PEPT396	PEPT396	4
File2	P00027	Gene_397	False	0.006333962339872594	0.008375049577884427	7415587.253089118	567986.3399058799	192440.0365597437	[Prot]PEPT397	PEPT397	4
File8	P00030	Gene_398	False	0.0165260519204924	0.002784003355626059	37231818.956734836	400566.7391604203	169382.84999757644	[Prot]PEPT398	PEPT398	3
File4	P00094	Gene_399	False	0.01388040845588039	0.01893311284986697	864273.7248051498	472486.3892058918	722739.2448706828	[Prot]PEPT399	PEPT399	2
File3	P00049	Gene_400	False	0.013768868481136681	0.017702797016993836	972723.991055838	2461574.034997168	263770.5976322958	[Prot]PEPT400	PEPT400	2
File2	P00027	Gene_401	False	0.0032448110329647653	0.006346911000355422	7504781.273636979	193374.09013643293	76818.72337662903	[Prot]PEPT401	PEPT401	2
File4	P00069	Gene_402	False	0.0006969634998237951	0.0198096679831415	3211083.06871602	195843.2064210705	382027.540494114	[Prot]PEPT402	PEPT402	4
File6	P00010	Gene_403	False	0.01520334252719066	0.00799570784852335	59751950.00171102	5700299.70287622	256334.93875950394	[Prot]PEPT403	PEPT403	2
File4	P00061	Gene_404	False	0.002375491100457954	0.011031453037934933	2877353.64410126	1845480.5231147045	227521.73031080468	[Prot]PEPT404	PEPT404	3
File7	P00036	Gene_405	False	0.015236754582028222	0.014037804488169324	8916687.393819604	1148514.0752632646	75467.19849520957	[Prot]PEPT405	PEPT405	2
File6	P00070	Gene_406	False	0.008295970481251455	0.0008319500655960611	2956473.734969722	359208.7266290044	200030.4490214349	[Prot]PEPT406	PEPT406	3
File8	P00035	Gene_407	False	0.015734101404376977	0.016061145272306968	208503.78462570766	1186453.1116299282	502714.4979039584	[Prot]PEPT407	PEPT407	4
File4	P00010	Gene_408	False	0.008747788633594463	0.01104596443627146	8314671.990780951	7152330.697549402	299276.63792163646	[Prot]PEPT408	PEPT408	3
File3	P00072	Gene_409	False	0.010805863205084266	0.014180679926948386	7980219.20223512	8974393.51742616	238560.1744888395	[Prot]PEPT409	PEPT409	4
File5	P00080	Gene_410	False	0.013745179786641167	0.0071651574366355525	3471041.078469722	2340432.3992127734	306609.0161389495	[Prot]PEPT410	PEPT410	3
File4	P00051	Gene_411	False	0.018828078849951004	0.016894348616631038	2861259.795231824	3063793.8251185347	985764.7815437618	[Prot]PEPT411	PEPT411	3
File5	P00115	Gene_412	False	0.016492678907093522	0.011306631127093318	2064846.0125787111	449972.02763972594	2575375.756648907	[Prot]PEPT412	PEPT412	4
File5	P00019	Gene_413	False	0.012449242850667088	0.017162369509821508	590870.8958771493	44791.77936760484	42255.13847472252	[Prot]PEPT413	PEPT413	3
File6	P00005	Gene_414	False	0.01393226774773671	0.01077728912097771	1573430.509916562	266785.1208724905	141577.2065117962	[Prot]PEPT414	PEPT414	3
File4	P00091	Gene_415	False	0.016133824912681387	0.0058712594491857305	6790110.277829935	1614731.7613169323	603830.1366772653	[Prot]PEPT415	PEPT415	3
File3	P00072	Gene_416	False	0.018700892586010633	0.01805144024311349	6546412.582376507	548817.5162856657	7601784.55912048	[Prot]PEPT416	PEPT416	4
File7	P00071	Gene_417	False	0.016642576906506938	0.0002587202453219173	3482660.023276198	3287459.0115125263	3953031.611256951	[Prot]PEPT417	PEPT417	4
File5	P00042	Gene_418	False	0.009484773538866832	0.014627667215651901	12295544.264556143	8358425.682661616	55763.59256763393	[Prot]PEPT418	PEPT418	3
File8	P00044	Gene_419	False	0.005782949395825811	0.010489490248989942	24143139.25983466	429788.6965439815	42752.0646605395	[Prot]PEPT419	PEPT419	2
File4	P00110	Gene_420	False	0.005449835440468704	0.0006109758227791917	931643.8427963204	1701867.1767187458	224901.19332808434	[Prot]PEPT420	PEPT420	4
File4	P00009	Gene_421	False	0.008505773850565588	0.0028627847728195156	8874923.301477648	1949676.2465520394	481640.74302871485	[Prot]PEPT421	PEPT421	2
File2	P00018	Gene_422	False	0.00024993027039677874	0.0021328193304440825	1488550.1732612315	540149.3991289864	281273.6515374073	[Prot]PEPT422	PEPT422	2
File6	P00032	Gene_423	False	0.011056460770529814	0.0034047948037232833	978481.1805398365	3431809.5089612915	407820.7501836153	[Prot]PEPT423	PEPT423	3
File8	P00054	Gene_424	False	0.01565776178885998	0.01127844879567078	810555.0886842769	285826.5947348364	270201.9366219994	[Prot]PEPT424	PEPT424	2
File7	P00033	Gene_425	False	0.0008527150542810013	0.017176837293255934	6118995.232531054	1037383.2758369057	147293.60942396658	[Prot]PEPT425	PEPT425	2
File8	P00063	Gene_426	False	0.01719874954262844	0.018222636218978763	1859082.4711597892	291036.9777321812	175798.71076071772	[Prot]PEPT426	PEPT426	3
File8	P00022	Gene_427	False	0.01378999010768304	0.007659957296947386	6625959.68347967	788816.7772490685	390639.91565405426	[Prot]PEPT427	PEPT427	3
File4	P00067	Gene_428	False	0.008840085899475405	0.0071469009482927025	19705758.27365129	116716.47816246907	42673.21675531181	[Prot]PEPT428	PEPT428	2
File7	P00022	Gene_429	False	0.009292882691573787	0.00711879630097564	379006.614560846	7664064.904335074	7150145.240276901	[Prot]PEPT429	PEPT429	2
File4	P00009	Gene_430	False	0.0034337908255191317	0.0019975906386614684	6595499.648184252	12361383.010018975	659706.8698183132	[Prot]PEPT430	PEPT430	3
File5	P00029	Gene_431	False	0.0023853709752091	0.008919544776076123	5225957.353892651	846915.8151588123	975193.7949099701	[Prot]PEPT431	PEPT431	4
File6	P00065	Gene_432	False	0.00040783572913361877	0.016181745332576915	403508.843457966	1871146.0636562766	167238.87046047908	[Prot]PEPT432	PEPT432	4
File3	P00050	Gene_433	False	0.0024270591188998193	0.0013858589835266666	1114730.3381556182	396008.25385448855	120561.34212833937	[Prot]PEPT433	PEPT433	2
File7	P00054	Gene_434	False	0.008147743392215408	0.018695665887622673	38871294.53282714	225597.60859986275	91870.35027832267	[Prot]PEPT434	PEPT434	4
File5	P00098	Gene_435	False	0.002878147067799728	0.019420088257429427	2489500.5624077693	193600.78218247052	20841.182902724246	[Prot]PEPT435	PEPT435	2
File2	P00023	Gene_436	False	0.018644021508644342	0.0123574146129477	1218644.3415466545	258525.72690776284	416811.5753395312	[Prot]PEPT436	PEPT436	3
File1	P00085	Gene_437	False	0.006166203137470079	0.0024543628848364384	3391946.38842413	843663.8301140156	42737.116187066036	[Prot]PEPT437	PEPT437	2
File8	P00063	Gene_438	False	0.006680698983866007	0.006015598350149123	1362658.6422962055	864108.1547339212	174496.16134593743	[Prot]PEPT438	PEPT438	4
File6	P00003	Gene_439	False	0.006383743047715111	0.019043972044205215	8915363.472991737	2210324.3624672024	70317.80216351693	[Prot]PEPT439	PEPT439	4
File6	P00078	Gene_440	False	0.018501775299233664	0.01017453309038503	130870.6667890854	118629.1454161974	177370.472357185	[Prot]PEPT440	PEPT440	4
File1	P00005	Gene_441	False	0.011173342983333183	0.0023332022176917834	1961069.3802250864	413933.1883010553	836832.2559485284	[Prot]PEPT441	PEPT441	2
File3	P00120	Gene_442	False	0.0175499291526261	0.00893172625212656	5334140.207170393	2024380.1934329523	238232.40673820602	[Prot]PEPT442	PEPT442	2
File3	P00099	Gene_443	False	0.015123363400533659	0.01749852103683313	17279108.697453175	1076004.1191449338	377508.3989004739	[Prot]PEPT443	PEPT443	3
File7	P00026	Gene_444	False	0.010904108609552187	0.013566280722699614	1578447.491726115	364910.08288797	1856498.4729383057	[Prot]PEPT444	PEPT444	2
File1	P00040	Gene_445	False	0.015022615105915878	0.013622254882831466	26691232.898011092	270581.94232600264	37101.66037479887	[Prot]PEPT445	PEPT445	2
File5	P00021	Gene_446	False	0.008252608223880846	0.004822589808838496	18363524.969365217	571390.8378442929	398581.0073785942	[Prot]PEPT446	PEPT446	2
File3	P00120	Gene_447	False	0.013151614727051002	0.010654005113498979	1869302.6821831048	1010601.4100395993	167458.2274747531	[Prot]PEPT447	PEPT447	3
File3	P00059	Gene_448	False	0.0006072547274499796	0.014842000891030532	2264784.089314481	227950.69958150273	428640.0570222952	[Prot]PEPT448	PEPT448	4
File4	P00058	Gene_449	False	0.007005721953196931	0.019097011594042687	2232663.9749193382	2404927.493338473	258563.32561624842	[Prot]PEPT449	PEPT449	3
File3	P00088	Gene_450	False	0.01941713045488621	0.00975213223236759	2361324.0545732793	7646794.156652076	390955.517503613	[Prot]PEPT450	PEPT450	4
File3	P00064	Gene_451	False	0.006183929165175642	0.0196296375607	80379423.16090274	9639428.471193353	435120.3835254675	[Prot]PEPT451	PEPT451	4
File2	P00002	Gene_452	False	0.006929137176723803	0.014516638912540281	3864687.7211898873	1208902.5701978342	131742.92040277334	[Prot]PEPT452	PEPT452	2
File6	P00001	Gene_453	False	0.011174835606952092	8.702234216298566e-05	328631.51466138416	732884.4456738579	155391.61376634863	[Prot]PEPT453	PEPT453	3
File3	P00048	Gene_454	False	0.004433357741451394	0.01474439472163718	8599105.446592206	1445903.4424712844	1317386.3391406902	[Prot]PEPT454	PEPT454	4
File1	P00026	Gene_455	False	0.017279486446952593	0.01857031006020093	23953574.389455613	2570178.7997112195	184286.5867111373	[Prot]PEPT455	PEPT455	3
File8	P00029	Gene_456	False	0.011338881368447438	0.018944418827076367	6105769.580164178	1289583.6456137595	1975587.501062174	[Prot]PEPT456	PEPT456	3
File5	P00005	Gene_457	False	0.013327207596474678	0.01716993694541636	2323388.111757645	1566917.9420702865	53323.031008097554	[Prot]PEPT457	PEPT457	4
File1	P00092	Gene_458	False	0.016359533261272766	0.019197975259892214	22016363.063103266	669688.5808820918	384887.3814171983	[Prot]PEPT458	PEPT458	2
File8	P00090	Gene_459	False	0.012577688229641303	0.01988473955855638	27473281.517802488	864316.2198301725	1264306.3514234342	[Prot]PEPT459	PEPT459	2
File7	P00024	Gene_460	False	0.012510282547279998	0.000489013673791563	308598.5488727302	1688865.7857888364	306753.23689244076	[Prot]PEPT460	PEPT460	4
File8	P00034	Gene_461	False	0.0024902612764738153	0.010266096177028854	21702284.230989523	5965109.342802225	204050.45286988709	[Prot]PEPT461	PEPT461	2
File2	P00010	Gene_462	False	0.01629805438223174	0.010689833865557316	2704925.9745922354	2044190.7841966243	2068141.1012602628	[Prot]PEPT462	PEPT462	2
File4	P00002	Gene_463	False	0.006384132323806211	0.002182438059114369	249136.1846847464	655792.7132824349	288929.34338242054	[Prot]PEPT463	PEPT463	2
File8	P00110	Gene_464	False	0.014862210054025767	0.019074943027360874	4459222.935875151	416583.3027320048	897236.0979638423	[Prot]PEPT464	PEPT464	4
File1	P00023	Gene_465	False	0.007677887586994987	0.01547767128557271	62309392.669729196	3622853.4708997514	111474.51732944344	[Prot]PEPT465	PEPT465	4
File7	P00006	Gene_466	False	0.0028432650921889893	0.009610715568781056	1207053.841074832	1570535.2840812216	162225.5112413086	[Prot]PEPT466	PEPT466	3
File2	P00114	Gene_467	False	0.006557221047441215	0.015674975848280842	1373209.4565857926	276841.6213004603	153190.32017850343	[Prot]PEPT467	PEPT467	3
File8	P00001	Gene_468	False	0.003657890723609778	0.007888391528838008	5795583.780466503	748774.3815669842	212339.1665270013	[Prot]PEPT468	PEPT468	3
File7	P00018	Gene_469	False	0.012273324647924912	0.008984663896049653	31100128.280077267	2702267.6461650655	43147.63452586293	[Prot]PEPT469	PEPT469	3
File7	P00014	Gene_470	False	0.0027915130248447385	0.010724901094552352	1578566.9364143708	301929.28520309075	574846.863651245	[Prot]PEPT470	PEPT470	2
File3	P00069	Gene_471	False	0.010475258339979577	0.015719652619410048	1053640.0944292266	2736110.9452635422	438985.16345353145	[Prot]PEPT471	PEPT471	4
File7	P00040	Gene_472	False	0.0007400235557815904	0.00780429530828451	3097690.283049735	10669775.6953306	9123.341940996861	[Prot]PEPT472	PEPT472	3
File7	P00080	Gene_473	False	0.019262040518707786	0.0026209298330756737	3598341.9205270195	1124204.8940055624	303132.15802085155	[Prot]PEPT473	PEPT473	3
File5	P00073	Gene_474	False	0.010187280447906203	0.013045398582783918	11165923.65366623	1737808.2050130423	63936.99575549964	[Prot]PEPT474	PEPT474	2
File5	P00119	Gene_475	False	0.0019651799509713365	0.011781781321317505	270969.91156768874	305908.9373449712	127844.3406696311	[Prot]PEPT475	PEPT475	4
File7	P00090	Gene_476	False	0.01273263453564856	0.009633319055772957	2223685.8812941564	447361.5316690046	1150005.3495245115	[Prot]PEPT476	PEPT476	4
File8	P00045	Gene_477	False	0.004818164904432718	0.004153866465831169	8374978.917047154	4239359.651441945	641600.5497103943	[Prot]PEPT477	PEPT477	2
File4	P00061	Gene_478	False	0.019516875371019395	0.0028541847395057674	13731778.083360158	81508.8972319835	219589.29800076046	[Prot]PEPT478	PEPT478	4
File3	P00060	Gene_479	False	0.008087831073960262	0.016151395145301294	3360882.62332367	1061180.5472483838	1153258.5910316105	[Prot]PEPT479	PEPT479	2
File4	P00015	Gene_480	False	1.251263529511215e-05	0.005920373328853437	1535525.6307992884	2136870.736031164	1338800.050794717	[Prot]PEPT480	PEPT480	2
File3	P00035	Gene_481	False	0.006523204866799055	0.013224498789460396	1781843.509568096	920835.0330259982	64390.834855865585	[Prot]PEPT481	PEPT481	4
File2	P00018	Gene_482	False	0.00960481535400482	0.015183970973086025	2955710.832957426	273448.3250521436	6041462.456576574	[Prot]PEPT482	PEPT482	2
File7	P00105	Gene_483	False	0.009482731865038832	0.012050456852331326	4879649.34110675	329965.92479860183	559619.8120849879	[Prot]PEPT483	PEPT483	3
File7	P00089	Gene_484	False	0.009946982108782525	0.0017840422169104464	2105786.265517101	2594092.0327190445	367506.97269555856	[Prot]PEPT484	PEPT484	3
File8	P00050	Gene_485	False	0.013973133267587737	0.003168198658756176	4247585.742195134	681210.8637120579	860891.934614075	[Prot]PEPT485	PEPT485	4
File8	P00061	Gene_486	False	0.007561291765053211	0.012196027989759651	14102023.02097686	1036644.1025834	272678.38118739426	[Prot]PEPT486	PEPT486	3
File6	P00008	Gene_487	False	0.0012745019507417622	0.009644454812372017	230222.66564574707	5776782.558639633	138614.8940449466	[Prot]PEPT487	PEPT487	2
File5	P00024	Gene_488	False	0.018779592211287534	0.018068803837407225	1146281.3581655507	5223365.331827962	288482.8662193706	[Prot]PEPT488	PEPT488	3
File1	P00085	Gene_489	False	0.004077553125558615	0.018367189221684083	2173719.2153913868	197022.04599438098	121049.94334677765	[Prot]PEPT489	PEPT489	2
File8	P00078	Gene_490	False	0.008437288039348437	0.0024827160843900863	1508252.0150692943	2321899.02129304	342003.0968954282	[Prot]PEPT490	PEPT490	3
File1	P00097	Gene_491	False	0.009970546481641982	0.013385026439876165	1096861.3381104532	784561.6013180146	132792.21799060298	[Prot]PEPT491	PEPT491	4
File8	P00061	Gene_492	False	0.006864594800315491	0.007482287331218387	21629535.816512868	2827344.0256224573	103368.59147327542	[Prot]PEPT492	PEPT492	4
File2	P00096	Gene_493	False	0.01906508635183634	0.004348345584425815	560278.5269086488	1322956.0694043098	70561.05874973584	[Prot]PEPT493	PEPT493	3
File7	P00043	Gene_494	False	0.01974227854314136	0.014542752301587891	665079.7517794349	971414.4277728959	441461.1412611538	[Prot]PEPT494	PEPT494	3
File7	P00086	Gene_495	False	0.01662942128081972	0.01834161868112422	1440042.8209266276	4284568.670277282	80796.01489407444	[Prot]PEPT495	PEPT495	3
File8	P00097	Gene_496	False	0.011515689060142498	0.01877674944018292	11127604.399384221	2448913.5275190477	76675.79356046864	[Prot]PEPT496	PEPT496	2
File3	P00007	Gene_497	False	0.0028008313113365357	0.019084580052560432	11492753.165548386	5051005.162740103	88229.43667745506	[Prot]PEPT497	PEPT497	4
File8	P00117	Gene_498	False	0.019401984678928327	0.0009644726209777011	2132205.633910006	296764.19946385326	83028.47747325279	[Prot]PEPT498	PEPT498	3
File4	P00089	Gene_499	False	0.011717924844723216	0.012246870957093727	2797994.849133916	419647.17616420053	123145.97121804561	[Prot]PEPT499	PEPT499	3
File6	P00110	Gene_500	False	0.008253807498421459	0.015260775171557557	5433789.674528708	8175628.740419682	163015.91402949466	[Prot]PEPT500	PEPT500	3
File2	P00112	Gene_501	False	0.0013445603237162262	0.011264164417835999	4587363.612391434	5092247.718901655	117861.11623060323	[Prot]PEPT501	PEPT501	2
File8	P00009	Gene_502	False	0.0014187318242361857	0.0176496953754636	924854.7575547105	1549147.7529505794	753209.7023316326	[Prot]PEPT502	PEPT502	2
File4	P00007	Gene_503	False	0.013438295364315797	0.012106809656672917	2181812.736252045	347995.00046040607	31218.19585123283	[Prot]PEPT503	PEPT503	4
File8	P00079	Gene_504	False	0.016653942589521867	0.00025142669315479036	7056593.964250647	694628.8957124918	94802.91851245934	[Prot]PEPT504	PEPT504	4
File8	P00031	Gene_505	False	0.008900448817350852	0.0053615287496590345	1571863.7274145638	6513137.248398243	1224387.1456499188	[Prot]PEPT505	PEPT505	3
File3	P00102	Gene_506	False	0.009754850792410752	0.018070323594679045	2555773.259702997	48760.89151953776	34028.051898126665	[Prot]PEPT506	PEPT506	4
File1	P00103	Gene_507	False	0.005804059655337846	0.016537954416808404	13955526.686171649	5705996.583278001	1516925.187566023	[Prot]PEPT507	PEPT507	2
File5	P00049	Gene_508	False	0.01613241816140614	0.005015391528312963	10141271.885795318	1404251.2928524439	39189.573723069705	[Prot]PEPT508	PEPT508	3
File1	P00029	Gene_509	False	0.0066889179471492114	0.0094376054192301	1523733.0195179782	61462.941783638125	500486.3973102508	[Prot]PEPT509	PEPT509	3
File1	P00073	Gene_510	False	0.019603614003140483	0.01318570682114635	4350665.156884565	495064.7692300829	2697476.821699919	[Prot]PEPT510	PEPT510	2
File7	P00089	Gene_511	False	0.011819002691027822	0.0056843814059474185	12163556.584384434	1311397.2467288815	83764.90959781776	[Prot]PEPT511	PEPT511	4
File1	P00109	Gene_512	False	0.004448511302440726	0.016299016887015957	73949.77071676333	6670359.374584966	165838.25101882746	[Prot]PEPT512	PEPT512	4
File2	P00002	Gene_513	False	0.00256125919502731	0.005411777846612862	10597133.214156257	288391.1556224926	220654.04759116928	[Prot]PEPT513	PEPT513	2
File3	P00036	Gene_514	False	0.009128335531026778	0.017443255434032516	1576644.4193052978	1494276.1240622245	1436266.642061348	[Prot]PEPT514	PEPT514	2
File5	P00111	Gene_515	False	0.017664496816736475	0.013398413720118296	544527.8466825751	37644.61088324931	41749.995749785114	[Prot]PEPT515	PEPT515	2
File7	P00023	Gene_516	False	0.0011629474877622337	0.002719072587377729	5447029.765568697	1057746.591236997	1045438.9281740981	[Prot]PEPT516	PEPT516	3
File8	P00061	Gene_517	False	0.0035956998691358158	0.004748506405959165	400062.52096519445	1652916.662804445	79497.0136588229	[Prot]PEPT517	PEPT517	2
File3	P00120	Gene_518	False	0.005407288955566363	0.0017751391052686371	67707008.85685737	65562.34424297683	617635.0206505996	[Prot]PEPT518	PEPT518	3
File1	P00075	Gene_519	False	0.018431440127989866	5.890313186356577e-05	867987.2612880638	21834829.27561176	639733.826036017	[Prot]PEPT519	PEPT519	4
File3	P00093	Gene_520	False	0.006289515409473578	0.019114510442667033	5815703.884331386	4413081.076459362	119537.61656785877	[Prot]PEPT520	PEPT520	3
File6	P00111	Gene_521	False	0.00500094715630026	0.012561900010411646	821805.0402183895	621298.1559167115	461386.6084451054	[Prot]PEPT521	PEPT521	2
File7	P00036	Gene_522	False	0.004627161339514452	0.019704282929656872	3894655.72458362	1055013.109318269	209750.69709450702	[Prot]PEPT522	PEPT522	2
File2	P00062	Gene_523	False	0.015604733153809091	0.011474347759452354	1491365.8878639652	1240865.4787017961	58570.33326119779	[Prot]PEPT523	PEPT523	3
File6	P00050	Gene_524	False	0.017639660007972093	0.013818554205466023	46909078.3214365	43007.746602285646	22014.183493030756	[Prot]PEPT524	PEPT524	4
File8	P00027	Gene_525	False	0.010120193660377608	0.009467578866761783	2216518.237286745	538119.7080846668	157100.27212500543	[Prot]PEPT525	PEPT525	3
File5	P00116	Gene_526	False	0.006814048238775515	0.0115935936925688	2567064.583808732	559959.7904021228	389215.80044428934	[Prot]PEPT526	PEPT526	2
File8	P00016	Gene_527	False	0.00627002449787919	0.003289452221316249	4837381.706646996	365805.62851385016	2871555.124879337	[Prot]PEPT527	PEPT527	2
File7	P00018	Gene_528	False	0.0009032957880792525	0.007377815746329108	31446915.077370163	4921933.789717143	706317.1278355076	[Prot]PEPT528	PEPT528	3
File3	P00097	Gene_529	False	0.011712863252640775	0.006355261096277407	47927652.16667184	62663228.79004248	777966.4429116759	[Prot]PEPT529	PEPT529	4
File7	P00002	Gene_530	False	0.0026987709182243447	0.002715884320902049	2649516.480362288	1357139.5824252674	228357.8187846298	[Prot]PEPT530	PEPT530	2
File2	P00103	Gene_531	False	0.012198990403907458	0.01865822130754208	2624249.3011985132	1483697.659548116	111534.6868855326	[Prot]PEPT531	PEPT531	2
File1	P00113	Gene_532	False	0.00675514676387494	0.0036099793080111376	2141987.3921362245	476290.12171899644	1624430.3753418778	[Prot]PEPT532	PEPT532	2
File3	P00070	Gene_533	False	0.019894045233365888	0.012881326603459881	3326719.0974531407	581476.5464127118	1268920.6773763876	[Prot]PEPT533	PEPT533	3
File2	P00004	Gene_534	False	0.0069255933361751995	0.011733194472045858	2367030.6305837147	19126135.222312197	19298.87448907521	[Prot]PEPT534	PEPT534	2
File2	P00058	Gene_535	False	0.003995094449306471	0.002115322144797143	1552234.5185919714	1581620.567740303	21044.2043336407	[Prot]PEPT535	PEPT535	4
File3	P00081	Gene_536	False	0.014924131230445104	0.01490208254263655	577723.990552616	847162.9365784413	347304.810887694	[Prot]PEPT536	PEPT536	4
File3	P00047	Gene_537	False	0.0002821612547250174	0.019369205130355387	2851237.2605875344	14389168.17510228	3622.0969491957026	[Prot]PEPT537	PEPT537	3
File7	P00041	Gene_538	False	0.007770313721670554	0.003761484787770193	21159276.409812924	347501.35141009145	123758.07297873894	[Prot]PEPT538	PEPT538	2
File4	P00022	Gene_539	False	0.017613261321748112	0.012860243859117399	1038711.0760220924	7893998.521112443	88302.29256716678	[Prot]PEPT539	PEPT539	4
File3	P00081	Gene_540	False	0.012706169705785227	0.014215676800461654	9214575.749512302	1404417.6931699575	109178.09702445842	[Prot]PEPT540	PEPT540	3
File5	P00004	Gene_541	False	0.012245476558206793	0.009968465911985538	10470297.068833476	529644.5369949426	62402.79143349968	[Prot]PEPT541	PEPT541	4
File8	P00012	Gene_542	False	0.00956582426102497	0.01564901665361495	1610756.2153589055	1769155.7801096376	190885.6917901705	[Prot]PEPT542	PEPT542	4
File4	P00084	Gene_543	False	0.01084062508822825	0.018063286607656884	435347.9294209574	541534.2053029345	3543975.7015739554	[Prot]PEPT543	PEPT543	4
File4	P00047	Gene_544	False	0.0015771715552538557	0.004560726175394732	899735.3216452961	480304.51516276854	375783.37905707606	[Prot]PEPT544	PEPT544	4
File3	P00059	Gene_545	False	0.0029326354571505855	0.007980887345270875	2982745.5109347594	8004816.420507431	833579.3082699301	[Prot]PEPT545	PEPT545	4
File2	P00017	Gene_546	False	0.0015579908424514688	0.01738433327510642	142817128.73903286	1202716.6873414267	24301.63961867284	[Prot]PEPT546	PEPT546	4
File5	P00081	Gene_547	False	0.012185848325128796	0.01700888938797051	6816242.834843408	4097903.3345909435	1146662.5585119976	[Prot]PEPT547	PEPT547	4
File7	P00010	Gene_548	False	0.019124355651908814	0.0146122949936122	987863.8644469357	668977.3077605442	76570.85098481124	[Prot]PEPT548	PEPT548	3
File6	P00102	Gene_549	False	0.009541439145419096	0.008636286050370241	3758025.2152396585	6381173.63169486	2025599.6763980757	[Prot]PEPT549	PEPT549	3
File1	P00049	Gene_550	False	0.005043735739708757	0.005862609157727903	12802292.944238693	4395222.449193777	193611.22112992537	[Prot]PEPT550	PEPT550	2
File4	P00032	Gene_551	False	0.014074236665681113	0.013496174243918553	12049299.73346018	431950.86411129544	151184.8457183234	[Prot]PEPT551	PEPT551	4
File4	P00030	Gene_552	False	0.004299932724777142	0.011839415527740878	3464798.0248270277	2294364.937260457	215170.7630122179	[Prot]PEPT552	PEPT552	3
File7	P00001	Gene_553	False	0.017522897558158036	0.008573733717324832	3193594.123824976	1425007.9402862235	144444.8928473457	[Prot]PEPT553	PEPT553	3
File4	P00087	Gene_554	False	0.013629407074347746	0.010130605258275005	5108301.634660641	87006.889263556	805458.9860188462	[Prot]PEPT554	PEPT554	2
File5	P00029	Gene_555	False	0.010709691216225581	0.003385804605649179	3472735.0916534625	1241285.1895112924	36437.871242792025	[Prot]PEPT555	PEPT555	2
File6	P00003	Gene_556	False	0.0012497578422940548	0.012438989496736205	15571440.756336274	383134.3757775454	803203.3373686664	[Prot]PEPT556	PEPT556	4
File6	P00019	Gene_557	False	0.009695265141912743	0.00024017114398474648	1849499.3889636227	1700833.4289118773	329006.2756026083	[Prot]PEPT557	PEPT557	2
File1	P00063	Gene_558	False	0.016245370385502233	0.0010094387154367145	8450795.95609742	1947529.6656736264	120379.88787231149	[Prot]PEPT558	PEPT558	3
File4	P00092	Gene_559	False	0.010339664896225606	0.016385767472218083	2329463.0212009493	1640210.8902710115	112070.27250138011	[Prot]PEPT559	PEPT559	3
File1	P00094	Gene_560	False	0.0023077901571199357	0.008068102449189355	2667215.512702488	1085210.528925436	12258.163473895162	[Prot]PEPT560	PEPT560	3
File5	P00041	Gene_561	False	0.008765437499512448	0.01549738806682143	3844131.7381778476	937794.4704473426	311477.9728534183	[Prot]PEPT561	PEPT561	2
File3	P00099	Gene_562	False	0.003981886250834356	0.015614083804647641	251111.8474402912	618112.0052152214	57889.25176716092	[Prot]PEPT562	PEPT562	3
File7	P00062	Gene_563	False	0.004413968858819231	0.008208972533018732	23757890.26614154	12095556.869252361	1497268.4070562636	[Prot]PEPT563	PEPT563	3
File1	P00032	Gene_564	False	0.012853552577902192	0.012663768755968011	17875604.347632714	3389104.992424351	2603560.8899965454	[Prot]PEPT564	PEPT564	3
File2	P00064	Gene_565	False	0.008574502314081004	0.006342611389276158	5330454.259167671	7698965.598065118	59206.75156427678	[Prot]PEPT565	PEPT565	4
File7	P00007	Gene_566	False	0.014407191384287348	0.009011692682597994	12593037.488694653	4115107.990756618	417163.138192907	[Prot]PEPT566	PEPT566	4
File8	P00117	Gene_567	False	0.014384494628385909	0.008139727926769107	31397023.684579086	7380176.11506685	172409.94831573934	[Prot]PEPT567	PEPT567	2
File1	P00102	Gene_568	False	0.003939848373752259	0.008440677148535055	591353.2060569773	23667657.42486194	665071.1812380435	[Prot]PEPT568	PEPT568	3
File3	P00062	Gene_569	False	0.007896932106834982	0.009735495762316885	15309356.448610744	2839337.2683608457	668020.0824819814	[Prot]PEPT569	PEPT569	4
File3	P00032	Gene_570	False	0.011182035238276749	0.013351869575032791	1547797.742074256	283203.181092998	284719.93544792064	[Prot]PEPT570	PEPT570	3
File1	P00063	Gene_571	False	0.008361300133801451	0.0010211645973030171	8342754.7832574565	255863.88248373356	819770.2263618443	[Prot]PEPT571	PEPT571	4
File8	P00032	Gene_572	False	0.0064389930380716635	0.01795288242505912	9842711.767875172	1766399.2486007516	366461.73214736977	[Prot]PEPT572	PEPT572	2
File5	P00070	Gene_573	False	0.012709131106138064	0.0024482847569906774	1560664.8185440064	187760.64050128375	879947.5956057366	[Prot]PEPT573	PEPT573	4
File2	P00006	Gene_574	False	0.0034456449084714104	0.004247402216312684	1565427.9917585899	339756.35991886543	104291.96460810832	[Prot]PEPT574	PEPT574	2
File7	P00070	Gene_575	False	0.010899959515529158	0.00017290232919799697	4963372.58829535	935013.5698767406	85736.19815704918	[Prot]PEPT575	PEPT575	2
File1	P00078	Gene_576	False	0.011208230268500319	0.014392337752625294	39431819.92978371	912651.1263001381	3802967.3088547126	[Prot]PEPT576	PEPT576	3
File3	P00009	Gene_577	False	0.0011711215974362689	0.017440412748155037	5555137.471434753	1048268.0971831013	162142.93465262774	[Prot]PEPT577	PEPT577	2
File5	P00044	Gene_578	False	0.012994709253279942	0.003163594158084664	13771834.275100952	1820843.0573988021	116083.75066784628	[Prot]PEPT578	PEPT578	3
File5	P00090	Gene_579	False	0.003375292395330203	0.01351966414310438	3958094.290128393	1094484.2423959484	738227.7076429536	[Prot]PEPT579	PEPT579	2
File3	P00046	Gene_580	False	0.017388509236344336	0.012808555482361126	11067786.575593231	506334.8831972576	112255.99939337323	[Prot]PEPT580	PEPT580	3
File7	P00010	Gene_581	False	0.013835740090283797	0.008016582420687524	1688992.7542411785	2601458.4795888956	5255565.050210642	[Prot]PEPT581	PEPT581	4
File8	P00020	Gene_582	False	0.011561556913958717	0.007902515934433522	1911722.5891091437	1831885.6919250637	98377.85459775696	[Prot]PEPT582	PEPT582	2
File4	P00094	Gene_583	False	0.0036037090230853844	0.0009766019807607674	3000616.491608547	2367332.8357981616	106402.00743605067	[Prot]PEPT583	PEPT583	3
File8	P00029	Gene_584	False	0.011924429926664938	0.016038196752876547	349405.8965193434	609628.1868503232	2592163.5744958837	[Prot]PEPT584	PEPT584	3
File5	P00050	Gene_585	False	0.0030246198817464134	0.011464270234953042	9032029.289579898	710741.2909816046	1311557.2446726046	[Prot]PEPT585	PEPT585	4
File3	P00069	Gene_586	False	0.008897995343382242	0.016805631308579684	164010.16918314825	2072706.9440377287	642140.3361343624	[Prot]PEPT586	PEPT586	4
File4	P00079	Gene_587	False	0.0036480882897734455	0.012507007915969258	414994.6845859497	247233.38344168593	168594.214233652	[Prot]PEPT587	PEPT587	2
File2	P00025	Gene_588	False	0.012114432528300361	0.0012807417529767484	1471509.5948623049	879163.7095286605	40774.466862663	[Prot]PEPT588	PEPT588	3
File3	P00095	Gene_589	False	0.015022702237453243	0.001788905201857911	4252644.268864794	7617673.710783354	146639.055884996	[Prot]PEPT589	PEPT589	4
File5	P00078	Gene_590	False	0.0180530467708592	0.01878471339175802	9126287.921279058	155436.07713663374	35976.07706545504	[Prot]PEPT590	PEPT590	4
File4	P00094	Gene_591	False	0.0021449673579572526	0.011530700075828453	1610870.1151964986	3501617.527153895	18407.815257658567	[Prot]PEPT591	PEPT591	3
File6	P00074	Gene_592	False	0.010315909317827025	0.015572052093688862	7870393.145834934	882195.0736455071	473964.0506429648	[Prot]PEPT592	PEPT592	3
File3	P00042	Gene_593	False	0.006805384366447613	0.0074193855821967514	12443104.815866388	1991414.4866427204	53386.91307701195	[Prot]PEPT593	PEPT593	3
File4	P00068	Gene_594	False	0.01088441054257451	0.019880647686145645	3123251.998276467	5195422.066319953	997217.5200835046	[Prot]PEPT594	PEPT594	3
File1	P00070	Gene_595	False	0.004246286027410082	0.003140932814338453	10463846.969917282	386187.4683808976	7812042.981292361	[Prot]PEPT595	PEPT595	4
File7	P00052	Gene_596	False	0.014352894476577383	0.006777228267584583	3251586.417720796	2618823.062058991	888439.2917307331	[Prot]PEPT596	PEPT596	2
File1	P00110	Gene_597	False	0.01822374358764306	0.010153530095973728	1129993.7945681836	794922.9684656612	584517.521020843	[Prot]PEPT597	PEPT597	3
File2	P00005	Gene_598	False	0.003148455716629204	0.015325066472689244	2450784.667548978	1224858.8257497456	923900.8634841086	[Prot]PEPT598	PEPT598	3
File5	P00004	Gene_599	False	0.01074940938793262	0.010005539009177425	127417.48879317706	535592.9470983957	16035.421186094405	[Prot]PEPT599	PEPT599	4
File2	P00072	Gene_600	False	0.010025787789225336	0.0021105067523343	18649224.70905823	158859.1194526934	237822.28413450514	[Prot]PEPT600	PEPT600	4
File4	P00013	Gene_601	False	0.010127765800948053	0.0006646944401663402	11370877.682238279	1608987.066153148	168985.00464143732	[Prot]PEPT601	PEPT601	3
File3	P00053	Gene_602	False	0.005490588892671413	0.012227291374238405	14397012.691729099	5429282.4750670865	129719.80269948923	[Prot]PEPT602	PEPT602	4
File7	P00022	Gene_603	False	0.012766991158421826	0.016205742009036947	4471832.63435312	2959801.4754808224	1497874.8918262087	[Prot]PEPT603	PEPT603	3
File5	P00112	Gene_604	False	0.01286659331102745	0.008245812653326627	90087204.2532237	3556391.7112915553	6767608.299281642	[Prot]PEPT604	PEPT604	2
File5	P00027	Gene_605	False	0.010606188436883384	0.013826102920098313	10369369.479726162	188895.04093818678	503362.2107636446	[Prot]PEPT605	PEPT605	3
File8	P00073	Gene_606	False	0.017150621429720722	0.007770591152548601	10948945.45425922	1821727.0192337574	75100.07175145394	[Prot]PEPT606	PEPT606	2
File4	P00088	Gene_607	False	0.013081318917353275	0.009655127561533361	2190447.563697505	2314769.679854755	690877.5926451504	[Prot]PEPT607	PEPT607	3
File3	P00004	Gene_608	False	0.014193752769454743	0.009597517584152046	15071649.124052463	399374.0456622512	775053.4525022892	[Prot]PEPT608	PEPT608	4
File4	P00048	Gene_609	False	0.010547111833531478	0.013448056776054143	1676424.982223782	3268658.409962647	90139.71317380106	[Prot]PEPT609	PEPT609	2
File7	P00038	Gene_610	False	0.006943362715419494	0.005348476153939876	47372432.02851737	2509999.398279288	525493.0658505069	[Prot]PEPT610	PEPT610	3
File4	P00098	Gene_611	False	0.0049743098096048976	0.001847615997744061	13050712.59079827	10664269.601331746	642140.3810587637	[Prot]PEPT611	PEPT611	3
File2	P00022	Gene_612	False	0.005511676709514801	0.011979076824365609	4377764.14215041	1794521.5520850706	1333923.7449293411	[Prot]PEPT612	PEPT612	2
File8	P00118	Gene_613	False	0.008269741951735098	0.014076521174194558	28915567.79818743	3291365.010805115	523737.85711888253	[Prot]PEPT613	PEPT613	2
File8	P00041	Gene_614	False	0.012311237583295147	0.014166438036196986	16406102.465066573	896739.4018900351	35328.99562264931	[Prot]PEPT614	PEPT614	2
File7	P00091	Gene_615	False	0.018564077001104705	0.014128748464419732	1489001.8244338527	6152429.259771916	80738.10720685088	[Prot]PEPT615	PEPT615	4
File5	P00059	Gene_616	False	0.007335979852781231	0.0033973852117490533	15824979.358037585	7203927.828425138	339938.7339044174	[Prot]PEPT616	PEPT616	2
File5	P00039	Gene_617	False	0.000700050964513399	0.017079018686041853	5801366.787089424	209171.63406333217	483488.3238127402	[Prot]PEPT617	PEPT617	3
File5	P00035	Gene_618	False	0.0026435777602240385	0.018909932312691946	8922986.820682982	1674087.5901924053	242058.9635146653	[Prot]PEPT618	PEPT618	2
File5	P00030	Gene_619	False	0.004604170125431197	0.002849876738310837	6566604.669235889	1070720.0011832742	233172.44237729235	[Prot]PEPT619	PEPT619	4
File6	P00008	Gene_620	False	0.014538199525924474	0.0030512305515133665	2650093.771018945	356370.93637608393	356143.78588439117	[Prot]PEPT620	PEPT620	4
File6	P00034	Gene_621	False	0.007794305413400591	0.019845344964898374	2923595.9671647903	567999.7970426988	380983.28132163035	[Prot]PEPT621	PEPT621	4
File7	P00058	Gene_622	False	0.003570692623356491	0.007436505105770368	1147347.0255323306	588272.0880275096	2146577.0483187004	[Prot]PEPT622	PEPT622	2
File7	P00020	Gene_623	False	0.012464988168653893	0.011551180332324426	1766998.0055051714	170551.03645062013	400946.8454452083	[Prot]PEPT623	PEPT623	4
File3	P00019	Gene_624	False	0.01250534151318442	0.011298845541260703	4418463.678063532	1933964.4432223842	820588.5992763233	[Prot]PEPT624	PEPT624	4
File7	P00080	Gene_625	False	0.01878024395268079	0.01872130454931208	24662272.01851843	9688669.207444452	232239.00581864678	[Prot]PEPT625	PEPT625	4
File8	P00047	Gene_626	False	0.010256449741944642	0.009719739216499147	75507413.3399511	58061.328902876834	60608.522939989656	[Prot]PEPT626	PEPT626	2
File1	P00094	Gene_627	False	0.013943568381929892	0.001329866488981295	9949291.535122711	4022148.1240274287	175905.9048627295	[Prot]PEPT627	PEPT627	4
File3	P00004	Gene_628	False	0.00952620267974219	0.011719854053471592	3541806.2066922802	113483.00102657394	513627.5202544514	[Prot]PEPT628	PEPT628	4
File3	P00084	Gene_629	False	0.004942419813635528	0.0043746984348639	1038140.6369235737	9108714.975638706	236536.4300240776	[Prot]PEPT629	PEPT629	4
File3	P00029	Gene_630	False	0.00017343453112241835	0.011172986693247004	3084920.342143571	1328632.9696451651	1415515.061945267	[Prot]PEPT630	PEPT630	4
File4	P00081	Gene_631	False	0.0031245791571340932	0.016546991444289266	7443354.0293890005	822548.98321974	585181.3699765652	[Prot]PEPT631	PEPT631	3
File8	P00040	Gene_632	False	0.014458460967516745	0.006674005117090915	21416847.983189587	1102514.1377756756	728787.0031161468	[Prot]PEPT632	PEPT632	2
File5	P00092	Gene_633	False	0.017539652083109453	0.002890060200156539	5562264.679652768	2644666.70250345	754049.4958110314	[Prot]PEPT633	PEPT633	3
File5	P00068	Gene_634	False	0.0035377060787581296	0.00966408525990759	5020301.1628505625	1636203.1288576026	311303.72894991183	[Prot]PEPT634	PEPT634	3
File4	P00037	Gene_635	False	0.01453123481754895	0.01074904679814452	1249322.8708267245	584292.9347965322	334217.9798674981	[Prot]PEPT635	PEPT635	2
File4	P00021	Gene_636	False	0.014130436429633894	0.001409999152730701	753584.0520046292	260249.19087553202	293250.87545817235	[Prot]PEPT636	PEPT636	3
File4	P00002	Gene_637	False	0.002430380113748132	0.015608954856521738	386754.8631284988	8199292.560915552	370530.4758507347	[Prot]PEPT637	PEPT637	2
File7	P00091	Gene_638	False	0.00844022656158076	0.01305690917796835	7251469.166189264	3686459.9876135006	1037621.0155330269	[Prot]PEPT638	PEPT638	3
File5	P00003	Gene_639	False	0.012608997614638413	0.010750666734543963	2551861.445889305	225022.58724428355	16481.108297043866	[Prot]PEPT639	PEPT639	2
File4	P00111	Gene_640	False	0.012103052468223944	0.009788295362224258	1215241.3023089792	460745.65670426964	140085.3486894479	[Prot]PEPT640	PEPT640	2
File6	P00020	Gene_641	False	0.0013680089500115056	0.0023187176202584103	2652816.86118662	168280.01816869725	1310009.1048060283	[Prot]PEPT641	PEPT641	2
File3	P00060	Gene_642	False	0.011624592159478924	0.009882093023957695	3435222.463158279	363774.2403464839	25375907.197295796	[Prot]PEPT642	PEPT642	2
File7	P00120	Gene_643	False	0.008424633878860234	0.01003989966571444	52443090.82966871	372164.2048379403	206617.05046772587	[Prot]PEPT643	PEPT643	4
File4	P00089	Gene_644	False	0.01881812358779825	0.01956408096319762	1254709.7873505643	289693.7436246138	73914.88885540445	[Prot]PEPT644	PEPT644	4
File2	P00035	Gene_645	False	0.011344883430658577	0.00046169234099898706	549090.218160165	1196853.1952021094	532981.4446158175	[Prot]PEPT645	PEPT645	3
File3	P00062	Gene_646	False	0.014963133400716491	0.018772860742171455	1023404.0753783302	795124.2750035758	125970.1576450463	[Prot]PEPT646	PEPT646	2
File2	P00098	Gene_647	False	0.00947620473795631	0.0007065561259703768	3839316.1481385096	687702.695928295	227292.11533042634	[Prot]PEPT647	PEPT647	3
File5	P00014	Gene_648	False	0.0012032639134205404	0.012714936580772747	870789.4350640078	642108.142129247	231862.71705759855	[Prot]PEPT648	PEPT648	3
File6	P00114	Gene_649	False	0.00044298163861150597	0.01917540352956976	1313137.1272618165	130098.78000227494	25058.768665141197	[Prot]PEPT649	PEPT649	4
File6	P00077	Gene_650	False	0.005291068215599763	0.019889680795455788	12471161.506154582	297423.9044666702	110461.59274146456	[Prot]PEPT650	PEPT650	4
File7	P00092	Gene_651	False	0.008177694041257979	0.007861340137868822	58816843.29197565	7796477.6963850865	891380.4857662463	[Prot]PEPT651	PEPT651	3
File7	P00028	Gene_652	False	0.005173143540428539	0.007171422350983006	1499252.3890771368	1572639.1703736584	66131.89561313616	[Prot]PEPT652	PEPT652	3
File5	P00011	Gene_653	False	0.002389600614696479	0.003155783688106755	723966.2899755085	198045.88936693734	119924.88688071704	[Prot]PEPT653	PEPT653	3
File6	P00075	Gene_654	False	0.017346273589164102	0.009833873385937912	38934755.936805055	436088.47026813694	449846.70518586534	[Prot]PEPT654	PEPT654	2
File6	P00049	Gene_655	False	0.014676152213003658	0.007692092693933101	6055907.346505466	121756.33217939525	87147.19727116523	[Prot]PEPT655	PEPT655	3
File4	P00043	Gene_656	False	0.017781989910657374	0.019380873167093575	1363322.6016247957	523646.8136196889	87009.51507053518	[Prot]PEPT656	PEPT656	3
File4	P00033	Gene_657	False	0.009935913842366011	0.010769522715147908	11643686.685018472	170555.47514231346	165700.5734124086	[Prot]PEPT657	PEPT657	3
File3	P00050	Gene_658	False	0.006749858843812866	0.016640106286477056	312749.0881873247	262011.16786966808	1193687.737772807	[Prot]PEPT658	PEPT658	4
File2	P00053	Gene_659	False	0.012157909391180183	0.007489163976080533	2396633.730880977	250238.60435257	59437.24707920609	[Prot]PEPT659	PEPT659	3
File2	P00003	Gene_660	False	0.003924272879424826	0.0161945228144045	33718834.14804107	461281.52122871054	36459.98914820747	[Prot]PEPT660	PEPT660	4
File6	P00110	Gene_661	False	0.010697348758659518	0.011579209357084863	3344200.2751576207	765271.2660027099	29857.03549689671	[Prot]PEPT661	PEPT661	3
File1	P00046	Gene_662	False	0.01074327929702921	0.013386143599855073	1319179.7467017637	694838.7445649353	1441571.1446821413	[Prot]PEPT662	PEPT662	3
File3	P00056	Gene_663	False	0.0014497927345389218	0.01048714544228159	4612028.845367919	49772.76792878318	85404.85116078817	[Prot]PEPT663	PEPT663	2
File6	P00036	Gene_664	False	0.015544938119557355	0.013720439089579777	492839.2417876353	8132247.603598629	812700.6929554169	[Prot]PEPT664	PEPT664	3
File3	P00036	Gene_665	False	0.019329586070208234	0.013069454017475262	277074116.6058612	361017.2134642302	13920759.993603062	[Prot]PEPT665	PEPT665	3
File2	P00003	Gene_666	False	0.014453794847608722	0.0014652178513972292	8504479.725739785	2885945.407690584	13654.355874589375	[Prot]PEPT666	PEPT666	2
File1	P00103	Gene_667	False	0.009799321983337566	0.005860064417382209	18975653.52577281	123095.50941029206	22478.769566930194	[Prot]PEPT667	PEPT667	3
File3	P00084	Gene_668	False	0.010819495064327	0.013516052401051972	2646940.9101367663	418354.24666563096	740156.3213104928	[Prot]PEPT668	PEPT668	3
File6	P00085	Gene_669	False	0.00843425339163616	0.001810008766272584	5061887.505328083	672311.5428456862	56881.957739171965	[Prot]PEPT669	PEPT669	4
File4	P00068	Gene_670	False	0.01901459091309267	0.0007688811508981198	1079270.7503718045	154657.34777924168	2842778.072670731	[Prot]PEPT670	PEPT670	3
File3	P00075	Gene_671	False	0.0018548383634324783	0.015114016337221443	11214249.895128187	4173219.97552529	1671102.5024829544	[Prot]PEPT671	PEPT671	2
File2	P00069	Gene_672	False	0.019642645457168414	0.009659208719832982	23613799.882742282	3087152.6609752877	633935.1590009885	[Prot]PEPT672	PEPT672	4
File3	P00112	Gene_673	False	0.004783099461384699	0.004002983647643104	6189480.332144043	28966915.38531103	127192.9942846201	[Prot]PEPT673	PEPT673	4
File5	P00007	Gene_674	False	0.0004363083265066625	0.002885933921624746	957374.2637066088	1355218.3718630008	159664.0964392403	[Prot]PEPT674	PEPT674	2
File4	P00028	Gene_675	False	0.005740071648105127	0.00951686181462399	3396573.2761890367	5082619.530306098	293277.9377048717	[Prot]PEPT675	PEPT675	2
File6	P00117	Gene_676	False	0.0120722404996318	0.015296427500227359	4375957.89474881	374521.6810310157	1515206.96898916	[Prot]PEPT676	PEPT676	2
File7	P00116	Gene_677	False	0.015680939929677756	1.725340283340149e-05	2290349.732186568	285795.8286566755	43204.258169581626	[Prot]PEPT677	PEPT677	2
File7	P00069	Gene_678	False	0.004231958331238237	0.012498564149259801	49100933.15776374	1473898.0727557028	1347236.7911295458	[Prot]PEPT678	PEPT678	2
File3	P00052	Gene_679	False	0.00044556910194834434	0.0016749016937864902	374891.6814040314	886012.1205151434	1230065.8409153884	[Prot]PEPT679	PEPT679	3
File6	P00094	Gene_680	False	0.007288261191950936	0.0092133361510408	12086681.024999658	423124.5580773673	198951.7186834118	[Prot]PEPT680	PEPT680	3
File7	P00067	Gene_681	False	0.0019457203670499123	0.012468949901414755	2536112.3565996857	858517.503166567	152639.70994070458	[Prot]PEPT681	PEPT681	2
File8	P00014	Gene_682	False	0.012046605382656943	0.007030211513313305	2045439.9908179236	171528.39925036713	1154633.6537186697	[Prot]PEPT682	PEPT682	3
File8	P00063	Gene_683	False	0.00018681201338440314	0.0016554855202877627	51123161.02025826	332491.9589224965	173926.64270795856	[Prot]PEPT683	PEPT683	4
File2	P00028	Gene_684	False	0.00942822115604186	0.007594146742929559	2492842.2908499436	577289.4218532272	385683.6220997915	[Prot]PEPT684	PEPT684	3
File1	P00083	Gene_685	False	0.015719340184177838	0.0172910411843935	25570278.824387435	7530703.782030046	3347394.6918623224	[Prot]PEPT685	PEPT685	2
File7	P00022	Gene_686	False	0.012696613200786515	0.0035055950413951	3542941.231506707	4843065.682426123	21417.60471645472	[Prot]PEPT686	PEPT686	4
File6	P00062	Gene_687	False	0.005975307887712262	0.012495001656951233	31094159.055927094	364930.46573897864	293482.58279584633	[Prot]PEPT687	PEPT687	3
File8	P00022	Gene_688	False	0.004087230203797634	0.008905866121358423	2569642.634848233	3183671.1098421495	156149.15137780702	[Prot]PEPT688	PEPT688	2
File7	P00001	Gene_689	False	0.0011093188718262125	0.00023867322445265683	2057445.8702611274	1980717.6402029768	172853.19957697418	[Prot]PEPT689	PEPT689	2
File3	P00062	Gene_690	False	0.014920091238709044	0.000882067632920045	10912791.707821757	870512.2708511155	189306.05730762283	[Prot]PEPT690	PEPT690	3
File4	P00027	Gene_691	False	2.88419739188428e-05	0.002613951666994483	4555992.340482316	875146.140825913	676464.8935267046	[Prot]PEPT691	PEPT691	4
File2	P00069	Gene_692	False	0.011865504658052169	0.012754997566186439	6655115.712552767	98835.33510509225	79667.98610765072	[Prot]PEPT692	PEPT692	2
File1	P00062	Gene_693	False	0.0032676012761076877	0.013879855500977036	1497466.1287215133	2202858.206988067	1604148.6819520437	[Prot]PEPT693	PEPT693	2
File3	P00075	Gene_694	False	0.0034744052562424898	0.003554994191572767	1725009.0764788338	1382754.505179719	9999.76979576585	[Prot]PEPT694	PEPT694	2
File2	P00091	Gene_695	False	0.01897768005937503	0.008733614892799295	43545942.69314179	524005.3427142914	79124.99951411852	[Prot]PEPT695	PEPT695	3
File6	P00082	Gene_696	False	0.0008314935874784246	0.008708711523325955	14062411.231089529	3312665.7434544624	518992.47001060535	[Prot]PEPT696	PEPT696	4
File8	P00090	Gene_697	False	0.012657688096678768	0.00037777316099032234	8606482.387039961	436911.91252107435	458107.5360155952	[Prot]PEPT697	PEPT697	2
File8	P00075	Gene_698	False	0.01712553582559968	0.014936168299086115	7025815.488463807	137332.38069217093	57647.62135328618	[Prot]PEPT698	PEPT698	3
File1	P00079	Gene_699	False	0.019289567965324984	0.0003494464897177485	6065081.402678815	1156101.3525069682	746734.7024129953	[Prot]PEPT699	PEPT699	2
File2	P00113	Gene_700	False	0.009270428829754554	0.01063848231182729	3898427.3946394487	871152.692629588	270843.84287741996	[Prot]PEPT700	PEPT700	2
File3	P00081	Gene_701	False	0.0014216414064694715	0.008354603918372942	1307006.9079459761	1939821.826892243	797260.4324866835	[Prot]PEPT701	PEPT701	4
File1	P00081	Gene_702	False	0.018712692233966217	0.01618840221767146	49113363.60507628	99611.2527999599	1838840.0801236765	[Prot]PEPT702	PEPT702	2
File8	P00039	Gene_703	False	0.017561646238799397	0.0160566025938844	2888536.228457298	1670378.959483746	1098047.631582579	[Prot]PEPT703	PEPT703	4
File2	P00112	Gene_704	False	0.0024262646828324777	0.003830868659631801	2478113.4038806465	4040508.2978060357	52411.87100260138	[Prot]PEPT704	PEPT704	4
File7	P00011	Gene_705	False	0.01657041242022452	0.014717350597683912	14954747.044413542	222845.60079036705	4608.113293378268	[Prot]PEPT705	PEPT705	3
File6	P00073	Gene_706	False	0.01231010911881145	0.003473924146953018	3734244.8502795994	4901645.640300061	396122.3306744318	[Prot]PEPT706	PEPT706	4
File6	P00016	Gene_707	False	0.012201730483977704	0.012007979006900388	7786011.097940113	157176.70549493752	80970.39390777404	[Prot]PEPT707	PEPT707	3
File3	P00017	Gene_708	False	0.0016194355566575048	0.012373212717815186	3736225.026842309	989042.142718692	40405.324634170494	[Prot]PEPT708	PEPT708	2
File6	P00004	Gene_709	False	0.008799857176338837	0.004856055663622969	3893041.0737653533	762422.5636195603	70469.63516072887	[Prot]PEPT709	PEPT709	3
File3	P00089	Gene_710	False	0.014373919523946453	0.009924760457191453	15194395.22800233	296751.29439648957	165872.11737509572	[Prot]PEPT710	PEPT710	4
File5	P00079	Gene_711	False	0.01117888910289061	0.0016775874098312537	3111522.991216792	1301944.5331105725	48761.80261149155	[Prot]PEPT711	PEPT711	4
File2	P00063	Gene_712	False	0.0029181413539912594	0.015924203565385226	7214435.368340369	276862.9974629903	754800.9408652316	[Prot]PEPT712	PEPT712	2
File2	P00021	Gene_713	False	0.016391450292446503	0.016568628201368923	4044325.637546132	2527801.144844313	21062.18689132679	[Prot]PEPT713	PEPT713	2
File7	P00120	Gene_714	False	0.011781973016145744	0.01198714636543927	4926690.530555494	250529.22956700705	401872.31249740126	[Prot]PEPT714	PEPT714	3
File3	P00030	Gene_715	False	0.0054539260591763014	0.003776605049128623	24800416.2622696	4737383.027388898	1845776.412436345	[Prot]PEPT715	PEPT715	3
File3	P00119	Gene_716	False	0.011959750299842533	0.017203267035758488	856810.8127141775	523831.93268084846	182659.38336802984	[Prot]PEPT716	PEPT716	4
File7	P00043	Gene_717	False	0.012494610813869076	0.0027420858153513364	1282141.0416722468	524849.6155856441	524989.1241316268	[Prot]PEPT717	PEPT717	3
File4	P00027	Gene_718	False	0.012322897027502545	0.010418617505598908	1865814.3284408508	11203.102597549892	666223.9608128504	[Prot]PEPT718	PEPT718	3
File7	P00015	Gene_719	False	0.004934014123189605	0.0006667445727570764	6505204.792906948	2845336.312071357	142206.30244559958	[Prot]PEPT719	PEPT719	3
File2	P00029	Gene_720	False	0.01967593866008275	0.015300349163280555	89600746.79970253	1100039.5686957212	1054143.997250569	[Prot]PEPT720	PEPT720	2
File5	P00064	Gene_721	False	0.004994884593235061	0.018884017857907155	9367177.755146615	2744109.1529929494	96397.41226838487	[Prot]PEPT721	PEPT721	3
File1	P00023	Gene_722	False	0.016549966297734937	0.013774067362146066	2544285.2929078573	544836.6876872043	23020.879546692002	[Prot]PEPT722	PEPT722	4
File5	P00068	Gene_723	False	0.0023605612150166856	0.00873022433557258	5822138.300365848	2344175.0488486676	8632.155107046863	[Prot]PEPT723	PEPT723	4
File4	P00111	Gene_724	False	0.017016886927503704	0.01368682417734169	16388040.632836912	3471835.14642877	1534215.8741044754	[Prot]PEPT724	PEPT724	3
File2	P00056	Gene_725	False	0.0008694552979347247	0.007240718231006464	5692582.321630951	72560.51227018476	179891.711405458	[Prot]PEPT725	PEPT725	4
File8	P00077	Gene_726	False	0.0064704998680461916	0.004318254004937838	6057667.546243899	699370.7189802716	6476218.98437427	[Prot]PEPT726	PEPT726	4
File2	P00111	Gene_727	False	0.01698428328858782	0.0023570179626827147	32426103.919811953	383579.6482844481	1069224.5435610285	[Prot]PEPT727	PEPT727	2
File5	P00108	Gene_728	False	0.012336600495807409	0.018573198477807445	1546691.7675674362	331478.0533413215	74877.52007573936	[Prot]PEPT728	PEPT728	4
File2	P00093	Gene_729	False	0.010900954027210709	0.019980980745057445	3076317.722489619	1005571.0992068687	120718.98369584518	[Prot]PEPT729	PEPT729	2
File1	P00073	Gene_730	False	0.009790103176664618	0.004750247344057352	18821400.343475606	160278.46049008254	80199.53101418124	[Prot]PEPT730	PEPT730	3
File6	P00004	Gene_731	False	0.009262117604228919	0.0057438933406236585	300032.5371368831	161632.82860748642	1747276.8536598454	[Prot]PEPT731	PEPT731	2
File5	P00069	Gene_732	False	0.008860042428025792	0.003687004886602081	5508785.672080361	332369.7101310851	11138.711270343112	[Prot]PEPT732	PEPT732	4
File4	P00001	Gene_733	False	0.013156892459026306	0.01853902291852633	7392800.923135169	643234.3079628797	633041.9090471555	[Prot]PEPT733	PEPT733	4
File4	P00054	Gene_734	False	0.004135174805853723	0.014537787574741735	743602.2305287354	930434.2309818073	966750.5086929143	[Prot]PEPT734	PEPT734	4
File2	P00047	Gene_735	False	0.00500532187588133	0.011494804915718542	7456814.652536709	6294117.363923196	131937.3077669783	[Prot]PEPT735	PEPT735	4
File1	P00050	Gene_736	False	0.01615716548497277	0.0015197000293487163	2627936.170854826	296313.29321425996	204403.1833968194	[Prot]PEPT736	PEPT736	2
File6	P00032	Gene_737	False	0.008928814089402754	0.0002806734896551499	5555277.693652246	182553.1701954086	22574.60267031506	[Prot]PEPT737	PEPT737	4
File7	P00098	Gene_738	False	0.0015896680165910881	0.01576949018603763	8046162.965467255	36698.09731003914	218716.2280855821	[Prot]PEPT738	PEPT738	2
File5	P00034	Gene_739	False	0.018865474286210427	0.004198020420592836	2581686.097108677	8501678.162155794	138521.65704465532	[Prot]PEPT739	PEPT739	4
File7	P00099	Gene_740	False	0.004454671005058553	0.008252394335955593	21529974.880430967	768626.4483102215	469000.48367424554	[Prot]PEPT740	PEPT740	4
File8	P00069	Gene_741	False	0.0009381993144468992	0.01933070134697682	7863092.096799034	224558.87236934513	121677.86466489526	[Prot]PEPT741	PEPT741	3
File1	P00102	Gene_742	False	0.005498627769829126	0.014070311674303476	3440131.1310011763	3408079.2965880684	203277.93592016853	[Prot]PEPT742	PEPT742	3
File8	P00018	Gene_743	False	0.01979996883836651	0.01315543800596374	5757028.052547511	11228380.740313571	228352.88966443713	[Prot]PEPT743	PEPT743	4
File1	P00102	Gene_744	False	0.005207537630712429	0.013520532727270804	35687880.95962594	751693.3498555109	198357.0879793816	[Prot]PEPT744	PEPT744	4
File3	P00048	Gene_745	False	0.019474020027621906	0.019502460919948464	2270850.1244427618	1889582.702442452	492806.18984217383	[Prot]PEPT745	PEPT745	3
File4	P00006	Gene_746	False	0.012327559891803631	0.009615060619701443	7572323.784190367	952279.8238685064	241399.48208214444	[Prot]PEPT746	PEPT746	3
File4	P00057	Gene_747	False	0.006749346691585694	0.014486379450861803	2048414.1221189531	771061.5275735332	517386.67258597317	[Prot]PEPT747	PEPT747	3
File2	P00098	Gene_748	False	0.006753828268115894	0.006266850118284421	6478458.085776859	248842.43627830633	939104.1115327183	[Prot]PEPT748	PEPT748	3
File7	P00096	Gene_749	False	0.0006945101447602431	0.010589945154143236	17297847.123505127	2075205.8949205175	67618.6364509518	[Prot]PEPT749	PEPT749	3
File6	P00018	Gene_750	False	0.008409982733492624	0.01587290085559063	41331659.0547799	1747545.8988218142	189618.20618926155	[Prot]PEPT750	PEPT750	3
File1	P00006	Gene_751	False	0.009068511951122482	0.01474424769050915	387755.6896010327	85749.75009218574	48819.64717365296	[Prot]PEPT751	PEPT751	4
File5	P00083	Gene_752	False	0.016053273307050923	0.0004577884031537005	2819209.6761209313	74780178.31969379	573384.099307359	[Prot]PEPT752	PEPT752	3
File5	P00098	Gene_753	False	0.006141139590323457	0.005686859209509356	3157751.377550024	2603612.691617316	383790.1957283741	[Prot]PEPT753	PEPT753	3
File4	P00010	Gene_754	False	0.018882228448804574	0.016118084194414593	4062150.694604004	517679.9864847414	263280.9159209172	[Prot]PEPT754	PEPT754	3
File2	P00060	Gene_755	False	0.014905845569057519	0.015078818442965394	123085.97295318454	651939.3612470248	32328.234595819988	[Prot]PEPT755	PEPT755	4
File7	P00036	Gene_756	False	0.01626871215036277	0.012025710878025809	71997.19241506784	174738.11117065285	154504.9669375939	[Prot]PEPT756	PEPT756	4
File1	P00043	Gene_757	False	0.012473627861722495	0.008142042003209764	8903306.582418526	859051.328478432	853592.7924413208	[Prot]PEPT757	PEPT757	3
File2	P00085	Gene_758	False	0.006206805308407441	0.016682085360833137	11159629.378024714	844833.6616678075	152462.19711844073	[Prot]PEPT758	PEPT758	2
File2	P00074	Gene_759	False	0.009616181443023116	0.012530464149579621	10085186.197596466	2619947.7887637513	1173976.2913832942	[Prot]PEPT759	PEPT759	2
File4	P00036	Gene_760	False	0.007985472604866317	0.007917644774629506	1029773.138258175	632622.9027762952	10466.713001920354	[Prot]PEPT760	PEPT760	2
File5	P00008	Gene_761	False	0.015765057726183765	0.019409720366780583	6740778.433744909	1525480.4230089744	293092.10880227544	[Prot]PEPT761	PEPT761	2
File3	P00081	Gene_762	False	0.0023808343200102567	0.01770285452556494	1159412.5034054655	165156.70032372238	276309.35598803737	[Prot]PEPT762	PEPT762	3
File7	P00089	Gene_763	False	0.014595097940082506	0.006580222983475667	7647129.186933969	2956360.5122480583	1503263.5938619354	[Prot]PEPT763	PEPT763	4
File2	P00023	Gene_764	False	0.0029454526519990254	0.008508079854439538	8025777.901705892	830860.2432784622	708117.1261925176	[Prot]PEPT764	PEPT764	3
File1	P00035	Gene_765	False	0.004050027757320958	0.0027465873135190757	4293146.458439103	204992.28857076968	74239.9945712464	[Prot]PEPT765	PEPT765	2
File2	P00077	Gene_766	False	0.007870596725333473	0.018649155987796064	2344391.5107785137	1744173.5556557372	188801.85305836843	[Prot]PEPT766	PEPT766	2
File3	P00086	Gene_767	False	0.01720233630625825	0.0024664725870838056	88259.42193128713	587623.0934468602	622119.5477385322	[Prot]PEPT767	PEPT767	2
File7	P00006	Gene_768	False	0.006390316792211355	0.011398438770389561	329642.07156363374	539582.1573149486	31204.376490731807	[Prot]PEPT768	PEPT768	3
File8	P00109	Gene_769	False	0.012552178292986675	0.005742994090523588	3264557.3731757295	728812.0062581464	1587429.059192176	[Prot]PEPT769	PEPT769	4
File6	P00065	Gene_770	False	0.010490272130088709	0.016525979115660012	2052089.9200128356	167869.17264297427	355890.71414149296	[Prot]PEPT770	PEPT770	3
File4	P00006	Gene_771	False	0.0030405196080683927	0.0026137677158136396	3516417.158018192	355794.28686659137	543062.8265877161	[Prot]PEPT771	PEPT771	3
File6	P00050	Gene_772	False	0.015511119173077294	0.012264572280110143	8987778.876519497	2898532.7390333284	232559.7852733248	[Prot]PEPT772	PEPT772	3
File4	P00112	Gene_773	False	0.009323832784668022	0.011054718002746534	4461766.641641903	435245.55189462367	47208.82016525157	[Prot]PEPT773	PEPT773	3
File2	P00090	Gene_774	False	0.01511816671554296	0.0031738210949161408	2416806.101146665	1687549.5251037856	62397.96126173938	[Prot]PEPT774	PEPT774	4
File2	P00082	Gene_775	False	0.011771288477965863	0.007377404561814749	1003267.7007267612	3011876.8183414894	130234.27410186	[Prot]PEPT775	PEPT775	2
File3	P00085	Gene_776	False	0.0022766792945502147	0.016039351685632437	1487681.9372234042	2987504.262574745	435057.00173439126	[Prot]PEPT776	PEPT776	4
File3	P00087	Gene_777	False	0.004827338620024466	0.007853280919629684	1819123.738372617	1370409.8278104933	1167089.326997942	[Prot]PEPT777	PEPT777	2
File7	P00106	Gene_778	False	0.001969787422347691	0.019743229040822197	328068.1110953137	2847034.2740625357	162312.36363819975	[Prot]PEPT778	PEPT778	4
File2	P00084	Gene_779	False	0.012129440580488237	0.005222250582525725	1332573.538401181	3667500.0849194475	3536811.1382191763	[Prot]PEPT779	PEPT779	4
File8	P00075	Gene_780	False	0.01611659899829546	0.00990510498584385	15090183.756008558	1071800.7618159147	786392.5093958308	[Prot]PEPT780	PEPT780	2
File3	P00111	Gene_781	False	0.016408728587185527	0.008732800982898562	2644400.42866218	8019179.2536520995	493966.7890326547	[Prot]PEPT781	PEPT781	4
File7	P00029	Gene_782	False	0.016560353979784413	0.005837025687174995	11053947.563093757	368674.9498463268	119086.76436987918	[Prot]PEPT782	PEPT782	2
File7	P00107	Gene_783	False	0.016103682578674665	0.005181281139710221	3443500.5096662096	3176254.7831618953	166064.0307470518	[Prot]PEPT783	PEPT783	2
File3	P00104	Gene_784	False	0.012213707681297765	0.011947913620708392	1469306.6175306898	926041.8398007677	143472.5450266023	[Prot]PEPT784	PEPT784	2
File4	P00086	Gene_785	False	0.015058300091594107	0.019246710117472882	4387767.956257257	468698.2987937229	126889.70966372202	[Prot]PEPT785	PEPT785	2
File4	P00027	Gene_786	False	0.007800095321030467	0.011243252892974334	25916217.09707136	484285.20763394336	33099.57929872956	[Prot]PEPT786	PEPT786	3
File5	P00097	Gene_787	False	0.017927539261602603	0.018588740817550332	6085516.179432945	5939847.105257861	99566.21989379551	[Prot]PEPT787	PEPT787	4
File2	P00016	Gene_788	False	0.010404008299869361	0.019011164686531946	12605774.538953435	153448.69254692353	353718.17316866096	[Prot]PEPT788	PEPT788	3
File4	P00005	Gene_789	False	0.008221664654350529	0.01465246832308583	1269863.7124587896	728404.7965029704	58026.889839763484	[Prot]PEPT789	PEPT789	4
File3	P00012	Gene_790	False	0.002066112659936694	0.0011748733968842617	3115414.077572082	702801.1873534468	90065.19202956778	[Prot]PEPT790	PEPT790	4
File5	P00007	Gene_791	False	0.018487155997712973	0.0135428576948368	1623743.9421075627	2984082.089747168	182443.24930384386	[Prot]PEPT791	PEPT791	4
File2	P00027	Gene_792	False	0.0139379172634278	2.7730111306034644e-05	14717842.30569803	762357.1939623656	1039300.7010240151	[Prot]PEPT792	PEPT792	3
File2	P00042	Gene_793	False	0.00635281421216088	0.0005540865459885902	6946110.272125729	334259.24651108804	79752.12250938918	[Prot]PEPT793	PEPT793	3
File4	P00056	Gene_794	False	0.015538466880812476	0.019767032725117328	7929734.192964126	4283233.876160315	277031.9132133564	[Prot]PEPT794	PEPT794	4
File7	P00095	Gene_795	False	0.005265990948757058	0.01606867185329345	4109717.9345713565	2877968.205227605	1717429.8702514833	[Prot]PEPT795	PEPT795	4
File6	P00018	Gene_796	False	0.012407119648510285	0.009098514969706406	163362885.1402958	625362.4368729478	362487.3131061581	[Prot]PEPT796	PEPT796	4
File7	P00110	Gene_797	False	0.01967291145076369	0.002494944959112366	16237887.113547007	7469242.856711331	546558.6761526327	[Prot]PEPT797	PEPT797	3
File1	P00086	Gene_798	False	0.005300342742907464	0.006692472633772622	8345573.538849126	635478.3275432949	46837.9044170355	[Prot]PEPT798	PEPT798	2
File7	P00069	Gene_799	False	0.012938330589529364	0.0019127099876079213	6755644.911496385	1473642.595813043	272529.0368814389	[Prot]PEPT799	PEPT799	3
File1	P00022	Gene_800	False	0.008979796739789929	0.0072745784165354375	834096.8069631299	877938.1375036427	2674673.9212028757	[Prot]PEPT800	PEPT800	4
File1	P00036	Gene_801	False	0.014286732059397294	0.008693729522488172	1124372.3739364508	660083.1534518201	912205.9902779716	[Prot]PEPT801	PEPT801	4
File6	P00044	Gene_802	False	0.0041757558648851155	0.002725540187086715	995039.4019247701	3977043.0656170906	66455.64403330712	[Prot]PEPT802	PEPT802	4
File4	P00050	Gene_803	False	0.003043115638370113	0.0003592911437396396	4004104.6655529104	2299393.214293322	5856087.454708137	[Prot]PEPT803	PEPT803	2
File6	P00005	Gene_804	False	0.008682116199925686	0.0045004730276739305	4583739.548361715	1568659.2411383134	304517.94921338174	[Prot]PEPT804	PEPT804	3
File1	P00014	Gene_805	False	0.003782585617594465	0.01440658193445725	3789917.1793291746	12891960.374425331	2090229.0365509505	[Prot]PEPT805	PEPT805	4
File5	P00041	Gene_806	False	0.008753125999822512	0.018734179214023577	59449497.92547527	1732560.0496373826	144834.5732593186	[Prot]PEPT806	PEPT806	4
File6	P00090	Gene_807	False	0.0015760778312721001	0.011271711141562602	16549309.29927261	132386.91811417812	480010.9102012823	[Prot]PEPT807	PEPT807	2
File7	P00048	Gene_808	False	0.018286556262212313	0.003989008743427618	4356704.345738878	2597046.1659111218	225888.29210184488	[Prot]PEPT808	PEPT808	4
File2	P00068	Gene_809	False	0.005010559507710251	0.005968518422370268	4512071.71496987	45177.847133001684	428988.21989038965	[Prot]PEPT809	PEPT809	3
File2	P00092	Gene_810	False	0.002842620141886343	0.014275032885015868	5220605.003826025	164111.1303589574	315065.60413639434	[Prot]PEPT810	PEPT810	3
File2	P00050	Gene_811	False	0.014769968366872761	0.012553988323006056	11968504.50929004	6857997.47381877	328627.50789656455	[Prot]PEPT811	PEPT811	3
File7	P00008	Gene_812	False	0.0001650210973588817	0.015464253807128011	1222767.5388296088	370687.888541377	234363.7699043853	[Prot]PEPT812	PEPT812	2
File5	P00036	Gene_813	False	0.003731155586985999	0.019382667493691025	992201.0576883199	1021519.988447531	49842.412074492924	[Prot]PEPT813	PEPT813	4
File5	P00015	Gene_814	False	0.016494194622933604	0.009881050423769569	8268339.7912434675	1634672.0825584503	69703.62529660425	[Prot]PEPT814	PEPT814	3
File8	P00049	Gene_815	False	0.008959509753095845	0.0027934250872218547	17979529.08735644	236224.1570751991	51879.68211994926	[Prot]PEPT815	PEPT815	2
File5	P00083	Gene_816	False	0.01685995770785801	0.0068743252416150315	25537881.75095568	315658.2336504749	91864.2292528797	[Prot]PEPT816	PEPT816	4
File5	P00081	Gene_817	False	0.00997186625553125	0.004501743617061118	1372844.7343020013	686559.5696298181	34719.20184525042	[Prot]PEPT817	PEPT817	3
File4	P00073	Gene_818	False	0.005668685730710617	0.013230456995238187	1260906.8261685858	500464.4996996368	268570.8182505243	[Prot]PEPT818	PEPT818	2
File2	P00040	Gene_819	False	0.006382014472532563	0.0035131146556604586	17019971.591730814	447225.9314923011	2195516.1418645503	[Prot]PEPT819	PEPT819	4
File5	P00088	Gene_820	False	0.0139007649962363	0.005337518094913201	1751037.4316219357	8268862.062538462	166885.81796909228	[Prot]PEPT820	PEPT820	2
File1	P00090	Gene_821	False	0.017232800838548227	0.008130175400676764	779721.4984397525	380457.8355260803	615650.0118749388	[Prot]PEPT821	PEPT821	2
File4	P00056	Gene_822	False	0.013323507919801867	0.008226090010712986	1027884.2547569072	348182.49934219854	175009.40536833482	[Prot]PEPT822	PEPT822	3
File6	P00055	Gene_823	False	0.017685074161490368	0.001098091477755776	9349853.14953928	12528248.460017666	1256842.5550570874	[Prot]PEPT823	PEPT823	4
File2	P00078	Gene_824	False	0.012195358207590871	0.005175637629812626	7829458.6466069445	740774.7296175902	19169.5714164527	[Prot]PEPT824	PEPT824	3
File1	P00008	Gene_825	False	0.0165161376361415	0.01631824361217396	11460682.659084909	321680.8096903892	97122.5105223197	[Prot]PEPT825	PEPT825	3
File6	P00039	Gene_826	False	0.017028047299233847	0.01948088322220862	460991.2771654946	398131.3885974326	360391.4423228153	[Prot]PEPT826	PEPT826	2
File3	P00080	Gene_827	False	0.006907402961190416	0.016819234238378417	19388322.93808145	723564.1429151316	1239704.20362318	[Prot]PEPT827	PEPT827	4
File4	P00078	Gene_828	False	0.018869848660109535	0.01482675184787616	601027.6833757804	5242432.569425896	786882.4436195594	[Prot]PEPT828	PEPT828	4
File4	P00022	Gene_829	False	0.0037264349382552207	0.006011460882994539	417538.8615009514	1055037.391463916	235423.526013457	[Prot]PEPT829	PEPT829	2
File1	P00050	Gene_830	False	0.0016582318138693376	0.005078878336737378	12736941.429727871	1655493.9430968924	45364.68012430988	[Prot]PEPT830	PEPT830	2
File7	P00108	Gene_831	False	0.013579860780442897	0.010575569264784132	1596303.2141376187	3157296.835273966	569882.0704520205	[Prot]PEPT831	PEPT831	3
File6	P00071	Gene_832	False	0.01967001094567347	0.00261724139543263	12651194.653159177	5027892.512219783	55490.59232897025	[Prot]PEPT832	PEPT832	4
File1	P00060	Gene_833	False	0.018200951218165198	0.008538704541648042	889191.1915137774	13378493.070444414	413829.03900488245	[Prot]PEPT833	PEPT833	4
File2	P00110	Gene_834	False	0.006860849136534592	0.0009314558348664881	3530184.779792227	11903003.075796567	76178.49715474492	[Prot]PEPT834	PEPT834	4
File1	P00109	Gene_835	False	0.01668687008814399	0.0029594368787997528	9082263.61148167	479829.4002291999	1293382.7037187829	[Prot]PEPT835	PEPT835	3
File5	P00009	Gene_836	False	0.016574986825620985	0.00750037823985283	12836726.328966437	14079618.8181985	170532.65184440912	[Prot]PEPT836	PEPT836	3
File5	P00098	Gene_837	False	0.008922441116958094	0.015435044085990985	10219574.01982742	479413.83343751833	519900.2166454637	[Prot]PEPT837	PEPT837	4
File7	P00097	Gene_838	False	0.011002027364960807	0.010272152849932983	6671880.539837771	123423.08245965112	983142.4451352843	[Prot]PEPT838	PEPT838	2
File8	P00117	Gene_839	False	0.005040130753954097	0.006175009001936329	84476197.16263868	1682795.9540008656	138351.78257259104	[Prot]PEPT839	PEPT839	2
File4	P00034	Gene_840	False	0.013248128779434166	0.0004577174661715744	11429101.120174846	980550.8039636612	520038.70783208916	[Prot]PEPT840	PEPT840	3
File8	P00070	Gene_841	False	0.0015123936743098886	0.017323913200878133	5408129.64665319	1592276.086993171	1917453.787492853	[Prot]PEPT841	PEPT841	2
File5	P00108	Gene_842	False	0.004191007721834377	0.016192458498487987	5820395.044187276	7699216.391027673	86915.05703846525	[Prot]PEPT842	PEPT842	2
File8	P00111	Gene_843	False	0.012499739084419028	0.00023878894219625302	6782922.956300716	1685711.053680074	42335.485875366656	[Prot]PEPT843	PEPT843	3
File6	P00060	Gene_844	False	0.010278874573991794	0.005864027511677792	3380134.232514384	755767.86259819	1174635.1600415467	[Prot]PEPT844	PEPT844	4
File6	P00077	Gene_845	False	0.014575045675355225	0.01765363815822294	125934775.05153558	212798.9052782583	36443.36226946441	[Prot]PEPT845	PEPT845	4
File4	P00029	Gene_846	False	0.0010347714584839252	0.016733807577938888	1870274.0117604572	322390.09992094396	118813.28390692237	[Prot]PEPT846	PEPT846	3
File2	P00105	Gene_847	False	0.015134155985720854	0.0033111321627744927	69512457.91008034	3546554.4747102386	181597.32336565715	[Prot]PEPT847	PEPT847	2
File3	P00082	Gene_848	False	0.012628529092420333	0.019585144025373338	13101558.661822863	9238140.79723526	55645.59185546406	[Prot]PEPT848	PEPT848	2
File7	P00041	Gene_849	False	0.005002649532553087	0.008310091340001049	3329586.3257686645	100444.03957947223	238614.49594220438	[Prot]PEPT849	PEPT849	2
File1	P00057	Gene_850	False	0.004391059539873013	0.019830331996115193	3802139.342094173	4112519.4852820896	767287.6797283897	[Prot]PEPT850	PEPT850	4
File1	P00023	Gene_851	False	0.011822743691098236	0.007943928457732279	3912632.664759529	3618872.416068999	44942.24624973693	[Prot]PEPT851	PEPT851	3
File6	P00013	Gene_852	False	0.008046572851538274	0.01534713656546124	1614387.247910341	105931.21563702071	2017229.433935128	[Prot]PEPT852	PEPT852	4
File5	P00060	Gene_853	False	0.010200018177677947	0.019735976592563268	10386537.731939636	1348276.9650942981	11509.302755020743	[Prot]PEPT853	PEPT853	2
File3	P00102	Gene_854	False	0.00984680908957923	0.006451881751851067	391727.645156081	316911.42124680185	290230.8200076224	[Prot]PEPT854	PEPT854	3
File7	P00096	Gene_855	False	0.008747479390471363	0.0003123475172532442	5457330.291148821	615241.9040828992	915961.0551556157	[Prot]PEPT855	PEPT855	3
File8	P00003	Gene_856	False	0.013982531767736442	0.008737642049419138	2921561.738155398	410438.69878767326	61168.36302724895	[Prot]PEPT856	PEPT856	3
File3	P00069	Gene_857	False	0.015103018127876471	0.007867262711520693	2335794.7516799243	985362.0617050763	23464.466167922248	[Prot]PEPT857	PEPT857	4
File3	P00005	Gene_858	False	0.008757530570837876	0.007381564452424941	5480543.19466822	87249.93941445801	813702.1642573493	[Prot]PEPT858	PEPT858	4
File7	P00039	Gene_859	False	0.014348765486684558	0.009286998689503907	17546565.446177837	5946831.943350969	1227471.572381667	[Prot]PEPT859	PEPT859	2
File7	P00047	Gene_860	False	0.012977801048574027	0.010313791749694512	1902198.7504444313	5843694.122607052	405296.6262916043	[Prot]PEPT860	PEPT860	3
File6	P00026	Gene_861	False	0.005551836601798908	0.018255972561890193	9770054.117586546	315711.99334480125	161597.92246908598	[Prot]PEPT861	PEPT861	4
File4	P00060	Gene_862	False	0.00639037159940858	0.010076507806586381	1650913.4393438185	727925.275875215	114299.89089020941	[Prot]PEPT862	PEPT862	3
File2	P00013	Gene_863	False	0.0015595841657127351	0.016850185327518457	1383964.6718980586	3693811.512559333	146020.41851891892	[Prot]PEPT863	PEPT863	4
File2	P00076	Gene_864	False	0.001167135758097122	0.015536743310715122	7192430.663011289	153177.38490830583	18659.243747991764	[Prot]PEPT864	PEPT864	4
File2	P00008	Gene_865	False	0.015461122816489458	0.014811463590802416	258278.0372579223	466309.48057118	48843.167768587526	[Prot]PEPT865	PEPT865	2
File5	P00075	Gene_866	False	0.002676515102501569	0.011512865449061762	526854.848043302	307073.76044131455	310898.57580009586	[Prot]PEPT866	PEPT866	3
File2	P00019	Gene_867	False	0.005628476264200266	0.0046433226906340535	1140134.5113920104	828794.6512114408	1114166.174899672	[Prot]PEPT867	PEPT867	2
File4	P00009	Gene_868	False	0.015457929624906669	0.0038644905546838925	2837745.084240071	340397.64074454404	22556.69165706167	[Prot]PEPT868	PEPT868	4
File6	P00109	Gene_869	False	0.016153367912714316	0.012531897078555341	8883002.887783902	225774.26112128995	8836.572549304654	[Prot]PEPT869	PEPT869	4
File1	P00103	Gene_870	False	0.018698727934168723	0.015980366268852898	13003307.715628678	686499.1054773538	101865.11915874937	[Prot]PEPT870	PEPT870	3
File1	P00076	Gene_871	False	0.009415625373161292	0.006433705029347059	46231937.10782012	878128.6679105753	67058.4678389921	[Prot]PEPT871	PEPT871	3
File6	P00063	Gene_872	False	0.017035774303331773	0.010975488891112188	8712758.09424852	2408202.156207954	116499.14507911187	[Prot]PEPT872	PEPT872	3
File2	P00103	Gene_873	False	0.0036650792777188613	0.012684527520201898	2659417.407863204	1316886.7865605697	167141.29990050127	[Prot]PEPT873	PEPT873	2
File2	P00011	Gene_874	False	0.008307804885567729	0.0015155263771606477	4648199.876744245	2106264.5752873532	2841995.3076093197	[Prot]PEPT874	PEPT874	2
File4	P00080	Gene_875	False	0.010633060417529332	0.01316591644040164	7350168.110451834	5016140.718898744	259182.63891034928	[Prot]PEPT875	PEPT875	4
File7	P00053	Gene_876	False	0.013622265283316162	0.0037448036523677853	12563934.513961636	153406.06478075017	81447.94336301903	[Prot]PEPT876	PEPT876	2
File3	P00096	Gene_877	False	0.016537497690429205	0.012952696811981393	13156870.236444524	907310.234114324	1145223.6139370014	[Prot]PEPT877	PEPT877	2
File6	P00039	Gene_878	False	0.018465541076597536	0.0008395062152199251	3590422.5651579183	35043.10754162303	1482617.4765785804	[Prot]PEPT878	PEPT878	3
File4	P00067	Gene_879	False	0.017585228660046078	0.015538631900301735	1162312.6965634462	8404100.672224123	115636.58160349805	[Prot]PEPT879	PEPT879	2
File2	P00067	Gene_880	False	0.015738960248730144	0.00274574531521024	52727136.88764515	841376.706233684	1966298.5104398087	[Prot]PEPT880	PEPT880	4
File6	P00076	Gene_881	False	0.0036388232532317713	0.0071288529524978815	18736382.278623115	1353268.829307524	219719.35961171554	[Prot]PEPT881	PEPT881	2
File7	P00101	Gene_882	False	0.0007784927247252039	0.002946004488022156	1301671.2188363771	1315395.00691381	395374.8950406198	[Prot]PEPT882	PEPT882	4
File1	P00094	Gene_883	False	0.010858662261367452	0.005178236260884417	8040420.566449927	129399.00962904234	88455.5893017795	[Prot]PEPT883	PEPT883	2
File7	P00041	Gene_884	False	0.0030996030429012045	0.0012519076782779304	9415422.884985503	5953372.701156064	81588.73832292973	[Prot]PEPT884	PEPT884	2
File6	P00088	Gene_885	False	0.003820685400366304	0.014057889599024171	1563876.403800989	4630798.99687234	489241.6611259325	[Prot]PEPT885	PEPT885	4
File7	P00117	Gene_886	False	0.005703800195242699	0.014705819838331259	35373997.87574983	2297036.880568189	69671.07307155365	[Prot]PEPT886	PEPT886	4
File8	P00034	Gene_887	False	0.012131769888137035	0.01829199609365725	740932.1574875494	264181.0460587599	1539463.9142200302	[Prot]PEPT887	PEPT887	4
File4	P00021	Gene_888	False	0.01993238546409263	0.0048980110153649	1774537.081381941	4499906.948695588	137387.54061581913	[Prot]PEPT888	PEPT888	2
File3	P00021	Gene_889	False	0.003206522179390963	0.009873998640598416	47229848.15327822	3672280.6186089613	76321.40867785219	[Prot]PEPT889	PEPT889	4
File5	P00068	Gene_890	False	0.002535809756994083	0.008066589718336183	1771131.348393826	2500217.500185915	102563.84198393366	[Prot]PEPT890	PEPT890	4
File5	P00010	Gene_891	False	0.013678992843569045	0.017503173994092326	1046182.1024781036	120111.48591603182	17946.581431244642	[Prot]PEPT891	PEPT891	2
File1	P00089	Gene_892	False	0.015505387568943084	0.011695651121044854	9206991.063482706	105214.68092537565	237706.39033633814	[Prot]PEPT892	PEPT892	4
File6	P00037	Gene_893	False	0.004388537472242855	0.003616362369008266	15297835.949440738	2478092.9793623253	183131.66199997163	[Prot]PEPT893	PEPT893	2
File8	P00113	Gene_894	False	0.0046019059889136635	0.018886117404944853	3095765.9550186954	5251951.467224682	4277219.686228585	[Prot]PEPT894	PEPT894	3
File8	P00084	Gene_895	False	0.005230714443689015	0.010302615259245118	11031043.744635398	300800.2572563602	84360.41893298338	[Prot]PEPT895	PEPT895	4
File5	P00005	Gene_896	False	0.007883611964869041	0.012105070806882279	52015174.14318637	533988.2872556212	1278337.7507546458	[Prot]PEPT896	PEPT896	4
File6	P00076	Gene_897	False	0.00615805550248	0.01535326933823662	3400485.4955199054	131611.5305481077	85187.6982738819	[Prot]PEPT897	PEPT897	2
File4	P00065	Gene_898	False	0.01385149882417432	0.0162172430125194	2040961.1321662047	58395.48841070624	108439.76481926267	[Prot]PEPT898	PEPT898	2
File6	P00012	Gene_899	False	0.0006715727945966021	0.008923797231520883	1979383.7137107863	3241657.276780023	1255221.3602393586	[Prot]PEPT899	PEPT899	2
File7	P00057	Gene_900	False	0.005633002724633716	0.002089445493205462	1831726.3281526193	4739391.269744221	59590.71114668814	[Prot]PEPT900	PEPT900	3
File4	P00004	Gene_901	False	0.015075115896357872	0.003662004257159106	5690385.312957037	891780.8233585624	117032.79444194895	[Prot]PEPT901	PEPT901	2
File3	P00074	Gene_902	False	0.0018470780372022567	0.005664246064543972	11294968.929615038	5212801.7348457575	632957.9419986187	[Prot]PEPT902	PEPT902	3
File8	P00046	Gene_903	False	0.004341530411183896	0.016928811007930117	2432221.471701026	186871.7739389993	27616.548248100484	[Prot]PEPT903	PEPT903	3
File3	P00007	Gene_904	False	0.001450668425735675	0.009690448436651842	26702998.167974643	118303.32951042842	590768.898392151	[Prot]PEPT904	PEPT904	2
File2	P00080	Gene_905	False	0.00877451330338242	0.005164149517887331	185021.5320039978	2028496.1357980596	355060.38806846656	[Prot]PEPT905	PEPT905	2
File1	P00087	Gene_906	False	0.006132341683185101	0.00676926693497715	4275231.001718527	634982.6691423979	1777352.0726545814	[Prot]PEPT906	PEPT906	2
File7	P00018	Gene_907	False	0.013247100740874087	0.0008691123732335093	11234782.564157858	1153867.3360452892	110935.08762571248	[Prot]PEPT907	PEPT907	3
File8	P00071	Gene_908	False	0.01849593686583232	0.0011331772313406608	23338415.859290544	6070709.32127142	77944.5967964532	[Prot]PEPT908	PEPT908	4
File2	P00099	Gene_909	False	0.01771449214710028	0.011267731255669013	18923540.088874895	2271809.0793627766	734639.9803869106	[Prot]PEPT909	PEPT909	2
File3	P00090	Gene_910	False	0.015647529078837867	0.015446413727857955	2969588.01958968	1897902.1948446732	851619.7703059267	[Prot]PEPT910	PEPT910	3
File5	P00039	Gene_911	False	0.00020389075389018796	0.014157065723714316	6527274.664358788	915160.2958288884	192361.70438444987	[Prot]PEPT911	PEPT911	4
File2	P00002	Gene_912	False	0.005561568129624206	0.01884840998688558	2342412.028853195	2228504.4874244817	884467.030935524	[Prot]PEPT912	PEPT912	3
File3	P00076	Gene_913	False	0.009145589069543238	0.011563282297772733	1649176.7287037934	7331017.136246107	60683.93214640752	[Prot]PEPT913	PEPT913	3
File3	P00008	Gene_914	False	0.01862477067270148	0.019677205039757024	4614717.393226718	2728626.127893159	278539.4633120531	[Prot]PEPT914	PEPT914	4
File4	P00083	Gene_915	False	0.014756079642887011	0.019254806443046817	6895198.305375434	1703642.840607508	34504.22727428888	[Prot]PEPT915	PEPT915	2
File6	P00082	Gene_916	False	5.6524543036076124e-05	0.011518822119348689	3552167.7818388734	5222857.33746222	74437.63699325739	[Prot]PEPT916	PEPT916	3
File7	P00002	Gene_917	False	0.0018691334130240555	0.0021622960996957818	5856776.960176283	28882960.86453918	1699745.5110981213	[Prot]PEPT917	PEPT917	4
File2	P00118	Gene_918	False	0.009068381999798652	0.010431960977287656	3824824.756868845	219888.5063055551	51143.19389196917	[Prot]PEPT918	PEPT918	2
File4	P00098	Gene_919	False	0.01993122703549673	0.017864174991267964	3234287.455146205	89115.3722239455	14064.47149695817	[Prot]PEPT919	PEPT919	4
File7	P00045	Gene_920	False	0.012333026636733533	0.0016464711798577936	19268641.359080918	913895.0141379144	9821.7668755951	[Prot]PEPT920	PEPT920	4
File6	P00059	Gene_921	False	0.01367854531101787	0.004741388767930548	3744230.553893201	645575.5194148491	293175.2256556552	[Prot]PEPT921	PEPT921	2
File5	P00111	Gene_922	False	0.011339012593890956	3.280687362535728e-05	34760143.84783095	1515199.1871272337	42827.20051467516	[Prot]PEPT922	PEPT922	2
File4	P00114	Gene_923	False	0.012028788332748	0.000453805657030828	27223458.394202776	3400150.858552377	117619.59005188449	[Prot]PEPT923	PEPT923	3
File3	P00033	Gene_924	False	0.01576021655734239	1.8316114527794358e-05	13701582.033196433	951870.2997516472	156712.2427138208	[Prot]PEPT924	PEPT924	3
File3	P00075	Gene_925	False	0.011489299053446717	0.01810523789071907	3213997.451408234	1619124.1801497824	45363.695501595044	[Prot]PEPT925	PEPT925	3
File1	P00039	Gene_926	False	0.016400171307503028	0.017904641858642694	340791.14857891237	2192390.1529739657	498225.04605072585	[Prot]PEPT926	PEPT926	4
File1	P00110	Gene_927	False	0.0037160040616300138	0.0020854453029847055	4109070.5344807776	3176762.3956902088	91583.1206150899	[Prot]PEPT927	PEPT927	4
File4	P00016	Gene_928	False	0.01303957214399133	0.018028296896276382	389124.3456143092	1208701.6326176636	1304651.4537065052	[Prot]PEPT928	PEPT928	3
File2	P00025	Gene_929	False	0.006448231519056669	0.01619166403555321	17489246.749097615	2848475.539779552	40500.55489034534	[Prot]PEPT929	PEPT929	3
File6	P00006	Gene_930	False	0.005720215376155573	0.015453224852406145	15375017.667621586	4649196.332945622	672714.0631653182	[Prot]PEPT930	PEPT930	3
File4	P00064	Gene_931	False	0.010457701645394732	0.019083324160532895	4111109.3237044304	3307793.430822133	195957.8728061971	[Prot]PEPT931	PEPT931	4
File7	P00041	Gene_932	False	0.017921878733256277	0.005154428065545482	11305906.65033201	1083043.9363420778	154406.2082803353	[Prot]PEPT932	PEPT932	3
File7	P00097	Gene_933	False	0.004807139672630161	0.010185621940307516	6783708.1377237905	457324.6700756063	900548.9839931229	[Prot]PEPT933	PEPT933	2
File2	P00009	Gene_934	False	0.003987290132771362	0.010823558216981204	1711009.3800725187	3292134.4625149234	470090.8044689487	[Prot]PEPT934	PEPT934	3
File3	P00076	Gene_935	False	0.004069695989314855	0.0015185292628701276	20771967.93090259	816708.5780224022	1306610.873361221	[Prot]PEPT935	PEPT935	3
File6	P00031	Gene_936	False	0.004069676994851623	0.017047484306819374	8559464.071082592	353511.0812875206	409220.0746635921	[Prot]PEPT936	PEPT936	4
File8	P00010	Gene_937	False	0.0021425349373305046	0.002588518567069791	47749910.372207545	8828038.707075391	26353.00755450715	[Prot]PEPT937	PEPT937	3
File5	P00058	Gene_938	False	0.00914827534047022	0.013365616527266937	19731026.388830084	1366659.5754256295	213741.64494071022	[Prot]PEPT938	PEPT938	3
File3	P00100	Gene_939	False	0.0078101694120330705	0.003660576567449052	30077279.16986043	549281.3159470853	598467.0506720288	[Prot]PEPT939	PEPT939	4
File7	P00011	Gene_940	False	0.019496826019523114	0.01599567117750512	2788065.423400207	4952632.541428879	580298.6431251419	[Prot]PEPT940	PEPT940	2
File8	P00077	Gene_941	False	3.760593454375849e-05	0.010875666144740798	5110212.196399235	1302809.921643606	217555.3985983688	[Prot]PEPT941	PEPT941	4
File5	P00116	Gene_942	False	0.0023578591774332702	0.017129928919990916	5075454.615389089	142214.76303197106	51102.806654191394	[Prot]PEPT942	PEPT942	4
File3	P00116	Gene_943	False	0.010843094742284684	0.010675083592657737	6314543.6594068725	2879076.584551188	198118.20693084676	[Prot]PEPT943	PEPT943	4
File1	P00055	Gene_944	False	0.0009750687148286197	0.004696347134591497	32987549.032667123	188906.1336773103	556708.5664768418	[Prot]PEPT944	PEPT944	2
File2	P00087	Gene_945	False	0.0030509857814553197	0.014945986824009922	21590693.646522045	504790.2487772382	6262541.181281313	[Prot]PEPT945	PEPT945	3
File7	P00029	Gene_946	False	0.0024528923555658345	0.014516638464949487	13046653.913428906	656096.4873598893	201114.00149012962	[Prot]PEPT946	PEPT946	2
File5	P00027	Gene_947	False	0.017216355781802948	0.014886998830785782	903192.6630722113	1278032.2418425758	1760092.033266429	[Prot]PEPT947	PEPT947	3
File8	P00082	Gene_948	False	0.01859899051669226	0.006547113668951672	2121766.1542147878	1940508.3001000206	322008.13669421023	[Prot]PEPT948	PEPT948	3
File2	P00012	Gene_949	False	0.00836528046542029	0.012805413378646465	4566623.895446577	69320.57075828628	623275.3179092937	[Prot]PEPT949	PEPT949	3
File2	P00080	Gene_950	False	0.004736662078666993	0.01926324888717505	13961205.504866425	453480.84540323383	97741.0860919329	[Prot]PEPT950	PEPT950	4
File1	P00033	Gene_951	False	0.01912723861122488	0.012629689958578258	937354.4945016054	11548844.842648016	620667.0527769241	[Prot]PEPT951	PEPT951	3
File2	P00092	Gene_952	False	0.013117131292381795	0.015540960878643971	1107487.6728280021	4525304.254080626	155854.0153320496	[Prot]PEPT952	PEPT952	4
File4	P00083	Gene_953	False	0.011530091855806017	0.009171180692869617	22484792.298335962	25141.166301684687	1056136.0015951917	[Prot]PEPT953	PEPT953	3
File6	P00114	Gene_954	False	0.018837258803905944	0.017604532513931796	6201358.82321717	234890.06886653072	39651.887493602415	[Prot]PEPT954	PEPT954	2
File2	P00105	Gene_955	False	0.019927746496526934	0.0025461430148346165	184878.3126567054	6639594.654559556	275030.3968619259	[Prot]PEPT955	PEPT955	4
File8	P00101	Gene_956	False	0.00927591346811305	0.015131340065484262	1567830.9192199882	514493.5723683572	36133.48701818814	[Prot]PEPT956	PEPT956	3
File2	P00036	Gene_957	False	0.010355049296739069	0.004946853345671505	6993586.880552584	877000.9487277434	241319.19701903948	[Prot]PEPT957	PEPT957	2
File6	P00061	Gene_958	False	0.0193137309373307	0.007611177852870872	28050999.03680051	1694129.0903444977	2033359.9960874578	[Prot]PEPT958	PEPT958	2
File6	P00029	Gene_959	False	0.006797056360889835	0.013068309661430806	10082671.843962127	1546774.7765473546	609267.1273248744	[Prot]PEPT959	PEPT959	4
File3	P00029	Gene_960	False	0.01946316921064346	0.0011453794108384808	2415787.041630322	595491.3836045845	1906771.5233318785	[Prot]PEPT960	PEPT960	4
File2	P00101	Gene_961	False	0.007924855472800361	0.0019427591709955806	575935.5356199703	1008643.5184132466	113670.89520169479	[Prot]PEPT961	PEPT961	2
File5	P00114	Gene_962	False	0.0033585653368910285	0.017335303978662592	12494316.91260492	436913.5656340967	70732.18857281371	[Prot]PEPT962	PEPT962	2
File7	P00034	Gene_963	False	0.001927781977255183	0.013479669963885622	5567506.148593791	149074.45657107452	117453.5247175196	[Prot]PEPT963	PEPT963	3
File5	P00087	Gene_964	False	0.008794553448040993	0.012308784692459714	8880259.676581297	328254.5640487687	1103546.9895793998	[Prot]PEPT964	PEPT964	3
File2	P00077	Gene_965	False	0.00817632183002286	0.005999231887218695	12619653.593848443	1260635.374704081	5949965.736623812	[Prot]PEPT965	PEPT965	4
File2	P00059	Gene_966	False	0.007281490268348174	0.0029536530159344145	9773097.490244951	2314490.1985159055	1033430.1510159883	[Prot]PEPT966	PEPT966	2
File2	P00002	Gene_967	False	0.0072292777719627655	0.005434273165079317	9279581.116309263	1798325.269829912	616561.1115805568	[Prot]PEPT967	PEPT967	3
File1	P00064	Gene_968	False	9.999863234649408e-05	0.0018384489982152096	45798017.63250364	2577799.27533789	3739115.5926453783	[Prot]PEPT968	PEPT968	3
File6	P00090	Gene_969	False	0.0123772550429775	0.014878448384128782	897005.3259206585	4702779.82611321	172238.3586045126	[Prot]PEPT969	PEPT969	2
File2	P00028	Gene_970	False	0.0018147568434695848	0.002807112203729143	4917410.476458441	987239.6847154698	369733.41041991685	[Prot]PEPT970	PEPT970	4
File6	P00006	Gene_971	False	0.00805016700567503	0.01419940271366417	25379339.364740115	18065538.086985026	170882.52211980312	[Prot]PEPT971	PEPT971	2
File5	P00005	Gene_972	False	0.009179418808934678	0.0025041541415670742	136216029.9192731	2308165.935683483	540273.753055475	[Prot]PEPT972	PEPT972	3
File3	P00089	Gene_973	False	0.005227864540917622	0.003170565659668221	2277552.9178172066	449697.81207374076	77391.45371935687	[Prot]PEPT973	PEPT973	2
File3	P00025	Gene_974	False	0.01173819336605134	0.011745245496040837	273912.61471377907	2219790.7222102704	483149.60310347064	[Prot]PEPT974	PEPT974	3
File4	P00109	Gene_975	False	0.009859835079514956	0.011483225149131748	6562383.785532624	304491.2111366452	75973.61950208325	[Prot]PEPT975	PEPT975	2
File2	P00003	Gene_976	False	0.01604612653864756	0.010027286934910595	36114838.311488874	4341159.796020931	59481.921787638785	[Prot]PEPT976	PEPT976	4
File8	P00050	Gene_977	False	0.0077116693465838935	0.01818106373402589	2618526.2395981024	1739845.1202530938	122500.92874976143	[Prot]PEPT977	PEPT977	3
File1	P00019	Gene_978	False	0.015903453719154245	0.01927275543610322	11164700.558419447	1634411.7893729615	1130158.2333673027	[Prot]PEPT978	PEPT978	4
File8	P00102	Gene_979	False	0.0010562279625365	0.007336380999238943	1474070.0912050507	1144677.1883266298	26240.46202897232	[Prot]PEPT979	PEPT979	2
File3	P00089	Gene_980	False	0.00468751196266056	0.0022892861389449902	3698051.827933963	1321680.639401156	309474.63323206187	[Prot]PEPT980	PEPT980	4
File3	P00110	Gene_981	False	0.008789897980268295	0.019417865301587275	1839808.858323924	4729938.045734904	10779050.390859416	[Prot]PEPT981	PEPT981	3
File8	P00025	Gene_982	False	0.006303521245182431	0.01413577582895756	39342910.62857593	2285120.5336463638	171297.23843718017	[Prot]PEPT982	PEPT982	4
File5	P00108	Gene_983	False	0.010696946191788856	0.008549067762943537	69501.69048593262	1055763.7564089461	277610.4703795144	[Prot]PEPT983	PEPT983	3
File5	P00030	Gene_984	False	0.011573815382818872	0.01763176464951274	597337.5699521962	5303784.016254881	165984.69880794667	[Prot]PEPT984	PEPT984	3
File4	P00003	Gene_985	False	0.007262472438212378	0.014503584399766508	879504.0277449145	336175.7751737197	38188.36029197492	[Prot]PEPT985	PEPT985	4
File6	P00052	Gene_986	False	0.009726454078007015	0.001131838378097847	554691.141733747	436650.65661123476	763858.0013875578	[Prot]PEPT986	PEPT986	4
File4	P00067	Gene_987	False	0.0020062777454340954	0.002177130683847861	363920.7079982183	135376.16982923157	178515.16818777678	[Prot]PEPT987	PEPT987	3
File3	P00076	Gene_988	False	0.012694747067635142	0.019645777681292182	6131761.859567795	387178.8992366318	41718.054984222945	[Prot]PEPT988	PEPT988	2
File7	P00067	Gene_989	False	0.003981760287565091	0.002237660273413875	51696028.887063734	155365.02011060002	178877.24623321963	[Prot]PEPT989	PEPT989	3
File4	P00090	Gene_990	False	0.003449731958565796	0.004690043115945042	2025448.0962012142	182824.64988968632	35252.020967566204	[Prot]PEPT990	PEPT990	3
File2	P00027	Gene_991	False	0.005862575110710853	0.0018735709587690442	5201647.759752606	4703955.578441898	1641458.3042919731	[Prot]PEPT991	PEPT991	3
File3	P00044	Gene_992	False	0.01356458918616738	0.016264369563590876	39106056.95442865	591536.7860805131	56739.58346048181	[Prot]PEPT992	PEPT992	3
File5	P00042	Gene_993	False	0.0022568435418912226	0.0102027952786709	1870918.9710534401	114155.34081711111	1443343.2267379567	[Prot]PEPT993	PEPT993	3
File2	P00063	Gene_994	False	0.01849515864031652	0.007670670154864807	8811482.011815673	347454.6160806199	155324.74952239657	[Prot]PEPT994	PEPT994	4
File2	P00062	Gene_995	False	0.010090168255439352	0.0010611229073649998	707713.9199991847	383406.6243921505	119401.31962759802	[Prot]PEPT995	PEPT995	3
File3	P00079	Gene_996	False	0.0009292291310591438	0.012530152869553035	8486384.243868837	1907738.3715207062	499001.1425385281	[Prot]PEPT996	PEPT996	3
File1	P00071	Gene_997	False	0.01100849369380699	0.00472347201132375	2240445.3369561885	494089.01912960067	62179.87908660058	[Prot]PEPT997	PEPT997	2
File4	P00020	Gene_998	False	0.014828388267686662	0.010974690633622036	29408199.173490964	114641.45733495029	383524.47644944256	[Prot]PEPT998	PEPT998	2
File4	P00108	Gene_999	False	0.009004635822366769	0.004599291988483276	2960993.491279246	1072659.3520143423	384551.5577971434	[Prot]PEPT999	PEPT999	3
File7	P00028	Gene_1000	False	0.010511949868277103	0.0006808160049147371	2776979.7993139597	419678.42754828196	335550.2954095112	[Prot]PEPT1000	PEPT1000	4
File8	P00090	Gene_1001	False	0.019168139959107357	0.008054301608586922	1033740.7178728703	2062855.1041215719	2579377.9425461725	[Prot]PEPT1001	PEPT1001	4
File6	P00083	Gene_1002	False	0.015378394620153297	0.01778073300623877	7468670.44805746	129473.37797398127	30964.769653789233	[Prot]PEPT1002	PEPT1002	3
File6	P00068	Gene_1003	False	0.019922884380761136	0.006760311131365568	3940591.734920709	1617337.251357285	32364.712686000898	[Prot]PEPT1003	PEPT1003	3
File4	P00109	Gene_1004	False	0.009175053990946163	0.01806281916782673	252867178.8432297	3956465.1998799895	750934.0950502697	[Prot]PEPT1004	PEPT1004	4
File2	P00034	Gene_1005	False	0.0039298379099025095	0.003182603495396028	4990167.744113532	5203020.133752466	388543.7052366479	[Prot]PEPT1005	PEPT1005	3
File2	P00097	Gene_1006	False	0.006252115197972544	0.002060269917993787	5612083.440429991	1282915.2855557317	53054.277912744146	[Prot]PEPT1006	PEPT1006	3
File3	P00086	Gene_1007	False	0.015753660327573693	0.0078093491248298055	4519081.080837437	459894.680082834	350353.9115402367	[Prot]PEPT1007	PEPT1007	3
File1	P00028	Gene_1008	False	0.018967535254718847	0.014657953926437857	238500.02161233348	25102759.209984485	918621.136122968	[Prot]PEPT1008	PEPT1008	4
File7	P00043	Gene_1009	False	0.005544642381447107	0.0037396576329499134	3292145.96548405	1060158.328900814	72708.96509047107	[Prot]PEPT1009	PEPT1009	3
File1	P00071	Gene_1010	False	0.014746929200606301	0.017302531061591103	5215483.73074425	505199.5340904515	811600.9080982814	[Prot]PEPT1010	PEPT1010	2
File2	P00071	Gene_1011	False	0.003172087820963214	0.019193301467498588	21278039.829211306	502087.80081480095	34757.75022768723	[Prot]PEPT1011	PEPT1011	2
File1	P00080	Gene_1012	False	0.019316792001837352	0.0013071334390831414	22295792.287800673	667372.2288893699	926589.564853855	[Prot]PEPT1012	PEPT1012	3
File5	P00116	Gene_1013	False	0.014907293362732063	0.00038953396725955437	2587276.724073196	126493.85062594175	40472.80341290631	[Prot]PEPT1013	PEPT1013	3
File8	P00013	Gene_1014	False	0.009334337539824376	0.006892299157223137	2867414.078219565	328049.24822403037	81336.33954856145	[Prot]PEPT1014	PEPT1014	4
File1	P00085	Gene_1015	False	0.0004192526381959194	0.016675074191471368	13802105.699309377	111168.81079993978	58985.29981730088	[Prot]PEPT1015	PEPT1015	3
File1	P00037	Gene_1016	False	0.003926294526954222	0.003150960883426368	23682465.83042437	593107.8994541236	149648.0882585308	[Prot]PEPT1016	PEPT1016	3
File2	P00003	Gene_1017	False	0.0186535827135215	0.017348508697666312	4938032.778214533	664412.3349604543	703829.4522111804	[Prot]PEPT1017	PEPT1017	2
File1	P00090	Gene_1018	False	0.001161364033464598	0.009659189325128065	650176.2382070319	3479333.197360106	1372428.5916532525	[Prot]PEPT1018	PEPT1018	3
File6	P00093	Gene_1019	False	0.0004266296127742897	0.005736354980521192	1105364.2991321764	3450052.410230397	485723.9285933642	[Prot]PEPT1019	PEPT1019	3
File3	P00106	Gene_1020	False	0.008914668542565445	0.0005868919075256152	3012735.039956873	1368507.774216904	4242765.082970688	[Prot]PEPT1020	PEPT1020	3
File2	P00091	Gene_1021	False	0.011401753587475553	0.008626673435867267	27752973.99239667	7702809.077487789	282528.6254268464	[Prot]PEPT1021	PEPT1021	4
File1	P00115	Gene_1022	False	0.004006407929087967	0.005542371723642512	3183265.612510241	657388.7469683148	1459108.027587395	[Prot]PEPT1022	PEPT1022	4
File3	P00046	Gene_1023	False	0.01374971525808421	0.0036219486191131356	3467051.154134924	1812137.4474843568	602015.4419312052	[Prot]PEPT1023	PEPT1023	4
File1	P00107	Gene_1024	False	0.01867956554921933	0.0003924708711534786	1716671.675888807	844791.0590680661	173597.99373486362	[Prot]PEPT1024	PEPT1024	4
File7	P00114	Gene_1025	False	0.001349569460057336	0.0002617940099997629	5200963.059103082	181508.739992394	680424.4340185618	[Prot]PEPT1025	PEPT1025	3
File7	P00004	Gene_1026	False	0.012296996628606878	0.01289891024281426	3434599.975115994	924394.8437723395	101380.9249878862	[Prot]PEPT1026	PEPT1026	2
File7	P00006	Gene_1027	False	0.007952601473170466	0.012544164764985306	6157108.792900477	5054663.623191375	800775.2097477547	[Prot]PEPT1027	PEPT1027	3
File4	P00016	Gene_1028	False	0.016730974932465774	0.011418380297386328	306010.34757055284	8830258.957467673	51779.02732584984	[Prot]PEPT1028	PEPT1028	3
File8	P00043	Gene_1029	False	0.00909048784074275	0.01936706159984963	4503987.472973319	2540493.8610585015	408632.00617904746	[Prot]PEPT1029	PEPT1029	4
File8	P00107	Gene_1030	False	0.006502352144752333	0.010003382626846703	8375246.038074902	1173118.598713319	284298.1359815065	[Prot]PEPT1030	PEPT1030	2
File5	P00112	Gene_1031	False	0.003748472918250403	0.009302169430681333	1687060.1834150194	4999623.364423451	330065.9766436865	[Prot]PEPT1031	PEPT1031	4
File1	P00014	Gene_1032	False	0.013123753862928966	0.01866258168266998	4621424.499474035	483214.05894124735	584901.3082106642	[Prot]PEPT1032	PEPT1032	4
File1	P00119	Gene_1033	False	0.001879744677349593	0.014172562558528785	4481793.67137273	7149359.42716098	196961.04451176315	[Prot]PEPT1033	PEPT1033	2
File2	P00087	Gene_1034	False	0.006577869886558654	0.00682006803642556	2728241.7467107736	390795.458129406	3870138.608893385	[Prot]PEPT1034	PEPT1034	4
File3	P00091	Gene_1035	False	0.01840229594376604	0.01807123611499283	57241847.62595626	1351260.5422808488	35410.23939076729	[Prot]PEPT1035	PEPT1035	2
File6	P00105	Gene_1036	False	0.015156290799382412	0.0013261038570781558	3537057.3603094053	21691188.12930455	464253.9616574229	[Prot]PEPT1036	PEPT1036	3
File3	P00092	Gene_1037	False	0.003266677217223857	0.011378624893199112	3356274.249759647	13557319.696374852	50337.11440996026	[Prot]PEPT1037	PEPT1037	3
File7	P00110	Gene_1038	False	0.0038554261238570287	0.0017725808966419644	545577.3162173704	762429.0222090937	178368.85401359398	[Prot]PEPT1038	PEPT1038	2
File3	P00013	Gene_1039	False	0.008625030204079096	0.0017628635018688765	1636234.891142871	88725.48542257	241761.7118888682	[Prot]PEPT1039	PEPT1039	2
File2	P00035	Gene_1040	False	0.010249493541830383	0.004408331053242376	50527651.851323634	2156148.213190045	1256870.8139576677	[Prot]PEPT1040	PEPT1040	2
File6	P00051	Gene_1041	False	0.0015203198610184954	0.0020561909420924794	1930312.3650027781	6370771.482871379	703596.3954930027	[Prot]PEPT1041	PEPT1041	3
File5	P00034	Gene_1042	False	0.014148069424502127	0.006404693240283785	2871140.2263655444	291115.30013295094	260258.5682412154	[Prot]PEPT1042	PEPT1042	2
File1	P00092	Gene_1043	False	0.006131105754959312	0.01574948662661066	894393.2696430961	946096.765736204	247914.08034165844	[Prot]PEPT1043	PEPT1043	4
File2	P00116	Gene_1044	False	0.001019045567028878	0.013457204949983195	2042593.5247067546	146613.50525776556	38947.54495384651	[Prot]PEPT1044	PEPT1044	3
File4	P00002	Gene_1045	False	0.01722629270068985	0.002474142645535742	6549928.827321014	870968.6010689434	843464.6029053103	[Prot]PEPT1045	PEPT1045	3
File6	P00022	Gene_1046	False	0.01125529564591468	0.0021716571903529205	11184178.854071904	429457.40011402825	51705.75357639624	[Prot]PEPT1046	PEPT1046	4
File2	P00043	Gene_1047	False	0.004328673008206323	0.016776489076902674	20171650.149255026	1678340.61794108	63910.804992149715	[Prot]PEPT1047	PEPT1047	4
File5	P00062	Gene_1048	False	0.006201647170627953	0.0019692808678661187	7363170.418919209	148969.33245051609	1875309.6515308458	[Prot]PEPT1048	PEPT1048	3
File3	P00070	Gene_1049	False	0.003261070647397424	0.002830097638469251	1868881.574928227	171642.49155144693	97593.35775405413	[Prot]PEPT1049	PEPT1049	4
File5	P00084	Gene_1050	False	0.010553376099925264	0.010658651466153446	3710883.3081646017	735703.2795976204	183580.59282932972	[Prot]PEPT1050	PEPT1050	4
File1	P00094	Gene_1051	False	0.00915468344015585	0.016016312876707708	2886870.1214375347	1113914.850594233	382957.5128664362	[Prot]PEPT1051	PEPT1051	3
File2	P00079	Gene_1052	False	0.00438440771669415	0.008223040158245805	8285893.70183601	4245711.100176913	254977.9052129734	[Prot]PEPT1052	PEPT1052	4
File7	P00096	Gene_1053	False	0.0006691147168219969	0.017311817509168603	28400473.545397896	6581149.215657235	843645.799271324	[Prot]PEPT1053	PEPT1053	3
File6	P00078	Gene_1054	False	0.004008067648586018	0.009727679640835714	17073991.45862743	4239570.457871077	216189.75048637285	[Prot]PEPT1054	PEPT1054	3
File7	P00014	Gene_1055	False	0.005254014618414531	0.015485762326613235	33535966.444886364	1449026.4956526218	16882052.7629341	[Prot]PEPT1055	PEPT1055	3
File3	P00015	Gene_1056	False	0.01721829424310583	0.010751238115384377	2049399.6604126045	782380.0814064721	83839.96218215933	[Prot]PEPT1056	PEPT1056	2
File3	P00113	Gene_1057	False	0.006469243792476125	0.019537260003600707	14348125.88649645	1990626.9677317159	19061.93610111388	[Prot]PEPT1057	PEPT1057	2
File8	P00115	Gene_1058	False	0.006391868692287837	0.012353095495630849	19715458.471443586	368122.62231400615	291086.7995669965	[Prot]PEPT1058	PEPT1058	4
File8	P00080	Gene_1059	False	0.019600046311256215	0.00975962343557558	3148278.5606165067	1649295.72951442	3458698.723734992	[Prot]PEPT1059	PEPT1059	4
File6	P00046	Gene_1060	False	0.0069551264458887485	0.0028711769557924673	8329659.627609389	323311.1663970599	45736.082409048904	[Prot]PEPT1060	PEPT1060	2
File6	P00067	Gene_1061	False	0.008297155988493137	0.010420725894207006	13671448.631499764	442120.2188960781	171355.41175781266	[Prot]PEPT1061	PEPT1061	4
File2	P00037	Gene_1062	False	0.0027944722579909143	0.008707275982641951	10559380.313331075	809379.7492348884	52752.77411658493	[Prot]PEPT1062	PEPT1062	3
File4	P00021	Gene_1063	False	0.006115527574615474	0.0018562347229094912	33069425.15749597	921155.1286336445	780833.5180864694	[Prot]PEPT1063	PEPT1063	4
File1	P00066	Gene_1064	False	0.015066430969378222	0.011696538214693904	1061856.2725223708	1580906.4595926024	44997.45955157653	[Prot]PEPT1064	PEPT1064	4
File3	P00023	Gene_1065	False	0.005480311387127202	0.011944013978471543	3703176.1103213774	1225272.798144694	372262.36794308503	[Prot]PEPT1065	PEPT1065	2
File6	P00078	Gene_1066	False	0.005314686301939902	0.002172766887306459	17432448.64666087	1297288.1723619401	292681.26291297737	[Prot]PEPT1066	PEPT1066	4
File3	P00046	Gene_1067	False	0.002319638216762805	0.012136656896464579	19311747.02033548	1811712.9852111768	296319.51902871265	[Prot]PEPT1067	PEPT1067	4
File2	P00040	Gene_1068	False	0.007942399136771736	3.814275687817004e-05	2665399.943465239	2887115.5500767	135101.11790788802	[Prot]PEPT1068	PEPT1068	2
File3	P00016	Gene_1069	False	0.018042540687929022	0.005076924317845115	191010.1216615531	1380813.429247385	662845.7815444184	[Prot]PEPT1069	PEPT1069	4
File2	P00025	Gene_1070	False	0.012334526295802197	0.005238864619563513	2994931.8860304994	119772.95953735516	297494.15068367525	[Prot]PEPT1070	PEPT1070	4
File6	P00073	Gene_1071	False	0.0022397229803864226	0.010537474087047492	2256481.438030119	15650023.933752324	16153.208311369099	[Prot]PEPT1071	PEPT1071	4
File8	P00075	Gene_1072	False	0.0021957361080371697	0.01511622183411062	720913.7394213397	1492088.8923136594	4099284.038683208	[Prot]PEPT1072	PEPT1072	4
File6	P00043	Gene_1073	False	0.0010204942047346722	0.011610792283663508	753871.5069792047	6957684.532458285	368218.7020489992	[Prot]PEPT1073	PEPT1073	3
File3	P00103	Gene_1074	False	0.011002204272211144	0.019674860665361973	25643210.624160986	1739282.0728986554	252313.34966811692	[Prot]PEPT1074	PEPT1074	3
File1	P00080	Gene_1075	False	0.01843615181248465	0.0007076591689137701	48489430.28569775	872560.4542816607	104638.42143248922	[Prot]PEPT1075	PEPT1075	3
File7	P00057	Gene_1076	False	0.0123313845326312	0.0031611578802971008	22994468.384828106	44503.31391714605	314822.52584699134	[Prot]PEPT1076	PEPT1076	4
File8	P00041	Gene_1077	False	0.011870275941859548	0.0011896407654530927	831302.7665072744	387663.8958769703	26118.856006344507	[Prot]PEPT1077	PEPT1077	2
File6	P00066	Gene_1078	False	0.012951242796193736	0.0073386014153905554	1398412.2229765744	391229.06018172053	232883.07850709258	[Prot]PEPT1078	PEPT1078	2
File3	P00014	Gene_1079	False	0.00989730405663106	0.010316962227326885	15940070.302689992	471035.64236623596	124747.01912906587	[Prot]PEPT1079	PEPT1079	4
File7	P00089	Gene_1080	False	0.005267542144696156	0.015255556366665497	10283071.674783282	5607179.745491357	20291958.232477084	[Prot]PEPT1080	PEPT1080	3
File5	P00104	Gene_1081	False	0.014841821804204859	0.017421392001308458	18380584.660816945	1711498.7150194892	1066966.1588972064	[Prot]PEPT1081	PEPT1081	4
File2	P00079	Gene_1082	False	0.012506441469232585	0.008525527458923092	10260903.19665489	323268.8864137739	1767017.8710081861	[Prot]PEPT1082	PEPT1082	3
File1	P00017	Gene_1083	False	0.003968176645420933	0.005864871505066267	6494834.776198054	1615420.5257147315	101050.78441618173	[Prot]PEPT1083	PEPT1083	3
File7	P00065	Gene_1084	False	0.014599989526924604	0.00727702171621944	3909140.0164830587	551160.5488711853	74098.46373718056	[Prot]PEPT1084	PEPT1084	4
File4	P00067	Gene_1085	False	0.012670360222431882	0.006147031842953508	1295006.2918460637	5442533.031271229	73471.44995376635	[Prot]PEPT1085	PEPT1085	4
File6	P00096	Gene_1086	False	0.008536409116959976	0.015288674741345909	3739147.414329868	357832.8204931005	416916.10741780314	[Prot]PEPT1086	PEPT1086	2
File8	P00077	Gene_1087	False	0.017509689683353223	0.005137102388331607	11291349.136465916	10701161.133629287	38851.319035102926	[Prot]PEPT1087	PEPT1087	4
File6	P00042	Gene_1088	False	0.007365140390631706	0.018189609987317442	1013103.1795087017	175873.84197485703	790585.383392329	[Prot]PEPT1088	PEPT1088	2
File8	P00079	Gene_1089	False	0.008650698050285888	0.01964486882373329	2175678.8860724005	1058552.6555476387	1225372.494907372	[Prot]PEPT1089	PEPT1089	3
File5	P00029	Gene_1090	False	0.016455883355401678	0.007783408537270822	210427.64056510568	2598600.597550426	746597.9105234097	[Prot]PEPT1090	PEPT1090	4
File1	P00022	Gene_1091	False	0.01561869012015238	0.011158854050015639	707499.0444155962	41742.062444958254	123167.29219029596	[Prot]PEPT1091	PEPT1091	2
File8	P00067	Gene_1092	False	0.003963378094726433	0.016909745776135778	22115893.233130436	1292182.7146719766	575732.7668462011	[Prot]PEPT1092	PEPT1092	2
File2	P00009	Gene_1093	False	0.0021358268814821945	0.00514688838773731	1084235.2940366918	3290288.7895438434	55479.63982405567	[Prot]PEPT1093	PEPT1093	4
File8	P00114	Gene_1094	False	0.018369629504315928	0.006725865856796771	5107757.143844928	692125.9439944039	824077.2790499086	[Prot]PEPT1094	PEPT1094	3
File4	P00115	Gene_1095	False	0.014735736879700364	0.0022316857825471215	4766462.876136245	3265941.37633717	37519.70319424703	[Prot]PEPT1095	PEPT1095	4
File2	P00022	Gene_1096	False	0.0031361940918954103	0.008263070785688848	2630716.7605422395	279822.7723255383	595916.5435752898	[Prot]PEPT1096	PEPT1096	4
File1	P00089	Gene_1097	False	0.0038122097626464434	0.0005932787533913176	3053985.2938336562	26735132.46265506	58650.645070468025	[Prot]PEPT1097	PEPT1097	3
File3	P00049	Gene_1098	False	0.017513531384407453	0.015945999357883486	1793265.1853628657	922421.976889387	976452.8436957133	[Prot]PEPT1098	PEPT1098	2
File5	P00010	Gene_1099	False	0.0025873336997309848	0.016879181429583952	1396286.0894828173	1337079.8371840254	187055.92769755542	[Prot]PEPT1099	PEPT1099	4
File3	P00057	Gene_1100	False	0.0023398096784813705	0.0056418181040006465	2268791.740273783	1412840.5425355816	117570.57019451271	[Prot]PEPT1100	PEPT1100	4
File3	P00031	Gene_1101	False	0.004407823117424876	0.006228161144329481	9560526.558023913	215287.3354971661	653146.5654636435	[Prot]PEPT1101	PEPT1101	4
File6	P00063	Gene_1102	False	0.005536263073009164	0.0007451053395068174	146707.98869923872	2599316.7314814585	9005245.344489845	[Prot]PEPT1102	PEPT1102	4
File3	P00037	Gene_1103	False	0.012463039704368968	0.010443271343369507	7197617.401910752	1066142.1171829829	339779.87754294125	[Prot]PEPT1103	PEPT1103	2
File4	P00046	Gene_1104	False	0.009477776793042203	0.011989350783305961	815082.0040095426	472295.55645450426	242234.43411379762	[Prot]PEPT1104	PEPT1104	2
File1	P00047	Gene_1105	False	0.0084417376902996	0.007544882336385343	2304899.1079556756	2996808.9739598716	55695.342829288915	[Prot]PEPT1105	PEPT1105	2
File6	P00091	Gene_1106	False	0.01330747068274136	0.016537102341507917	2483045.5499919388	237143.66215165908	193605.79603048458	[Prot]PEPT1106	PEPT1106	2
File3	P00116	Gene_1107	False	0.019251058013505774	0.010110662628150264	2503007.805518818	57445.63818908595	53110.57379567293	[Prot]PEPT1107	PEPT1107	2
File6	P00030	Gene_1108	False	0.017794488036006098	0.00639778573646796	4210032.149667559	2248554.2579201967	388285.46051355737	[Prot]PEPT1108	PEPT1108	4
File7	P00085	Gene_1109	False	0.005405435534468381	0.005728935038442742	16342899.339481222	291078.99924720934	163956.96429495033	[Prot]PEPT1109	PEPT1109	3
File3	P00034	Gene_1110	False	0.010363964083930003	0.011199428444419042	23016602.134721626	628446.8110622386	198259.00271963148	[Prot]PEPT1110	PEPT1110	4
File1	P00013	Gene_1111	False	0.01931032407591513	0.006457444358712219	293174.0093937721	213865.1201103176	15599.449933535045	[Prot]PEPT1111	PEPT1111	2
File7	P00089	Gene_1112	False	0.016930153124409313	0.01915761560727836	4174880.730746388	3044600.019631702	232211.77506709396	[Prot]PEPT1112	PEPT1112	4
File6	P00111	Gene_1113	False	0.0025139309950910405	0.00791657060974808	40588278.186358586	539348.4987151613	162260.3198153836	[Prot]PEPT1113	PEPT1113	4
File1	P00089	Gene_1114	False	0.0008112107139851399	0.007895764303009463	26837682.77783269	901177.3509578777	354374.13046372816	[Prot]PEPT1114	PEPT1114	3
File1	P00106	Gene_1115	False	0.010234456534495694	0.009785099332405955	7170570.276388575	579524.7332035607	140499.99672803798	[Prot]PEPT1115	PEPT1115	3
File7	P00070	Gene_1116	False	0.012775401273508985	0.010529846916975748	2334549.453648455	298917.9819279561	801086.3156543949	[Prot]PEPT1116	PEPT1116	2
File1	P00031	Gene_1117	False	0.01575263186106894	0.008376010994939802	3864471.397778367	33171159.852137487	61026.10037187137	[Prot]PEPT1117	PEPT1117	3
File4	P00005	Gene_1118	False	0.00018113114575698307	0.01485724727344705	2026104.3348613041	84818492.4734451	32166.374917157966	[Prot]PEPT1118	PEPT1118	3
File5	P00097	Gene_1119	False	0.017709075119690165	0.015281223710243026	2716123.6141120302	569546.1010156038	234517.93250899666	[Prot]PEPT1119	PEPT1119	2
File3	P00064	Gene_1120	False	0.015710381159472386	0.01336334162897219	504771.45557638333	253644.84360098987	374470.12757536105	[Prot]PEPT1120	PEPT1120	4
File2	P00110	Gene_1121	False	0.00554728275828448	0.013832415148253981	5928038.824128316	2922352.305219784	18616.379509652623	[Prot]PEPT1121	PEPT1121	2
File5	P00085	Gene_1122	False	0.000338909323171388	0.01764217976839197	358876.86184889986	827940.0230911647	1164333.1552691497	[Prot]PEPT1122	PEPT1122	3
File7	P00002	Gene_1123	False	0.012393270280139984	0.012972541578985912	4262418.532968158	394832.48262046464	213132.009502649	[Prot]PEPT1123	PEPT1123	3
File8	P00067	Gene_1124	False	0.007910829754985502	0.005034579073572227	4196728.859593994	881506.032423657	370534.86132012936	[Prot]PEPT1124	PEPT1124	2
File8	P00052	Gene_1125	False	0.012707507214258798	0.0074221259379510145	5312431.444618518	1141057.3544082346	629066.9057116116	[Prot]PEPT1125	PEPT1125	2
File4	P00064	Gene_1126	False	0.01280987241882299	0.006336764209804731	2304556.0665672533	5634523.941015392	928422.9738269135	[Prot]PEPT1126	PEPT1126	4
File7	P00045	Gene_1127	False	0.013083876509878736	0.009417967910961292	1810715.5181228938	302216.59033588244	141405.8485544919	[Prot]PEPT1127	PEPT1127	2
File7	P00034	Gene_1128	False	0.013141817940945353	0.001413715824278079	5761728.683027925	1197410.951520069	845676.2619212477	[Prot]PEPT1128	PEPT1128	2
File7	P00087	Gene_1129	False	0.0029160485645267765	0.012635501619732196	5279517.327683936	339419.4178214627	528210.7671191865	[Prot]PEPT1129	PEPT1129	2
File7	P00059	Gene_1130	False	0.008911497643366507	0.005045790491428855	60446146.19631102	106248.85166203567	2549388.0856487355	[Prot]PEPT1130	PEPT1130	4
File6	P00020	Gene_1131	False	0.017956088176806762	0.008983664820729603	67310377.97641492	1126920.9834712786	869316.8037979109	[Prot]PEPT1131	PEPT1131	3
File8	P00057	Gene_1132	False	0.009271537282855853	0.01283714395779977	695015.1635165514	822090.775836759	316480.0696530107	[Prot]PEPT1132	PEPT1132	4
File5	P00072	Gene_1133	False	0.01968900131532608	0.019800479393230274	5745773.046528828	16463171.778030016	5360977.55830327	[Prot]PEPT1133	PEPT1133	4
File7	P00020	Gene_1134	False	0.015485769927756332	0.002253721429289941	540797.7841630259	2447048.735584733	891308.7207190433	[Prot]PEPT1134	PEPT1134	2
File2	P00050	Gene_1135	False	0.012266505541081217	0.01638788550955192	2424257.078884459	11492869.711098678	94444.02594216779	[Prot]PEPT1135	PEPT1135	4
File8	P00037	Gene_1136	False	0.015652298558164798	0.00433921759616184	374839.8389171839	192606.78823372646	132077.96890774713	[Prot]PEPT1136	PEPT1136	3
File2	P00116	Gene_1137	False	0.012574578870586115	0.01072609246651937	2274607.3767421264	1491079.8596774077	2336829.694385336	[Prot]PEPT1137	PEPT1137	2
File5	P00028	Gene_1138	False	0.01405910158339162	0.006100423888332509	13071639.052565502	65450.37898783686	1335255.1051091177	[Prot]PEPT1138	PEPT1138	3
File5	P00070	Gene_1139	False	0.004129259656821986	0.002013715470383799	11198761.869533274	5767768.853400036	24583.759653397185	[Prot]PEPT1139	PEPT1139	2
File6	P00062	Gene_1140	False	0.0074523929476996795	0.006463726584884961	12830944.961939637	1166141.707409189	454466.03720067133	[Prot]PEPT1140	PEPT1140	2
File7	P00095	Gene_1141	False	0.004612137421084679	0.017681053877244758	2233513.8379925983	3685675.3878857	483957.99837070337	[Prot]PEPT1141	PEPT1141	2
File6	P00115	Gene_1142	False	0.0018468824229297565	0.0018840143188619462	3938860.4486018294	315097.7189507412	271166.14617688506	[Prot]PEPT1142	PEPT1142	2
File3	P00019	Gene_1143	False	0.004967381135384998	0.018457555506212264	9814992.693288714	139621.8369621343	33984.20277980744	[Prot]PEPT1143	PEPT1143	4
File3	P00036	Gene_1144	False	0.013218492812685577	0.011411502626580623	2239650.793473895	4920704.81114023	376573.29906271445	[Prot]PEPT1144	PEPT1144	3
File2	P00064	Gene_1145	False	0.01621837380799784	0.018250965887017773	1665423.84819074	42963.41593373259	189283.5596946036	[Prot]PEPT1145	PEPT1145	2
File7	P00015	Gene_1146	False	0.018917309050661857	0.018281544437684146	22124834.798203036	585415.9631537992	185582.65792712828	[Prot]PEPT1146	PEPT1146	2
File2	P00043	Gene_1147	False	0.014818930873190223	0.015044263979109712	7147867.451651036	823157.8553924846	1346189.2932077525	[Prot]PEPT1147	PEPT1147	2
File5	P00062	Gene_1148	False	0.0011702046833671354	0.016310934274211868	800556.8294191491	1623068.4841376652	511911.8273318485	[Prot]PEPT1148	PEPT1148	4
File5	P00119	Gene_1149	False	0.015539836622564482	0.013193361388980704	13613180.976132948	5496506.217794559	69286.2002207596	[Prot]PEPT1149	PEPT1149	2
File6	P00100	Gene_1150	False	0.0005572387108092358	0.010874282740615528	13753206.951880664	5306328.579779457	36088.99664064614	[Prot]PEPT1150	PEPT1150	2
File7	P00029	Gene_1151	False	0.017856184482259185	0.006903527317557525	130727.74914612331	329280.0124195528	1112649.8743715333	[Prot]PEPT1151	PEPT1151	2
File1	P00011	Gene_1152	False	0.016575064356224356	0.0033730025985810475	770949.5312429231	10927730.61889848	55189.31527734725	[Prot]PEPT1152	PEPT1152	3
File5	P00106	Gene_1153	False	0.00854281917983645	0.011000284137072847	820382.4716300579	495597.930719359	502911.144219593	[Prot]PEPT1153	PEPT1153	3
File4	P00014	Gene_1154	False	0.010637409515062073	0.01552432174782628	891458.8651735112	2508755.7673206814	122786.7360248298	[Prot]PEPT1154	PEPT1154	4
File8	P00059	Gene_1155	False	0.019848722483976625	0.008550700233239599	1548812.937504334	20722835.017788753	1040716.6744019602	[Prot]PEPT1155	PEPT1155	3
File8	P00017	Gene_1156	False	0.01410094776037506	0.0022031265465004713	6535005.829369557	995075.5595519857	75985.56861455932	[Prot]PEPT1156	PEPT1156	3
File1	P00063	Gene_1157	False	0.010381209255165119	0.002493406615819136	37116535.19161382	701200.0690842895	468412.80952466856	[Prot]PEPT1157	PEPT1157	3
File7	P00038	Gene_1158	False	0.013860187536234707	0.012867050066373264	20751355.66995938	1376198.012831819	490607.2389860929	[Prot]PEPT1158	PEPT1158	3
File6	P00068	Gene_1159	False	0.006329398206160377	0.01887511956809245	6958651.692983356	224722.8080100397	830906.4761796506	[Prot]PEPT1159	PEPT1159	2
File5	P00045	Gene_1160	False	0.0018364107890110981	0.0016629820531725238	5909136.538954346	236701.5522927607	7517539.702048503	[Prot]PEPT1160	PEPT1160	3
File2	P00030	Gene_1161	False	0.0024044068899561942	0.016860665091566866	1226946.3036706485	2009780.3000120001	154479.19245603032	[Prot]PEPT1161	PEPT1161	2
File4	P00051	Gene_1162	False	0.0068410695289295885	0.007431310900488437	6998673.742846238	1097479.771930525	57450.8625124158	[Prot]PEPT1162	PEPT1162	3
File8	P00092	Gene_1163	False	0.005651285789242666	0.0004269358101792342	28837511.914568197	1294061.843353449	205946.6532153545	[Prot]PEPT1163	PEPT1163	3
File8	P00118	Gene_1164	False	0.0020038385866340412	0.011927197685335733	1151327.1251463357	96156.19687381905	291446.3214980896	[Prot]PEPT1164	PEPT1164	3
File2	P00060	Gene_1165	False	0.012538040128561696	0.0027342632969976455	2134372.571668374	41715397.79982703	565274.575771617	[Prot]PEPT1165	PEPT1165	3
File3	P00068	Gene_1166	False	0.009679486385298728	0.0011236592269846391	1899912.8362426357	282437.84284385695	131073.51373913186	[Prot]PEPT1166	PEPT1166	3
File6	P00118	Gene_1167	False	0.0017183751132387637	0.004862475007746143	41326931.91917249	477831.556486358	339565.9111664152	[Prot]PEPT1167	PEPT1167	3
File4	P00040	Gene_1168	False	0.01009633202368508	0.019501390990378002	1638867.1263277738	105046.60732652983	174431.9765841586	[Prot]PEPT1168	PEPT1168	2
File8	P00040	Gene_1169	False	0.015570259320662937	0.004637608698635496	6373267.743965324	641232.4630379135	840951.0151118437	[Prot]PEPT1169	PEPT1169	2
File4	P00026	Gene_1170	False	0.005996514609346819	0.002548965601363429	829782.7580832159	475541.7044205457	51487.28260522375	[Prot]PEPT1170	PEPT1170	3
File8	P00087	Gene_1171	False	0.006169820140494476	0.01817926638000434	6012572.254731291	109424.34409118762	1808963.4410761164	[Prot]PEPT1171	PEPT1171	2
File6	P00021	Gene_1172	False	0.007925133087160712	0.01831431890980229	596361.404222419	1017098.4227168303	528087.0848498014	[Prot]PEPT1172	PEPT1172	3
File3	P00031	Gene_1173	False	0.014923946123847691	0.008116252741607233	1044423.8125936709	479089.75802500016	103432.52889033698	[Prot]PEPT1173	PEPT1173	4
File8	P00113	Gene_1174	False	0.005260288053869557	0.012424629451314262	3310303.1298395484	1857018.531927812	270560.6077204763	[Prot]PEPT1174	PEPT1174	2
File5	P00092	Gene_1175	False	0.0036795442072568617	0.011330079937720838	6862990.100713889	764311.3710213705	153957.80965092918	[Prot]PEPT1175	PEPT1175	2
File3	P00036	Gene_1176	False	0.019501175571359143	0.005425736720939969	1483809.6400730964	4047803.0759911807	144652.08587371162	[Prot]PEPT1176	PEPT1176	2
File1	P00042	Gene_1177	False	0.009788274882055987	0.01036738112950789	434738.7786960829	1139864.2022044617	365862.9016957703	[Prot]PEPT1177	PEPT1177	2
File7	P00010	Gene_1178	False	0.0049610733858874755	0.01297691854391391	1163104.0020196754	1473501.576604461	19566.471092113192	[Prot]PEPT1178	PEPT1178	4
File8	P00032	Gene_1179	False	0.0014435955645501154	0.00759932555420956	589994.5161544691	457486.86894313217	22546.32158033184	[Prot]PEPT1179	PEPT1179	4
File5	P00071	Gene_1180	False	0.0004916427394894219	0.007499174944589506	830722.2927467284	446124.275092193	383962.5475222887	[Prot]PEPT1180	PEPT1180	2
File4	P00027	Gene_1181	False	0.016231552242355656	0.013518337423440597	1363497.311803457	934785.3981671759	17586.827469497268	[Prot]PEPT1181	PEPT1181	3
File8	P00056	Gene_1182	False	0.003587407574984265	0.005398044087568259	441962.99812161026	625643.6062212831	453686.0485676213	[Prot]PEPT1182	PEPT1182	3
File3	P00064	Gene_1183	False	0.008156878951541017	0.005017301319973984	5087498.190658343	1413309.910843588	369588.60585436696	[Prot]PEPT1183	PEPT1183	4
File8	P00049	Gene_1184	False	0.019612121274279314	0.004991240657879716	235229.87024223222	14370349.975263262	237860.09999445066	[Prot]PEPT1184	PEPT1184	4
File1	P00010	Gene_1185	False	0.018491451663823114	0.0017783510700384066	10516194.784237623	3419171.3369463356	940560.0557716908	[Prot]PEPT1185	PEPT1185	3
File1	P00113	Gene_1186	False	0.0013578601052503792	0.0012797218664655087	2409068.7343560923	69776.16019403872	291807.2371718564	[Prot]PEPT1186	PEPT1186	4
File3	P00088	Gene_1187	False	0.010353305391221623	0.007432799109741222	6207277.110043615	702899.2986337836	11756.177245860423	[Prot]PEPT1187	PEPT1187	3
File2	P00026	Gene_1188	False	0.013486701247665284	0.01987866963233817	1206046.3987425514	514797.7317211742	3452557.55080484	[Prot]PEPT1188	PEPT1188	4
File1	P00009	Gene_1189	False	0.011508246601876453	0.0022167572381431256	11345245.731451701	64420.567476322794	1796620.134321497	[Prot]PEPT1189	PEPT1189	3
File6	P00047	Gene_1190	False	0.004519440259240169	0.010591799175581434	5073144.955157472	6609439.842446305	634222.955294587	[Prot]PEPT1190	PEPT1190	4
File1	P00089	Gene_1191	False	0.013663268033452169	0.01142331477952063	7563852.009802492	353264.5653054424	191748.10898601668	[Prot]PEPT1191	PEPT1191	3
File6	P00044	Gene_1192	False	0.004726703918927142	0.002609091355263975	3566044.5945409928	1911356.0663870696	29829.81967413327	[Prot]PEPT1192	PEPT1192	4
File5	P00028	Gene_1193	False	0.01736948915203852	0.003352518037878758	2383316.877824707	938921.1985601496	505004.6313237033	[Prot]PEPT1193	PEPT1193	2
File4	P00120	Gene_1194	False	0.01683148456373568	0.005911351049598712	1733166.4216332666	988796.4597183195	389692.50338451075	[Prot]PEPT1194	PEPT1194	2
File7	P00096	Gene_1195	False	0.01438927698767064	0.019880020008117102	14107022.400231082	1651971.7652628352	50278.69115402528	[Prot]PEPT1195	PEPT1195	2
File2	P00107	Gene_1196	False	0.004936222528867598	0.0038609659691536046	5435802.446017248	9750137.531501018	31919.18906603816	[Prot]PEPT1196	PEPT1196	4
File6	P00056	Gene_1197	False	0.01738682787259094	0.006618363335945754	1736089.2542702428	141787.28065068822	471572.80381102546	[Prot]PEPT1197	PEPT1197	3
File1	P00065	Gene_1198	False	0.015747030827636156	0.01541426312623789	4741838.365177563	185780.40833308198	342243.3067293836	[Prot]PEPT1198	PEPT1198	2
File1	P00117	Gene_1199	False	0.002704696720851829	0.01062486737198188	10101387.099161888	37292966.8886923	2577299.939752174	[Prot]PEPT1199	PEPT1199	2
