Run	Protein.Group	Protein.Ids	Protein.Names	Genes	Precursor.Id	Modified.Sequence	Stripped.Sequence	Precursor.Charge	Precursor.Normalised	PG.MaxLFQ	Global.Q.Value	PG.Q.Value	Lib.Q.Value	Lib.PG.Q.Value
Run1	P00137	P00137	Gene_0	Gene_0	PEP00000	PEPT0	PEPT0	4	446858.51114500244	60675434.97974103	0.0003685846420513395	0.013528312304395471	0.0012473477418042524	0.010438001570151498
Run4	P00065	P00065	Gene_1	Gene_1	PEP00001	PEPT1	PEPT1	4	802739.4052545169	2218706.5419055093	0.01867178476999211	0.005504287047239192	0.0011915702714404741	0.005947430770038127
Run1	P00064	P00064	Gene_2	Gene_2	PEP00002	PEPT2	PEPT2	4	883128.4739626776	6961945.751799701	0.016775760438070362	0.014221478613416225	0.00863523808388378	0.011873896275779075
Run1	P00064	P00064	Gene_3	Gene_3	PEP00003	PEPT3	PEPT3	4	869496.8307527372	2419589.0553448354	0.0033272135568540875	0.0022853064172578576	0.016496037619118564	0.009227704604927462
Run3	P00097	P00097	Gene_4	Gene_4	PEP00004	PEPT4	PEPT4	4	107084.34889333174	20338828.35592256	0.0024196881526913506	0.0022289817241612896	0.010507546562764054	0.019229235877150794
Run4	P00111	P00111	Gene_5	Gene_5	PEP00005	PEPT5	PEPT5	2	768199.9231260766	10447805.2222498	0.002681943881037172	0.013546410594238285	0.016511711480179082	0.015052127486293742
Run5	P00076	P00076	Gene_6	Gene_6	PEP00006	PEPT6	PEPT6	3	2439841.848320199	9229471.85985097	0.01969057013575641	0.015346627517795282	0.018557071026386904	0.0028212453508178336
Run8	P00126	P00126	Gene_7	Gene_7	PEP00007	PEPT7	PEPT7	4	472326.89644487516	1094296.6707217342	0.010358537992974877	0.007709766815454582	0.008773333205615916	0.005927535962761608
Run2	P00125	P00125	Gene_8	Gene_8	PEP00008	PEPT8	PEPT8	4	545646.2996138762	698002.9122666551	0.0184325311939318	0.013920891960441016	0.0074975426478231565	0.018752378047188215
Run1	P00102	P00102	Gene_9	Gene_9	PEP00009	PEPT9	PEPT9	4	3122459.8665042287	2474378.3427614616	0.01999658170973482	0.004463031738277377	0.00813745452327073	0.016903289097483298
Run7	P00015	P00015	Gene_10	Gene_10	PEP00010	PEPT10	PEPT10	3	1059081.1715147365	1404565.935954699	0.011264697639440806	0.011384961268278475	0.014143624926142113	0.006166484448018462
Run4	P00030	P00030	Gene_11	Gene_11	PEP00011	PEPT11	PEPT11	3	738015.6241301286	1298643.3299745393	0.007824675897106344	0.002175221792078783	0.006844428127418319	0.010439572932021341
Run6	P00021	P00021	Gene_12	Gene_12	PEP00012	PEPT12	PEPT12	2	517645.6139883989	635307.9999252391	0.004304840686237885	0.014542628982168505	0.004368902977024714	0.01563601687485757
Run3	P00021	P00021	Gene_13	Gene_13	PEP00013	PEPT13	PEPT13	2	86298.61810118584	265504.21455819695	0.00445275516947579	0.002917877334868098	0.017248764204788738	0.00039105129788496784
Run3	P00077	P00077	Gene_14	Gene_14	PEP00014	PEPT14	PEPT14	2	1869275.710664046	50065248.59725001	0.00808792315532353	0.015347728360317206	0.013622716503099428	0.003641967994860531
Run8	P00063	P00063	Gene_15	Gene_15	PEP00015	PEPT15	PEPT15	3	2488881.5423005116	4298532.031411435	0.007545992986152625	0.003131204893764825	0.005866509307552692	0.00167771830588912
Run8	P00087	P00087	Gene_16	Gene_16	PEP00016	PEPT16	PEPT16	4	327497.19912604813	4266422.656361095	0.018185761223365446	0.006321207016676886	0.015723100642249223	0.01765811433647588
Run1	P00092	P00092	Gene_17	Gene_17	PEP00017	PEPT17	PEPT17	2	632634.3030260453	4800148.161344912	0.010353693796279768	0.010196343655268005	0.0062551161373462305	0.006944284573498487
Run7	P00120	P00120	Gene_18	Gene_18	PEP00018	PEPT18	PEPT18	2	4393320.222484549	13537734.757965682	0.014229017328139311	0.008833199552251834	0.015464942345439252	0.0011921709425805284
Run7	P00063	P00063	Gene_19	Gene_19	PEP00019	PEPT19	PEPT19	4	7964330.650209198	4313045.122713546	0.008281731253354643	0.01224249703411287	0.013673182485720666	0.013824989622723008
Run8	P00011	P00011	Gene_20	Gene_20	PEP00020	PEPT20	PEPT20	2	7988911.343057333	1246385.3654364941	0.006336370034605778	0.009967781795115219	0.007017775775821529	0.012823399590057879
Run7	P00004	P00004	Gene_21	Gene_21	PEP00021	PEPT21	PEPT21	2	370276.14815505705	3274939.13506516	0.002465005189470677	0.014827703838489808	0.0022371329232262083	0.005517642004298095
Run4	P00137	P00137	Gene_22	Gene_22	PEP00022	PEPT22	PEPT22	3	940386.0355289605	18543347.467569064	0.007318231004909695	0.008683200005315885	0.0072986821317260284	0.014663082229840418
Run3	P00148	P00148	Gene_23	Gene_23	PEP00023	PEPT23	PEPT23	4	8753736.408406584	2163272.68903734	0.010296856925007576	0.01078784926147861	0.01603188297870802	0.011328609577735935
Run3	P00131	P00131	Gene_24	Gene_24	PEP00024	PEPT24	PEPT24	2	658966.7734595271	5285290.184856502	0.0018255886309472237	0.002464071851283074	0.011450969686918536	0.01612921181320741
Run2	P00095	P00095	Gene_25	Gene_25	PEP00025	PEPT25	PEPT25	2	25210.137381898305	18359995.260925245	0.006032637248710344	0.007791464397431296	0.0005279400923306254	0.01943984830383382
Run8	P00136	P00136	Gene_26	Gene_26	PEP00026	PEPT26	PEPT26	4	740871.5109136759	75391200.52007923	0.009753976191111015	0.004200041679799435	0.011860284122552425	0.004196949533261439
Run5	P00014	P00014	Gene_27	Gene_27	PEP00027	PEPT27	PEPT27	3	78487.14264500735	105160401.50599533	0.0025185980178452174	0.007577918751099306	0.012695598285055511	0.006017733110554746
Run8	P00087	P00087	Gene_28	Gene_28	PEP00028	PEPT28	PEPT28	4	5487864.270571071	2139313.9904007306	0.009763805458223973	0.004124664794506599	0.011176115307817154	0.004657696645155169
Run6	P00054	P00054	Gene_29	Gene_29	PEP00029	PEPT29	PEPT29	2	1846940.306033012	12044381.197330788	0.003930833789785664	0.01813190008710366	0.013031000023206231	0.011889002589710927
Run7	P00012	P00012	Gene_30	Gene_30	PEP00030	PEPT30	PEPT30	3	176806.07708845125	3175265.6477855504	0.010019357015176174	0.013068326624911891	0.013552226149670379	0.0009889973654465623
Run8	P00042	P00042	Gene_31	Gene_31	PEP00031	PEPT31	PEPT31	3	2500093.737144451	6163350.8332346575	0.01907081711787542	0.0020808115761748523	0.009444998945471041	0.012239713644806447
Run7	P00053	P00053	Gene_32	Gene_32	PEP00032	PEPT32	PEPT32	3	252542.34377358554	3109763.317855919	0.013293491912829455	0.00930660617612707	0.005087833804590261	0.0027974360740078284
Run5	P00081	P00081	Gene_33	Gene_33	PEP00033	PEPT33	PEPT33	4	21418551.958501738	41000266.23052361	0.01243868587593135	0.01861875335523791	6.136803674070768e-05	0.006513487197606136
Run2	P00041	P00041	Gene_34	Gene_34	PEP00034	PEPT34	PEPT34	4	2215129.421117006	49080563.81844888	0.011391521744355718	0.0013389766805731052	0.009898913821994777	0.013959035388874552
Run6	P00043	P00043	Gene_35	Gene_35	PEP00035	PEPT35	PEPT35	3	1226030.4525938611	39906322.12144592	0.012717177779756656	0.015430549532135511	0.01951706689854323	0.014151165691566745
Run3	P00059	P00059	Gene_36	Gene_36	PEP00036	PEPT36	PEPT36	2	123641.62498808175	39031959.7366764	0.014641407110542607	0.011610652806102382	0.010685857898590959	0.0052772475974466725
Run1	P00097	P00097	Gene_37	Gene_37	PEP00037	PEPT37	PEPT37	4	1416799.09511338	1777544.0241472875	0.01622667349814849	0.0055924273904650315	0.0017529447013614563	0.00044443374042582253
Run8	P00106	P00106	Gene_38	Gene_38	PEP00038	PEPT38	PEPT38	4	649857.7258575336	3283658.508789562	0.007820165444796882	0.019207694758054863	0.0038057558791280565	0.004986260466526255
Run4	P00145	P00145	Gene_39	Gene_39	PEP00039	PEPT39	PEPT39	4	516353.66523825994	6913177.9745793855	0.014698102517358485	0.0035168109170027506	0.012478875966102634	0.010805371827117
Run1	P00041	P00041	Gene_40	Gene_40	PEP00040	PEPT40	PEPT40	3	1139692.0767548268	8990678.097579015	0.018598914873289043	0.016647662303234067	0.004361601950816545	0.012231249073981779
Run8	P00006	P00006	Gene_41	Gene_41	PEP00041	PEPT41	PEPT41	3	7891001.673564238	1974287.7410958977	0.011809108828315045	0.012630988124517094	0.01807652938979139	0.0015960976951881701
Run4	P00026	P00026	Gene_42	Gene_42	PEP00042	PEPT42	PEPT42	4	2842287.38914769	6690992.565580805	0.007893168571385759	0.019170304660103648	0.003441613510295787	0.016889467331417024
Run3	P00071	P00071	Gene_43	Gene_43	PEP00043	PEPT43	PEPT43	3	3203872.9177485327	280196.5414960938	0.014418993675952976	0.012458225834772102	0.014912850150322872	0.0036109097465176986
Run6	P00014	P00014	Gene_44	Gene_44	PEP00044	PEPT44	PEPT44	3	1954440.0433469485	187017.57771670073	0.010056294390344072	0.015768812976291555	0.007255414016819193	0.005856876257089323
Run3	P00011	P00011	Gene_45	Gene_45	PEP00045	PEPT45	PEPT45	3	1416936.4037149134	1848141.8403981442	0.004355181856630765	0.016960141795400216	0.018909967393434236	0.0036208049876724126
Run6	P00104	P00104	Gene_46	Gene_46	PEP00046	PEPT46	PEPT46	3	2071481.1974080957	23639850.28050615	0.0020854236766883073	0.018046748204277777	0.014217143426331551	0.0011130523595462628
Run8	P00027	P00027	Gene_47	Gene_47	PEP00047	PEPT47	PEPT47	2	2996204.037618056	371054.14371136605	0.004952638087773231	0.003976846735300201	0.0175470086805808	0.01423207125738572
Run8	P00022	P00022	Gene_48	Gene_48	PEP00048	PEPT48	PEPT48	2	1119243.3175718402	5306124.409328662	0.011483490910670562	0.007417075729943736	0.018815509546416375	0.01314159914266919
Run6	P00144	P00144	Gene_49	Gene_49	PEP00049	PEPT49	PEPT49	4	4117654.0519134207	15645821.640926097	0.002759361262051474	0.01274904091480327	0.015368701331285784	0.007324960962448696
Run4	P00112	P00112	Gene_50	Gene_50	PEP00050	PEPT50	PEPT50	2	597691.1979404145	25437316.92079828	0.0038845905982765297	0.009745624746757331	0.004029871768408046	0.019550731233662032
Run6	P00132	P00132	Gene_51	Gene_51	PEP00051	PEPT51	PEPT51	3	7345106.173298973	362327.8145625555	0.007471074252434595	0.019637544636849986	0.0015122305556990524	0.0037753367094526835
Run4	P00037	P00037	Gene_52	Gene_52	PEP00052	PEPT52	PEPT52	3	2839050.247600019	132282637.29393181	0.00029297861234196977	0.009378920586965114	0.007980442223748482	0.019716255944964955
Run5	P00102	P00102	Gene_53	Gene_53	PEP00053	PEPT53	PEPT53	4	3002892.6643047547	2196366.4895172855	0.008141023464208384	0.0029267787539270598	0.007929142332763324	0.012140575220039288
Run6	P00003	P00003	Gene_54	Gene_54	PEP00054	PEPT54	PEPT54	2	240338.02194516745	9967191.74180322	0.0013743975658640562	0.00427913883507362	0.009153401508488923	0.00552130335394577
Run5	P00004	P00004	Gene_55	Gene_55	PEP00055	PEPT55	PEPT55	2	817098.0925023521	57601828.58199207	0.0175614349303092	0.01811211664475311	0.01021340459595509	0.01465426222152595
Run2	P00005	P00005	Gene_56	Gene_56	PEP00056	PEPT56	PEPT56	2	385059.08760781126	2879373.3865781673	0.006117967575350927	0.013429530989694832	0.010051408167431209	0.006344223023806477
Run4	P00087	P00087	Gene_57	Gene_57	PEP00057	PEPT57	PEPT57	2	198748.2526800555	3192421.347465664	0.010485384293600441	0.018852270325784716	0.0019983338334346157	0.01749582654151676
Run7	P00057	P00057	Gene_58	Gene_58	PEP00058	PEPT58	PEPT58	3	5063552.956401553	4939414.536754702	0.004413764150118169	0.01722821045277245	0.013887688354160797	0.012327858665615959
Run4	P00077	P00077	Gene_59	Gene_59	PEP00059	PEPT59	PEPT59	3	267554.48998433066	1775665.5920487947	0.003468013358849269	0.016354849985386957	0.008500465255278106	0.015587306116055117
Run1	P00104	P00104	Gene_60	Gene_60	PEP00060	PEPT60	PEPT60	4	710291.2229654179	12747705.05841178	0.0032080297007672075	0.019674790809333677	0.011623721739506605	0.0067996037206182235
Run1	P00004	P00004	Gene_61	Gene_61	PEP00061	PEPT61	PEPT61	3	2658927.4192967643	2931139.4401341174	0.016544048413811713	0.004340370554295465	0.010239930854798294	0.01126897853624339
Run2	P00036	P00036	Gene_62	Gene_62	PEP00062	PEPT62	PEPT62	3	9025936.816008702	884162.9839440025	0.006941015604701086	0.011923423184594724	0.004324843954695718	0.00465167593976634
Run2	P00140	P00140	Gene_63	Gene_63	PEP00063	PEPT63	PEPT63	3	343144.21280734235	6141864.745767379	0.009317785483903692	0.0037022240348873092	0.012102863954719862	0.016315038522625173
Run3	P00124	P00124	Gene_64	Gene_64	PEP00064	PEPT64	PEPT64	4	7410120.838394398	6700558.511907475	0.008454627587559852	0.010414931544951113	0.0021879890101276223	0.014978074940687787
Run8	P00084	P00084	Gene_65	Gene_65	PEP00065	PEPT65	PEPT65	2	7708073.885525549	56542724.97308571	0.006229011808765837	0.008334272915679976	0.002651397113776863	0.008765936647252021
Run3	P00134	P00134	Gene_66	Gene_66	PEP00066	PEPT66	PEPT66	2	720523.0768030067	134778075.69556442	0.0015939360305161877	0.017427400399157474	0.01906225802312574	0.01848391931363075
Run2	P00058	P00058	Gene_67	Gene_67	PEP00067	PEPT67	PEPT67	3	3195513.6119147665	4081215.802004806	0.01818490115523824	0.013746554572338317	0.017565086537269868	0.008929818948202802
Run6	P00051	P00051	Gene_68	Gene_68	PEP00068	PEPT68	PEPT68	4	13861142.880191837	30476989.465610784	0.01249569606623999	0.008235161650385195	0.0025929520122267035	0.01246825373456675
Run4	P00117	P00117	Gene_69	Gene_69	PEP00069	PEPT69	PEPT69	3	2168300.331074205	581250.626629108	0.007938461337744021	0.0187111572785654	0.0007607215646633936	0.00792305136210784
Run3	P00114	P00114	Gene_70	Gene_70	PEP00070	PEPT70	PEPT70	2	1978664.7758730694	962940.413618015	0.012836894520847053	0.008083615101564256	0.009373054619487273	0.019621845784365797
Run7	P00005	P00005	Gene_71	Gene_71	PEP00071	PEPT71	PEPT71	4	4766189.873932741	138195673.6110135	0.00022866037191365373	0.0023326541444867875	0.0021955456764598	0.018870250898341736
Run1	P00118	P00118	Gene_72	Gene_72	PEP00072	PEPT72	PEPT72	4	1692429.8285172316	371995.33009276795	0.015166316803029567	0.0007127136043254168	0.005229475411486653	0.017121398049499272
Run5	P00117	P00117	Gene_73	Gene_73	PEP00073	PEPT73	PEPT73	2	417287.29254984745	4150232.771439685	0.012399582049791724	0.01805999775564027	0.00012235614706559427	0.004105840861390999
Run6	P00125	P00125	Gene_74	Gene_74	PEP00074	PEPT74	PEPT74	2	3553226.3157057	2221027.1512736524	0.004821318143419995	0.006069637598741813	0.0047642009727288295	0.005320840262985316
Run6	P00120	P00120	Gene_75	Gene_75	PEP00075	PEPT75	PEPT75	3	1514661.5433140502	4220271.634827821	0.011824950599875483	0.008956095926721632	0.017021885540095802	0.015380359413787528
Run6	P00043	P00043	Gene_76	Gene_76	PEP00076	PEPT76	PEPT76	4	1855637.0651807513	416593.6804366118	0.004611754446171634	0.01587728586254615	0.01913212696517742	0.017431700102091417
Run7	P00051	P00051	Gene_77	Gene_77	PEP00077	PEPT77	PEPT77	3	2956880.926102622	1142897.6867239913	0.0033872509937933294	0.015409227657765647	0.019719084690228813	0.01743916930534453
Run1	P00143	P00143	Gene_78	Gene_78	PEP00078	PEPT78	PEPT78	4	18471847.891766474	82233.42607558891	0.00452356679608918	0.0028673051125488237	0.003260736194997009	0.01037486211853428
Run4	P00135	P00135	Gene_79	Gene_79	PEP00079	PEPT79	PEPT79	4	310527.8217353424	8297547.627748769	0.009718034152002246	0.006406927978464184	0.012318158780588158	0.015466346928450381
Run7	P00031	P00031	Gene_80	Gene_80	PEP00080	PEPT80	PEPT80	4	606207.492338666	26565229.421835028	0.016428415217046112	0.01927441947828362	0.0076057693877026235	0.002170424955849215
Run1	P00023	P00023	Gene_81	Gene_81	PEP00081	PEPT81	PEPT81	2	8948040.337842193	6402698.775077262	0.0005202893455073033	0.009077570116075255	0.005689224135226667	0.01992044684583398
Run3	P00037	P00037	Gene_82	Gene_82	PEP00082	PEPT82	PEPT82	3	428426.7466626653	8601653.730796954	0.003526100642175485	0.012699791299981555	0.0075905967716498645	0.01446402356231639
Run3	P00056	P00056	Gene_83	Gene_83	PEP00083	PEPT83	PEPT83	2	730284.1325947469	23821417.819638647	0.004941667961499474	0.008598391381367787	0.012054962398449193	0.01074397418893185
Run4	P00100	P00100	Gene_84	Gene_84	PEP00084	PEPT84	PEPT84	3	4534588.301069247	2763851.8838242553	0.006436864967169747	0.01779135178795891	0.004958389923030564	0.016804984950893106
Run2	P00078	P00078	Gene_85	Gene_85	PEP00085	PEPT85	PEPT85	4	563229.5931825563	20759208.03462024	0.019291143058399074	0.017160552528199417	0.010941987316689576	0.015855075654378003
Run3	P00079	P00079	Gene_86	Gene_86	PEP00086	PEPT86	PEPT86	3	3537434.6900389516	1826879.9595257766	0.0003504791928315898	0.01605270518172575	0.012484435846974647	0.0050077389576261445
Run7	P00045	P00045	Gene_87	Gene_87	PEP00087	PEPT87	PEPT87	3	2654604.829868229	5120893.820776757	0.007636749123269142	0.0053971226065948905	0.0012012350717121988	0.015811337206532893
Run3	P00071	P00071	Gene_88	Gene_88	PEP00088	PEPT88	PEPT88	2	141036.42957458596	16570052.522432385	0.003282239317299804	0.00045137205780892975	0.014874548698430872	0.008523239033688332
Run6	P00060	P00060	Gene_89	Gene_89	PEP00089	PEPT89	PEPT89	2	2987272.059105553	1925762.9654695753	0.008802839629750425	0.017919290491617133	0.009515757624223001	0.004583514166618004
Run4	P00007	P00007	Gene_90	Gene_90	PEP00090	PEPT90	PEPT90	3	3587414.139726088	17849416.85310282	0.003717981377234643	0.016640821489892963	0.014340947075039301	0.005820019662728271
Run8	P00127	P00127	Gene_91	Gene_91	PEP00091	PEPT91	PEPT91	4	1429799.468332322	4114467.1285352567	0.01871746138574808	0.008977121297446704	0.003928696744009852	0.008282141105258201
Run5	P00040	P00040	Gene_92	Gene_92	PEP00092	PEPT92	PEPT92	4	1274302.3467131434	18508088.266979285	0.0011588451030875625	0.005757504889524914	0.01396955274301745	0.001339514416951806
Run3	P00075	P00075	Gene_93	Gene_93	PEP00093	PEPT93	PEPT93	2	134723227.08881795	3730423.1759234583	0.018761153152777016	0.009368613695953622	0.00878614429836199	0.017507198558596292
Run4	P00100	P00100	Gene_94	Gene_94	PEP00094	PEPT94	PEPT94	4	846394.1821150295	6549018.978469777	0.004283500157349756	0.0069668770663800375	0.002986438440558703	0.017201649788146412
Run6	P00117	P00117	Gene_95	Gene_95	PEP00095	PEPT95	PEPT95	2	30165.029651607263	12883277.93223547	0.01805387611566084	0.01217215957551671	0.008856873042821319	0.008355190508327075
Run8	P00124	P00124	Gene_96	Gene_96	PEP00096	PEPT96	PEPT96	2	639089.4835080726	8924712.445822343	0.01927095057780783	0.0047381214631746224	0.014787201268854678	0.005914388664818589
Run6	P00124	P00124	Gene_97	Gene_97	PEP00097	PEPT97	PEPT97	2	5481290.644138853	3131651.0163617926	0.011537762000309182	0.011847693856707638	0.01637063403459147	0.018694295071570825
Run3	P00119	P00119	Gene_98	Gene_98	PEP00098	PEPT98	PEPT98	4	1174756.3024820331	474153.3687252928	0.019311125327333725	0.00029904830086987524	0.0020338361794162395	0.002948718881436392
Run4	P00035	P00035	Gene_99	Gene_99	PEP00099	PEPT99	PEPT99	4	41160303.668556415	7777333.819096979	0.004176130191740188	0.002854368772477605	0.007386152461432169	0.008304094160185304
Run7	P00091	P00091	Gene_100	Gene_100	PEP00100	PEPT100	PEPT100	3	473152.07535451767	1531640.3630011226	0.012587657921732803	0.011661302387617738	0.009881225264175272	0.006715339720425892
Run4	P00050	P00050	Gene_101	Gene_101	PEP00101	PEPT101	PEPT101	3	230815.62530922474	9356547.021976247	0.008127467238224328	0.009649630100290742	0.009041787914085426	0.006540766902252893
Run3	P00119	P00119	Gene_102	Gene_102	PEP00102	PEPT102	PEPT102	4	1431748.8939428804	1290593.4155638441	0.005771496120361941	0.0007511547433527954	0.002291016803430783	0.011516647751491927
Run5	P00056	P00056	Gene_103	Gene_103	PEP00103	PEPT103	PEPT103	3	205054.1052835209	2776879.86891399	0.0012998842947042144	0.01125362123236197	0.012344270493825431	0.009299167555831512
Run3	P00013	P00013	Gene_104	Gene_104	PEP00104	PEPT104	PEPT104	4	1466664.6717476915	9203651.273959713	0.008447791196426007	0.006885147927176854	0.003416796961271742	0.01941306327739822
Run4	P00048	P00048	Gene_105	Gene_105	PEP00105	PEPT105	PEPT105	3	405061.12292825815	4188051.6132760844	0.00774652394759938	0.01969233846801446	0.005649202556565052	0.016950096253518742
Run5	P00091	P00091	Gene_106	Gene_106	PEP00106	PEPT106	PEPT106	4	1303995.8554310042	12549745.092997184	0.0048024557109834646	0.01576372169456069	0.006531718614157814	0.004441060802913783
Run3	P00050	P00050	Gene_107	Gene_107	PEP00107	PEPT107	PEPT107	3	120585.50240804278	22688632.97359723	0.012187514991717949	0.01726970822772309	0.010281876308661982	0.004358662811652605
Run4	P00054	P00054	Gene_108	Gene_108	PEP00108	PEPT108	PEPT108	2	851679.5039132083	7883879.980257367	0.011057563632292586	0.005726572565007133	0.00892271629224692	2.6967650413320944e-05
Run4	P00008	P00008	Gene_109	Gene_109	PEP00109	PEPT109	PEPT109	3	307275.90033284354	1638432.3512843589	0.0014112683963056405	0.007291130041517686	0.009196635456014741	0.0008731726394056195
Run5	P00098	P00098	Gene_110	Gene_110	PEP00110	PEPT110	PEPT110	3	1894528.739452734	1177126.4844570332	0.007103165471471762	0.01753370042038799	0.0066580011359960055	0.007534685678750175
Run6	P00047	P00047	Gene_111	Gene_111	PEP00111	PEPT111	PEPT111	2	3836780.337725663	5970924.03874306	0.01227194212486127	0.0013205868253985487	0.01428088994230066	0.01729651589542361
Run7	P00124	P00124	Gene_112	Gene_112	PEP00112	PEPT112	PEPT112	4	507532.4222922224	4985694.26483036	0.005830002663167855	0.01814756768343511	0.01226552356662089	0.006619764650596245
Run2	P00019	P00019	Gene_113	Gene_113	PEP00113	PEPT113	PEPT113	3	881936.3238273517	10427898.086736111	0.010417561546349872	0.0025495938129707343	0.01795174254659768	0.004649250264477489
Run8	P00150	P00150	Gene_114	Gene_114	PEP00114	PEPT114	PEPT114	2	325874.4637946224	1996185.402762217	0.011749387131896629	0.008993368373713801	0.00911617511441349	0.0068917221603204
Run6	P00030	P00030	Gene_115	Gene_115	PEP00115	PEPT115	PEPT115	4	20314990.604099296	6204824.688751862	0.009925141780733043	0.0014831057607977516	0.0030049797741611805	0.0008047627767127596
Run3	P00073	P00073	Gene_116	Gene_116	PEP00116	PEPT116	PEPT116	4	1177708.3134637843	5423659.373386603	0.00035334254063137173	0.017892045639097028	0.014915761149924227	0.00875492590856477
Run7	P00089	P00089	Gene_117	Gene_117	PEP00117	PEPT117	PEPT117	2	1253062.8059667815	4635443.276942807	0.017635737955014486	0.005133191326282633	0.004997279096320224	0.015823661477695358
Run5	P00137	P00137	Gene_118	Gene_118	PEP00118	PEPT118	PEPT118	3	466945.29562940606	3169239.9065015935	0.0013378712994494735	0.003512654720661905	0.016950452393924148	0.011582798467636254
Run5	P00053	P00053	Gene_119	Gene_119	PEP00119	PEPT119	PEPT119	3	791995.1695287836	31263554.91768698	0.002834421311448543	0.005690795656720697	0.0164206095264149	0.014427925455044462
Run8	P00008	P00008	Gene_120	Gene_120	PEP00120	PEPT120	PEPT120	2	2002392.5112697193	356332.21180617734	0.011659339574920533	0.0012300514970486653	0.00537652604690843	0.016976692021415246
Run1	P00053	P00053	Gene_121	Gene_121	PEP00121	PEPT121	PEPT121	2	2854348.6646369467	1604054.3367357892	0.008784415922450758	0.01775283652950584	0.011954961606392856	0.01691058468514418
Run6	P00128	P00128	Gene_122	Gene_122	PEP00122	PEPT122	PEPT122	2	320459.2226743214	488699.6423001931	5.496950974579029e-05	0.007254700176686779	0.00896011765827903	0.013076988913730676
Run5	P00131	P00131	Gene_123	Gene_123	PEP00123	PEPT123	PEPT123	3	1113590.3700566203	11995760.61428487	0.003408813963488735	0.0029367796550070027	0.007682748521737286	0.007128745678140305
Run2	P00074	P00074	Gene_124	Gene_124	PEP00124	PEPT124	PEPT124	2	1362515.673119501	1038204.6096706364	0.012240637851150994	0.019809362994503824	0.009776070097971967	0.004656316925605768
Run1	P00129	P00129	Gene_125	Gene_125	PEP00125	PEPT125	PEPT125	2	1734138.7545274934	50627394.255690426	0.011876354036078373	0.019320989194681476	0.010423187777716432	0.003839605259248855
Run5	P00109	P00109	Gene_126	Gene_126	PEP00126	PEPT126	PEPT126	2	469595.17153167137	1724966.0109890143	0.009376619113086815	0.007984086371897159	0.015518365550812492	0.012442968454076497
Run6	P00001	P00001	Gene_127	Gene_127	PEP00127	PEPT127	PEPT127	2	2698833.225769598	5707398.461838602	0.010526288943090677	0.018701431884598142	0.003136649088012116	0.004349182921117816
Run6	P00076	P00076	Gene_128	Gene_128	PEP00128	PEPT128	PEPT128	4	939218.061544233	40498.40661190492	0.0026599484739404876	0.011538472261187432	0.008138334994568246	0.0009407844594222081
Run6	P00125	P00125	Gene_129	Gene_129	PEP00129	PEPT129	PEPT129	4	1716046.6681392787	7234814.456927647	0.0077099750039642916	0.009532383438768537	0.004656045474350599	0.006845601468873886
Run1	P00062	P00062	Gene_130	Gene_130	PEP00130	PEPT130	PEPT130	4	182141.19118825166	9672354.844402377	0.006731863744067093	0.00647407209591929	0.019745549592431723	0.012852942134267216
Run1	P00029	P00029	Gene_131	Gene_131	PEP00131	PEPT131	PEPT131	4	4211169.95350926	1591492.235680423	0.019118051256732597	0.011019464738076674	0.0035925634230467396	0.00271000075973459
Run7	P00130	P00130	Gene_132	Gene_132	PEP00132	PEPT132	PEPT132	2	419423.6553891791	7711879.879314856	0.018248820876973926	0.010865913315987718	0.011813007444852872	0.0056290807793556155
Run3	P00001	P00001	Gene_133	Gene_133	PEP00133	PEPT133	PEPT133	3	11042664.885196961	30450027.07635345	0.017776944359647787	0.01653809349239439	0.004170298708516753	0.01019902662622179
Run6	P00112	P00112	Gene_134	Gene_134	PEP00134	PEPT134	PEPT134	2	717628.5222450343	3707103.614544232	0.012216044263285033	0.012085117124295958	0.002035962461608569	0.01018684820967685
Run8	P00038	P00038	Gene_135	Gene_135	PEP00135	PEPT135	PEPT135	2	17709282.349363152	9750534.857136097	0.00644219417933316	0.010102997012399955	0.0022696085477883978	0.0023014329670667764
Run2	P00037	P00037	Gene_136	Gene_136	PEP00136	PEPT136	PEPT136	3	620904.7760551726	1128385.2712975224	0.013950449472398483	0.01713647488005981	0.0004171885802660147	0.003018227458689373
Run5	P00046	P00046	Gene_137	Gene_137	PEP00137	PEPT137	PEPT137	3	379265.27563841274	4833611.649681658	0.011389344244085886	0.016160953813761057	0.009583714708769975	0.006241846888323579
Run5	P00040	P00040	Gene_138	Gene_138	PEP00138	PEPT138	PEPT138	2	3775308.809110064	7572635.977313159	0.0041810212380291945	0.0026056103501400354	0.017271827064369222	0.001714177236276402
Run8	P00006	P00006	Gene_139	Gene_139	PEP00139	PEPT139	PEPT139	4	306653.09530708747	5987173.652326635	0.0017243828995105216	0.0006108127988630474	0.002294830762913307	1.353761630753958e-05
Run6	P00047	P00047	Gene_140	Gene_140	PEP00140	PEPT140	PEPT140	3	463609.21098080144	3130675.697583156	0.005756058738542747	0.016931516209844125	0.019586975228495278	0.0028811777734996215
Run1	P00090	P00090	Gene_141	Gene_141	PEP00141	PEPT141	PEPT141	4	592607.7462786403	3822007.948998328	0.008990560327148686	0.005122060141039843	0.002788578785723519	0.016487861154410546
Run3	P00073	P00073	Gene_142	Gene_142	PEP00142	PEPT142	PEPT142	3	1519901.70521767	7692978.690431059	0.016797972919503128	0.017059895824569134	0.0048901150137882965	0.0013756456110445492
Run3	P00028	P00028	Gene_143	Gene_143	PEP00143	PEPT143	PEPT143	4	2562305.4100316637	5224719.92311029	0.008130650917056113	0.00518043452706844	0.017100649178280018	0.016479591225231703
Run6	P00047	P00047	Gene_144	Gene_144	PEP00144	PEPT144	PEPT144	4	782144.8520256784	1559844.388028133	0.012930551232693696	0.006517895351505254	0.0030811118376275993	0.01290694786304353
Run4	P00133	P00133	Gene_145	Gene_145	PEP00145	PEPT145	PEPT145	2	4517865.197193127	14843336.050819842	0.004601210094882289	0.013944658696891096	0.018296857422447934	0.013948478481823576
Run5	P00096	P00096	Gene_146	Gene_146	PEP00146	PEPT146	PEPT146	2	1521030.6635919046	1724080.699265403	0.0014753652753750313	0.011861483592604503	0.011479400615238609	0.0056167661314349025
Run1	P00054	P00054	Gene_147	Gene_147	PEP00147	PEPT147	PEPT147	2	7405353.373576028	1728070.9234960286	0.008483339084178445	0.00429166101436582	0.0021069154357952536	0.013177954065939596
Run8	P00089	P00089	Gene_148	Gene_148	PEP00148	PEPT148	PEPT148	2	815644.2769870033	2694481.8056492573	0.0043749530583225725	0.0007021967783676209	0.01244800783236067	0.018145352425045353
Run5	P00109	P00109	Gene_149	Gene_149	PEP00149	PEPT149	PEPT149	4	5492182.067982972	1071146.9546661125	0.00044028742297399506	0.0005917519821432493	0.0012182305047926856	0.008429037963380908
Run6	P00045	P00045	Gene_150	Gene_150	PEP00150	PEPT150	PEPT150	2	1226408.4739155257	2432258.8446467347	0.004012757789177586	0.009454446133787224	0.012701769732692015	0.012234408036229447
Run1	P00124	P00124	Gene_151	Gene_151	PEP00151	PEPT151	PEPT151	4	783827.892839996	6326174.710962813	0.00563745102533666	0.015298488839767078	0.012704882110709562	0.0059224659886141715
Run2	P00016	P00016	Gene_152	Gene_152	PEP00152	PEPT152	PEPT152	3	697010.3667286753	147871376.99483183	0.004492452203388422	0.009848884259026133	0.005279885542543819	0.01165321404794379
Run6	P00106	P00106	Gene_153	Gene_153	PEP00153	PEPT153	PEPT153	3	2321910.1093098186	1788168.5448857988	0.00201194473235105	0.004359762818636146	0.01656382181134361	0.002252979330315472
Run5	P00035	P00035	Gene_154	Gene_154	PEP00154	PEPT154	PEPT154	4	255094.2818925243	18898243.1966425	0.004794188574435876	0.0181127417832795	0.019065367879548423	0.01072151875329649
Run8	P00033	P00033	Gene_155	Gene_155	PEP00155	PEPT155	PEPT155	2	229156.1587845603	6295381.524298476	0.012596062058714684	0.01953128056480095	0.009557333713096612	0.0015456565246594646
Run3	P00056	P00056	Gene_156	Gene_156	PEP00156	PEPT156	PEPT156	3	319607.76131193544	3125437.463764459	0.013273699549503295	0.009097400883693508	0.01599160594304807	0.0005796942856895604
Run2	P00055	P00055	Gene_157	Gene_157	PEP00157	PEPT157	PEPT157	4	1083513.340643738	1807066.935374079	0.006305198265202479	0.003377978411885878	0.01772842853093938	0.00741235633848518
Run2	P00021	P00021	Gene_158	Gene_158	PEP00158	PEPT158	PEPT158	4	825287.1759033377	2283673.988275287	0.01675476702208287	0.00770095611502823	0.010147319284620912	2.4659813960916655e-05
Run3	P00122	P00122	Gene_159	Gene_159	PEP00159	PEPT159	PEPT159	4	1281170.9712526684	2490895.2401630008	0.01206247236113183	0.0016868038501844772	0.0015897506305043942	0.010862879655632776
Run8	P00131	P00131	Gene_160	Gene_160	PEP00160	PEPT160	PEPT160	2	749371.7062180367	444176.1975852281	0.013808608565950422	0.0006153118377167144	0.00652416919099553	0.005685374029314483
Run1	P00135	P00135	Gene_161	Gene_161	PEP00161	PEPT161	PEPT161	3	283691.4711999369	11069141.781597652	0.01864026839377272	0.0041462774898368025	0.0019787594173216916	0.009282302018907227
Run8	P00068	P00068	Gene_162	Gene_162	PEP00162	PEPT162	PEPT162	3	647903.9996375974	16184600.207938613	0.010352858767097595	0.003673771922150033	0.01803894330519724	0.008031317934375596
Run2	P00145	P00145	Gene_163	Gene_163	PEP00163	PEPT163	PEPT163	2	6257754.736130051	6474847.127438102	0.013238121923955088	0.008933764797450356	0.01080141712773461	0.012943760969555943
Run7	P00011	P00011	Gene_164	Gene_164	PEP00164	PEPT164	PEPT164	3	2150738.050199842	5732270.906401844	0.01738588842456045	0.008403623227834748	0.004405751532393165	0.01859212137320355
Run1	P00072	P00072	Gene_165	Gene_165	PEP00165	PEPT165	PEPT165	2	28515560.08133289	1845263.2852830333	0.006556547211934891	0.015122418613119356	0.019760097908346767	0.018352541034841467
Run8	P00045	P00045	Gene_166	Gene_166	PEP00166	PEPT166	PEPT166	4	1700718.6845127866	4132287.8201576555	0.011614047992874466	0.01087440042897637	0.003388971260096496	0.014735763720884459
Run2	P00110	P00110	Gene_167	Gene_167	PEP00167	PEPT167	PEPT167	3	7972630.307139877	8674606.030622434	0.01147534538245935	0.0069749919616072555	0.0016357367724219097	0.009653894105202914
Run6	P00050	P00050	Gene_168	Gene_168	PEP00168	PEPT168	PEPT168	3	320658.3169894779	16772092.655376835	0.01937707807622739	0.017266178972926347	0.013891670175486705	0.002616713193727187
Run4	P00002	P00002	Gene_169	Gene_169	PEP00169	PEPT169	PEPT169	3	494793.2790210164	1736427.1139525042	0.008802984968137055	0.009652381241673304	0.019000420553552996	0.007181011426814983
Run6	P00011	P00011	Gene_170	Gene_170	PEP00170	PEPT170	PEPT170	4	549519.6142766193	2069546.805625504	0.012157358595664762	0.015636280769925057	0.01011664154909349	0.0114216562010406
Run2	P00031	P00031	Gene_171	Gene_171	PEP00171	PEPT171	PEPT171	2	967722.7409440858	3216416.069574704	0.0009869980969824544	0.006843589338367966	0.006009367795155311	0.009500218449051634
Run7	P00101	P00101	Gene_172	Gene_172	PEP00172	PEPT172	PEPT172	4	1738843.558827694	7027180.258588894	0.003221315547909749	0.015240674553766691	0.003375623970048607	0.0036977247032942986
Run4	P00069	P00069	Gene_173	Gene_173	PEP00173	PEPT173	PEPT173	4	1007764.8443633296	7558274.755240877	0.019570270178994206	0.01171352938942799	0.01398055993314236	0.005470577086677735
Run4	P00127	P00127	Gene_174	Gene_174	PEP00174	PEPT174	PEPT174	2	3555421.792888476	4206415.776708055	0.008182811437951536	0.006696134436508636	0.017129186138581096	0.0007816066962291202
Run8	P00132	P00132	Gene_175	Gene_175	PEP00175	PEPT175	PEPT175	2	4383866.4092472205	12873101.40175226	0.01862812451133641	0.003082536550534132	0.009345785358904509	0.008963588160104941
Run3	P00149	P00149	Gene_176	Gene_176	PEP00176	PEPT176	PEPT176	2	1956702.2401501855	2519928.264800373	0.011589369248763809	0.01999481433635126	0.006156489508173398	0.015540628504328675
Run6	P00096	P00096	Gene_177	Gene_177	PEP00177	PEPT177	PEPT177	2	5931576.018371637	1411881.7398773157	0.01734272745183272	0.016944106006364385	0.015251599351620213	0.0018715937920761516
Run2	P00037	P00037	Gene_178	Gene_178	PEP00178	PEPT178	PEPT178	3	147437.80078571814	3474503.6607268713	0.015267914918103354	0.016600983116715932	0.01198396870570458	0.0027445297363879796
Run2	P00098	P00098	Gene_179	Gene_179	PEP00179	PEPT179	PEPT179	2	728880.3698397375	5468711.105666976	0.007426512082815182	0.017230377786196075	0.012844858531407516	0.01867529972853495
Run6	P00093	P00093	Gene_180	Gene_180	PEP00180	PEPT180	PEPT180	3	1313858.8368011068	1280384.861431216	0.019313665271105167	0.005584525451869802	0.011695105711368227	0.0018536181821943477
Run3	P00002	P00002	Gene_181	Gene_181	PEP00181	PEPT181	PEPT181	3	574133.6526753262	2230762.2901671245	0.0003231088939238824	0.007997611106780827	0.0018749996911686796	0.012825079864904772
Run2	P00150	P00150	Gene_182	Gene_182	PEP00182	PEPT182	PEPT182	4	1449926.0204294764	720710.8124595658	0.002241025700119781	0.014103787938789554	0.0033631658608222147	0.0007374307093712984
Run7	P00145	P00145	Gene_183	Gene_183	PEP00183	PEPT183	PEPT183	2	1423447.2729851855	140666.44846144205	0.019181148764121587	0.012231060421098085	0.01979963412131524	0.0062848328184260385
Run2	P00004	P00004	Gene_184	Gene_184	PEP00184	PEPT184	PEPT184	3	436811.9462375426	3891934.479132588	0.011829967746450605	0.014185711059172853	0.018716628453333346	0.008510938010067946
Run7	P00064	P00064	Gene_185	Gene_185	PEP00185	PEPT185	PEPT185	3	2914460.535873621	9688582.572155967	0.016120181176560788	0.010688206628841157	0.015602723470251234	0.012351493769775837
Run7	P00024	P00024	Gene_186	Gene_186	PEP00186	PEPT186	PEPT186	4	1687107.5617039984	22726073.137760647	0.015544159341417495	0.011612782808903703	0.0065793967382577435	0.012342602331899653
Run5	P00053	P00053	Gene_187	Gene_187	PEP00187	PEPT187	PEPT187	4	62432.413854377286	3371705.8725361307	5.051709945846916e-06	0.01595265308567007	0.017271657271570734	0.009381007721305375
Run4	P00097	P00097	Gene_188	Gene_188	PEP00188	PEPT188	PEPT188	2	742881.0180683996	1285990.6187372655	0.017618831503095882	0.017582547780783914	0.006250122394662281	0.014976672341361465
Run1	P00071	P00071	Gene_189	Gene_189	PEP00189	PEPT189	PEPT189	3	1024960.6535777163	8709966.260266485	0.0023372720058421038	0.005967009945081194	0.01800906954315262	0.004637147004667575
Run2	P00029	P00029	Gene_190	Gene_190	PEP00190	PEPT190	PEPT190	3	1076175.2100070014	42284264.13071511	0.001866692929417273	0.016514769646291602	0.01884928711151204	0.0010542653330507456
Run4	P00102	P00102	Gene_191	Gene_191	PEP00191	PEPT191	PEPT191	3	903074.6851507843	351743.6265591764	0.0014251499249613264	0.012884195529968669	0.01836543951276611	0.012488771395748135
Run8	P00150	P00150	Gene_192	Gene_192	PEP00192	PEPT192	PEPT192	3	902996.4722993138	1074591.7026443433	0.01592153284976772	0.0014359538780937008	0.008257021959398352	4.5583708538949884e-05
Run5	P00032	P00032	Gene_193	Gene_193	PEP00193	PEPT193	PEPT193	3	421735.9123292535	4945356.885466864	0.004471454536586792	0.0006300954661337511	0.0175769301751036	0.007120516265160819
Run1	P00053	P00053	Gene_194	Gene_194	PEP00194	PEPT194	PEPT194	3	505282.64071885834	32086054.23269224	0.005325532445989416	0.013501498301538958	0.0075823401143631465	0.00335020065443175
Run1	P00117	P00117	Gene_195	Gene_195	PEP00195	PEPT195	PEPT195	2	440712.48091088503	4440298.13218513	0.006944173918605756	0.004542926295084388	0.016932599470657356	0.0035468922741368194
Run7	P00068	P00068	Gene_196	Gene_196	PEP00196	PEPT196	PEPT196	3	532383.3147414151	1342886.5566892028	0.01782968404516615	0.019379264011065486	0.012773349245617469	0.008645848388137495
Run8	P00128	P00128	Gene_197	Gene_197	PEP00197	PEPT197	PEPT197	2	3784259.9627497955	2209560.616474699	0.014302756839729742	0.004125823446210093	0.0062676867893696085	0.014108136334103382
Run1	P00095	P00095	Gene_198	Gene_198	PEP00198	PEPT198	PEPT198	3	1380965.9359908795	6717359.7137561	0.0006579571867607381	0.018009121589349184	0.01625810323709265	0.009636649456436495
Run4	P00003	P00003	Gene_199	Gene_199	PEP00199	PEPT199	PEPT199	3	5206843.634245654	5268839.959734895	0.012145596623954534	0.017960480712537526	0.00782273013082691	0.009123793704545514
Run2	P00016	P00016	Gene_200	Gene_200	PEP00200	PEPT200	PEPT200	4	3235736.3339482457	834324.643483726	0.0037216056930183374	0.003234674491057963	0.014350225965310152	0.004531322156830631
Run3	P00092	P00092	Gene_201	Gene_201	PEP00201	PEPT201	PEPT201	3	2002704.5518659703	996707.4252375327	0.013762920403982618	0.013091442866054506	0.009412023814447681	0.004238631847922925
Run2	P00023	P00023	Gene_202	Gene_202	PEP00202	PEPT202	PEPT202	2	1545438.9226018044	2487156.1102903495	0.01424277196826425	0.015831621352330877	0.011541343220754079	0.018171016502137035
Run8	P00012	P00012	Gene_203	Gene_203	PEP00203	PEPT203	PEPT203	2	159678.25758400615	2891523.8336048177	0.017745206759952007	0.01914474134992291	0.01449251059734678	0.007662191703205104
Run2	P00134	P00134	Gene_204	Gene_204	PEP00204	PEPT204	PEPT204	3	533303.7083264028	592368.6489522693	0.017257329589188235	0.009258259331925884	0.00357320881886402	0.018871016281420922
Run1	P00079	P00079	Gene_205	Gene_205	PEP00205	PEPT205	PEPT205	2	809877.7916395733	966808.1224594177	0.017538925163654014	0.019587455570062317	0.014615662256159376	0.007311295868355434
Run1	P00008	P00008	Gene_206	Gene_206	PEP00206	PEPT206	PEPT206	2	313369.50663688453	14459765.399682611	0.012733597848256048	0.0036383312688704496	0.016447969769253345	0.007341089736876285
Run4	P00019	P00019	Gene_207	Gene_207	PEP00207	PEPT207	PEPT207	3	71684.16159037141	4976502.707114031	0.00096743324267625	0.01086400891938919	0.0024897211678402463	0.016388675374708762
Run6	P00150	P00150	Gene_208	Gene_208	PEP00208	PEPT208	PEPT208	3	733444.6658070595	6346437.620093129	0.00014343788389735047	0.013592381347224194	0.0027801784322446133	0.014648085669248464
Run2	P00112	P00112	Gene_209	Gene_209	PEP00209	PEPT209	PEPT209	3	3326405.4811938577	11081278.846912976	0.018616508713922304	0.0009611951411138775	0.006129548435402818	0.007517808390660474
Run4	P00126	P00126	Gene_210	Gene_210	PEP00210	PEPT210	PEPT210	2	999976.0825932304	3462710.09664849	0.010275160128185854	0.009770518849815337	0.015823903676480372	0.009758381038089847
Run7	P00046	P00046	Gene_211	Gene_211	PEP00211	PEPT211	PEPT211	2	1316133.2726294866	2734451.1580879767	0.016087110093545402	0.005690773041747508	0.01886748601603638	0.009743548999022083
Run8	P00064	P00064	Gene_212	Gene_212	PEP00212	PEPT212	PEPT212	3	2636472.405444996	59409026.63853566	0.0038171471301717075	0.004733881874347403	0.0063313277678560785	0.0065245841178566445
Run2	P00074	P00074	Gene_213	Gene_213	PEP00213	PEPT213	PEPT213	2	11871921.623992162	1631054.6251134027	0.003773189213834145	0.010075764450007369	0.002613472348756354	0.011400226887549195
Run2	P00042	P00042	Gene_214	Gene_214	PEP00214	PEPT214	PEPT214	3	294179.4892140859	1017917.3404357715	0.007870834692511977	0.012296300628712984	0.0069528695008102236	0.016402086389140768
Run5	P00024	P00024	Gene_215	Gene_215	PEP00215	PEPT215	PEPT215	4	93029.19824694748	1402875.1867661527	0.003084828908064445	0.016064230322644694	0.0055455031303140315	0.018529395429469558
Run8	P00023	P00023	Gene_216	Gene_216	PEP00216	PEPT216	PEPT216	3	1518716.2980439754	5457741.085648154	0.016666752521254484	0.019106817548693478	0.018599431187685915	0.0197021141171517
Run2	P00041	P00041	Gene_217	Gene_217	PEP00217	PEPT217	PEPT217	3	912133.8899522404	11332327.692482293	0.016990150495784912	0.01876359265712332	0.017244892388680627	0.0007333928948686808
Run1	P00090	P00090	Gene_218	Gene_218	PEP00218	PEPT218	PEPT218	3	220559.13996545062	1203781.4558644358	0.004380562195189262	0.010804232247211276	0.015435302752243241	0.0010533214645255429
Run2	P00121	P00121	Gene_219	Gene_219	PEP00219	PEPT219	PEPT219	2	293877.3614862131	3744972.4317778293	0.014854915149750328	0.010611977618061192	0.0027727401707328147	0.01588778910325119
Run3	P00017	P00017	Gene_220	Gene_220	PEP00220	PEPT220	PEPT220	2	812699.445154457	2748221.7824633	0.011286470043416987	0.01829488153622218	0.008763689105090634	0.012609013615443901
Run7	P00013	P00013	Gene_221	Gene_221	PEP00221	PEPT221	PEPT221	2	1223466.192793004	8078188.371922407	0.005580890056691336	0.014926171816764578	0.0047502430466075055	0.008843317164118656
Run4	P00143	P00143	Gene_222	Gene_222	PEP00222	PEPT222	PEPT222	4	1421137.2466761458	9365321.913054125	0.01692662868223068	0.015192903522415447	0.009427686669257944	0.016960249548993774
Run6	P00019	P00019	Gene_223	Gene_223	PEP00223	PEPT223	PEPT223	2	752939.0266659601	25584711.845942643	0.008782329896286576	0.018554075376335077	0.005028899008011252	0.013611884926202907
Run4	P00018	P00018	Gene_224	Gene_224	PEP00224	PEPT224	PEPT224	2	129614.66408010089	14237722.226855585	0.015498192770882416	0.019319330994288987	0.018814968013788715	0.004342883694102869
Run5	P00127	P00127	Gene_225	Gene_225	PEP00225	PEPT225	PEPT225	4	2418366.537334566	1598386.1874903745	0.010386168265323579	0.004517594484173763	0.016785351386256166	0.019575358115579162
Run3	P00065	P00065	Gene_226	Gene_226	PEP00226	PEPT226	PEPT226	4	66610.24382082876	9209966.401432721	0.0005218358817638879	0.005288995662237164	0.005887940174988084	0.009373340679616395
Run6	P00142	P00142	Gene_227	Gene_227	PEP00227	PEPT227	PEPT227	4	1109942.3553237962	544020.1802664985	0.0023156653075457226	0.016654451716305613	0.012045755140829862	0.016243795087766105
Run6	P00135	P00135	Gene_228	Gene_228	PEP00228	PEPT228	PEPT228	2	752251.8430042973	1708701.271368343	0.019737503971944823	0.001089085282592286	0.011725557238121914	0.01996893092575199
Run2	P00030	P00030	Gene_229	Gene_229	PEP00229	PEPT229	PEPT229	3	279978.67538656044	3349304.480483486	0.013032878521839538	0.005584020695611296	0.00973308651937138	0.013528540049180162
Run2	P00033	P00033	Gene_230	Gene_230	PEP00230	PEPT230	PEPT230	2	1142821.4059450591	12290920.891146183	0.001668163666419622	0.0011792540908717353	0.009533672907370696	0.014937807517512352
Run1	P00129	P00129	Gene_231	Gene_231	PEP00231	PEPT231	PEPT231	4	1859910.286501387	5057636.522511398	0.012133592450087667	0.018019500643977716	0.009377733898854625	0.0181850849998872
Run8	P00038	P00038	Gene_232	Gene_232	PEP00232	PEPT232	PEPT232	3	934421.7548921533	2201000.8411702355	0.011337262100799814	0.009159012516398852	0.01169931000752837	0.01650132826259566
Run8	P00013	P00013	Gene_233	Gene_233	PEP00233	PEPT233	PEPT233	2	995579.4583267032	1127818.2158643366	0.0168131533161023	0.002571235828017644	0.008143707501137179	0.017263926454760287
Run6	P00138	P00138	Gene_234	Gene_234	PEP00234	PEPT234	PEPT234	3	97401.37083067263	1457796.1814724228	0.018812524913812658	0.0016664150168270054	0.009956832643896532	0.01181592940252473
Run6	P00134	P00134	Gene_235	Gene_235	PEP00235	PEPT235	PEPT235	3	154871.20638944348	10520172.351259619	0.0106888072210245	0.00666041180588604	0.0155435848676382	0.010368613212078619
Run8	P00104	P00104	Gene_236	Gene_236	PEP00236	PEPT236	PEPT236	4	1064825.1384598645	1890542.1919015981	0.009717441822693702	0.010859185539684346	0.0053606582796260115	0.011194769067931607
Run6	P00006	P00006	Gene_237	Gene_237	PEP00237	PEPT237	PEPT237	4	1359718.8407253665	2004660.3458262628	0.015419638264689735	0.007997700224823127	0.01633070740329656	0.019215522324693254
Run3	P00108	P00108	Gene_238	Gene_238	PEP00238	PEPT238	PEPT238	3	2149197.1356035615	784170.950502717	0.010935752068486038	0.005995813904580292	0.014930656825980063	0.016134314459976193
Run6	P00006	P00006	Gene_239	Gene_239	PEP00239	PEPT239	PEPT239	3	4956133.452057275	7555381.56819062	0.0024952580216490404	0.004822929181510278	0.005313675408622884	0.004088191993769037
Run8	P00147	P00147	Gene_240	Gene_240	PEP00240	PEPT240	PEPT240	2	35580651.33986754	12053660.96365417	0.006328054929194964	0.011579168089954064	0.016962572252513672	0.005176562053748369
Run2	P00062	P00062	Gene_241	Gene_241	PEP00241	PEPT241	PEPT241	4	1077683.6741217035	26587874.706415668	0.012429939328511181	0.017097602795309138	0.005810720243815748	0.009379596799843841
Run7	P00010	P00010	Gene_242	Gene_242	PEP00242	PEPT242	PEPT242	3	17981.176325798508	692820.7356233652	0.008821700963118979	0.01644379330868822	0.014226228646080415	0.005610866647289428
Run1	P00017	P00017	Gene_243	Gene_243	PEP00243	PEPT243	PEPT243	2	1219452.8547776456	16579844.244332142	0.012751563077127883	0.004738421101432133	0.014794579228165768	0.007921823089088944
Run7	P00087	P00087	Gene_244	Gene_244	PEP00244	PEPT244	PEPT244	2	705848.1198162436	1132889.447428751	0.017320840276007065	0.0005440532332375559	0.0022211946429088547	0.010199173537040829
Run3	P00145	P00145	Gene_245	Gene_245	PEP00245	PEPT245	PEPT245	4	1288338.6601895182	55629034.090098396	0.005228028100906663	0.01775027560920817	0.006130016511654124	0.001175411799228443
Run7	P00058	P00058	Gene_246	Gene_246	PEP00246	PEPT246	PEPT246	2	15550944.719311912	198344542.73321167	0.0018512494544032166	0.0031882393971506898	0.012251971147196138	0.019649061469225716
Run4	P00141	P00141	Gene_247	Gene_247	PEP00247	PEPT247	PEPT247	2	497983.55215380504	7843352.152726442	0.002893194388057785	0.0028830461741396985	0.0033766331681079897	0.0014415175739104957
Run2	P00076	P00076	Gene_248	Gene_248	PEP00248	PEPT248	PEPT248	2	9374257.831428492	1475313.0598442263	0.007316350171491122	0.004172130932115954	0.008897826562365905	0.018358895958192893
Run1	P00144	P00144	Gene_249	Gene_249	PEP00249	PEPT249	PEPT249	3	1926086.37031605	8462148.866283285	0.0067401459341993	0.017494652154603108	0.012643541401783611	0.0007646957947457333
Run8	P00116	P00116	Gene_250	Gene_250	PEP00250	PEPT250	PEPT250	2	1448208.9916016401	18940273.322452534	0.012751455049907243	0.008580995169608032	0.01344323309845144	0.010714803795665985
Run8	P00077	P00077	Gene_251	Gene_251	PEP00251	PEPT251	PEPT251	2	815749.112855423	7016679.388230185	0.01564412041078167	0.002155568426730463	0.016427310078282773	0.018092384905002826
Run3	P00148	P00148	Gene_252	Gene_252	PEP00252	PEPT252	PEPT252	4	400349.04863804835	4539052.425589307	0.010690233192393164	0.017228431584824462	0.00736414054473282	0.01647198906629059
Run3	P00090	P00090	Gene_253	Gene_253	PEP00253	PEPT253	PEPT253	2	61220.54124777549	4109779.400545518	0.00044294916948004473	0.01559015189457035	0.004797692303432775	0.013505476954528086
Run2	P00033	P00033	Gene_254	Gene_254	PEP00254	PEPT254	PEPT254	3	186240.1137259172	1485236.7476352178	0.011033693138261864	0.010074585283695273	0.004844241065758179	0.007406495902387955
Run2	P00077	P00077	Gene_255	Gene_255	PEP00255	PEPT255	PEPT255	2	991124.2484092455	3342296.3392425003	0.0011098351187009703	0.018927617406565643	0.010750556764430475	0.00010830220186769157
Run6	P00102	P00102	Gene_256	Gene_256	PEP00256	PEPT256	PEPT256	4	143131.944075025	6048162.609754196	0.017858528726839847	0.0006732226878107106	0.011169534004040608	0.013844068915458425
Run1	P00005	P00005	Gene_257	Gene_257	PEP00257	PEPT257	PEPT257	2	8453583.764169486	9788718.603054833	0.0142098352005838	0.009875238739446538	0.009293904136937217	0.015241709009520437
Run3	P00011	P00011	Gene_258	Gene_258	PEP00258	PEPT258	PEPT258	3	292631.437733615	5573314.93165729	0.005965381559422805	0.01929481215404719	0.004229719116409465	0.0137648439402772
Run5	P00146	P00146	Gene_259	Gene_259	PEP00259	PEPT259	PEPT259	2	19070659.146304403	5591963.417100397	0.01917505597539412	0.0012134354256075675	0.01151097092972834	0.012848717667165345
Run2	P00084	P00084	Gene_260	Gene_260	PEP00260	PEPT260	PEPT260	3	1416266.3830364337	28625731.623342723	0.006638648981267368	0.01928934626208344	0.012702382637934674	0.017196139956863053
Run6	P00059	P00059	Gene_261	Gene_261	PEP00261	PEPT261	PEPT261	4	8088003.771340116	63720698.69298661	0.006758458174888185	0.0025506240580330064	0.01163074436817753	0.0084354287261538
Run4	P00029	P00029	Gene_262	Gene_262	PEP00262	PEPT262	PEPT262	3	2449845.9371959115	3368291.1200533756	0.0012230713456593011	0.013848795451283615	0.015862024001214704	0.011852757355270327
Run7	P00006	P00006	Gene_263	Gene_263	PEP00263	PEPT263	PEPT263	2	1184283.3348010166	1040428.5317126267	0.007134413277083361	0.009798629130034741	0.007335014194374008	0.0021339824509594573
Run7	P00072	P00072	Gene_264	Gene_264	PEP00264	PEPT264	PEPT264	4	65712.82974564032	3399461.2177579557	0.00911522986844064	0.011804959208498314	0.010147979567939643	0.005446840021248067
Run5	P00094	P00094	Gene_265	Gene_265	PEP00265	PEPT265	PEPT265	3	1070712.2211356682	805677.7609842201	0.008297555601972886	0.009539183889642087	0.01851747942343907	0.007588940985029509
Run5	P00057	P00057	Gene_266	Gene_266	PEP00266	PEPT266	PEPT266	2	154074.42774925954	26704004.304743502	0.011853725882506293	0.007149383049982456	0.005969647981993829	0.0029764113921230974
Run4	P00075	P00075	Gene_267	Gene_267	PEP00267	PEPT267	PEPT267	2	64750.76099546555	38461602.5486625	0.012364162244828373	0.0045538122032504425	0.013450864837255598	0.00840800694837674
Run2	P00058	P00058	Gene_268	Gene_268	PEP00268	PEPT268	PEPT268	2	468285.64607109333	2070266.8368679753	0.003109982676728136	0.006573646694314008	0.006930602532551697	0.0023236940472202727
Run5	P00062	P00062	Gene_269	Gene_269	PEP00269	PEPT269	PEPT269	2	2164553.522759942	11164092.998111501	0.001353584009371127	0.012149203649915926	0.006624582074693068	0.0014659694021306447
Run3	P00042	P00042	Gene_270	Gene_270	PEP00270	PEPT270	PEPT270	3	348345.4188132276	627725.0933244035	0.016649500546213475	0.01165867518715205	0.0031563032046127495	0.0026220863093220402
Run6	P00118	P00118	Gene_271	Gene_271	PEP00271	PEPT271	PEPT271	2	555330.224097659	2576119.769287922	0.01839270671201995	0.014601247517479042	0.0165028688052915	0.0015451559262772596
Run5	P00087	P00087	Gene_272	Gene_272	PEP00272	PEPT272	PEPT272	3	2718157.5083388267	5839325.20547116	0.009118163132655309	0.018576074021079796	0.015353826354465383	0.00349429944528034
Run2	P00006	P00006	Gene_273	Gene_273	PEP00273	PEPT273	PEPT273	4	4577604.553957189	562086.8109640974	0.0023203281225721174	0.008594794204977845	0.012137072673048628	0.0029701297434739306
Run5	P00124	P00124	Gene_274	Gene_274	PEP00274	PEPT274	PEPT274	3	2707750.8326581405	235390.97008039887	0.010526675265242615	0.014736432686997796	0.002379438582616478	0.0034689399223202444
Run4	P00149	P00149	Gene_275	Gene_275	PEP00275	PEPT275	PEPT275	2	1621295.097323643	14688733.297116308	0.008559750140571188	0.012191062318584165	0.0065137474089551955	0.011844526193802298
Run2	P00116	P00116	Gene_276	Gene_276	PEP00276	PEPT276	PEPT276	2	226080.02478412888	1950637.0425085255	0.017685696137947703	0.0009480398471167196	0.0018310231303602586	0.00913510833267471
Run1	P00130	P00130	Gene_277	Gene_277	PEP00277	PEPT277	PEPT277	2	2959285.93609007	3895019.0748114674	0.014003678445170377	0.012873150374427187	0.008368580260251073	0.012802710722910544
Run4	P00039	P00039	Gene_278	Gene_278	PEP00278	PEPT278	PEPT278	3	1055559.32796434	5483221.739817178	0.0043040736404755765	0.013196942550676629	0.01558703313416112	0.00853334899097586
Run1	P00057	P00057	Gene_279	Gene_279	PEP00279	PEPT279	PEPT279	2	207982.86359345095	707171.6871885791	0.0022877821637854122	0.018563145019281264	0.013170886923365438	0.004866053606983594
Run5	P00133	P00133	Gene_280	Gene_280	PEP00280	PEPT280	PEPT280	2	3857994.2545671547	4638605.166967907	0.019011945730866234	0.009736625782456465	0.0007740749138219139	0.012085194098066035
Run3	P00116	P00116	Gene_281	Gene_281	PEP00281	PEPT281	PEPT281	3	68094.99452477218	29527760.09697384	0.019960331951072274	0.018697859666816672	0.015675624364450347	0.01835213505219276
Run7	P00101	P00101	Gene_282	Gene_282	PEP00282	PEPT282	PEPT282	3	9447236.083517808	6222230.643214455	0.01799693008092112	0.008609665244828025	0.011642970528939724	0.005812361811783431
Run8	P00102	P00102	Gene_283	Gene_283	PEP00283	PEPT283	PEPT283	4	2188160.1603207975	1662630.2998708454	0.008447332126761114	0.0026923551369184917	0.00993202864754274	0.005177292177004531
Run3	P00128	P00128	Gene_284	Gene_284	PEP00284	PEPT284	PEPT284	4	696797.7886712553	15348525.497441987	0.0028866159657707047	0.013290862305137348	0.002807251631453798	0.019759277354147366
Run3	P00044	P00044	Gene_285	Gene_285	PEP00285	PEPT285	PEPT285	4	2182024.500283914	2042505.5735415223	0.0019242390659480835	0.016457405664886814	0.001559850204979385	0.018005133016472614
Run3	P00094	P00094	Gene_286	Gene_286	PEP00286	PEPT286	PEPT286	2	6381047.047282149	38916404.74958716	0.0113279410439382	0.007100632612482134	0.012816349396343749	0.01279740606299854
Run1	P00110	P00110	Gene_287	Gene_287	PEP00287	PEPT287	PEPT287	3	10972111.885470385	11446754.48628342	0.003054786696660301	0.0075142668325246164	0.0078106306486005915	0.004685729341439018
Run2	P00121	P00121	Gene_288	Gene_288	PEP00288	PEPT288	PEPT288	3	1981580.8912573645	21565083.529934585	0.002211912589082985	0.002980461284971474	0.011218964938243594	0.0026347812796175462
Run4	P00060	P00060	Gene_289	Gene_289	PEP00289	PEPT289	PEPT289	4	3629024.7822697987	83194529.3079518	0.011111450046931006	0.015902163190096064	0.009787367616881195	0.014828275740281671
Run2	P00060	P00060	Gene_290	Gene_290	PEP00290	PEPT290	PEPT290	4	125118.64045573992	15655846.856068842	0.0010271751928631456	0.007790313394603874	0.015274404596029781	6.038191407447435e-05
Run6	P00098	P00098	Gene_291	Gene_291	PEP00291	PEPT291	PEPT291	2	981389.0807192095	20039990.627298743	0.008399940158665107	0.015466956620834691	0.010704305218094885	0.019229689694637685
Run8	P00037	P00037	Gene_292	Gene_292	PEP00292	PEPT292	PEPT292	4	15736496.650994068	39626771.473177984	0.01311115633255906	0.009071502144802974	0.0028254246840637466	0.01563366021004663
Run3	P00108	P00108	Gene_293	Gene_293	PEP00293	PEPT293	PEPT293	3	125302.78954217838	1655782.0143874967	0.018517895467001066	0.018668652359688297	0.005617498173457798	0.016046818463926908
Run6	P00090	P00090	Gene_294	Gene_294	PEP00294	PEPT294	PEPT294	2	2235812.6456887145	18751476.048861913	0.01269906021058657	0.008813154163996799	0.002137143768941738	0.012059489562046428
Run8	P00011	P00011	Gene_295	Gene_295	PEP00295	PEPT295	PEPT295	2	809139.7362865334	9736882.122949645	0.009786190147295174	0.011303365712987084	0.0037633532165173844	0.013669829273554963
Run1	P00122	P00122	Gene_296	Gene_296	PEP00296	PEPT296	PEPT296	2	1308650.3234562976	893067.8306629332	0.013070495021051292	0.012969530183195821	0.008314093181248814	0.0037510575494528408
Run7	P00126	P00126	Gene_297	Gene_297	PEP00297	PEPT297	PEPT297	4	15693666.007349325	17431719.25572414	0.014914808243126427	0.01027288711026456	0.01731474361219287	0.01869491466630452
Run2	P00048	P00048	Gene_298	Gene_298	PEP00298	PEPT298	PEPT298	3	521494.6962754984	332681559.664976	0.0007990041757865796	0.010542915757345154	0.01842952291098966	0.008415742393322172
Run3	P00047	P00047	Gene_299	Gene_299	PEP00299	PEPT299	PEPT299	2	136350.31530071085	16997447.867092863	0.019988407507588585	0.015420099350132369	0.001009213028993079	0.0139190345269736
Run4	P00067	P00067	Gene_300	Gene_300	PEP00300	PEPT300	PEPT300	2	1019222.9188972521	3792483.810716686	0.006438660632806477	0.012546073522908112	0.001141760402456966	0.019266402555425145
Run6	P00088	P00088	Gene_301	Gene_301	PEP00301	PEPT301	PEPT301	3	288954.1590996474	5636913.698027909	0.018542467432035564	0.007796491188679371	0.008259981096454554	0.015039434713974531
Run1	P00030	P00030	Gene_302	Gene_302	PEP00302	PEPT302	PEPT302	3	5017188.746007122	382038.84629312897	0.005230980143541743	0.015034481417727223	0.003672616047240913	0.01076099921013204
Run8	P00027	P00027	Gene_303	Gene_303	PEP00303	PEPT303	PEPT303	3	1892667.0262043003	521855.5506056332	0.0064667031840966735	0.006394558666802857	0.018610861346477672	0.006839031065459953
Run5	P00007	P00007	Gene_304	Gene_304	PEP00304	PEPT304	PEPT304	3	779295.7837543279	1311700.3708848169	0.00929667022188773	0.006300755160704388	0.008563327657374059	0.0016690763659719244
Run1	P00003	P00003	Gene_305	Gene_305	PEP00305	PEPT305	PEPT305	2	6930389.708569987	23836226.4231986	0.006542990624313627	0.013880078811925899	0.006339780988740238	0.001231853850832423
Run1	P00004	P00004	Gene_306	Gene_306	PEP00306	PEPT306	PEPT306	3	912453.7495581958	1917558.5388944864	0.018612443672437175	0.0016899785705309655	0.011354068591441849	0.008577573076807083
Run8	P00033	P00033	Gene_307	Gene_307	PEP00307	PEPT307	PEPT307	2	1692793.3932044636	31393991.00809964	0.01677730422977887	0.013320848624592443	0.003153586456798363	0.003250003885749391
Run6	P00122	P00122	Gene_308	Gene_308	PEP00308	PEPT308	PEPT308	3	259361.62551519342	715645.8707788638	0.014362183174225027	0.01777540963250232	0.007788543977819476	0.0037825442220778393
Run7	P00056	P00056	Gene_309	Gene_309	PEP00309	PEPT309	PEPT309	4	430578.8146982822	6149798.606939291	0.008816690677353481	0.0023227626024353576	0.011471270315994679	0.016409445654233596
Run5	P00095	P00095	Gene_310	Gene_310	PEP00310	PEPT310	PEPT310	4	6037891.641117125	28797019.129226934	0.00839823473614526	0.007572817129572214	0.009898981316568519	0.01810066466246997
Run4	P00047	P00047	Gene_311	Gene_311	PEP00311	PEPT311	PEPT311	2	150211.74432000663	4844322.279916417	0.002354459976316232	0.01529689618466202	0.00906111611129623	0.011534741284949872
Run4	P00125	P00125	Gene_312	Gene_312	PEP00312	PEPT312	PEPT312	2	288189.88614846097	787664.6503112918	0.01495557242068146	0.009243348455087157	0.009388816889153917	0.004865522613396776
Run5	P00051	P00051	Gene_313	Gene_313	PEP00313	PEPT313	PEPT313	3	1928259.9634145445	717354.2200690729	0.01915421207305625	0.019717666132620337	0.01192898556105568	0.012004096376130037
Run3	P00031	P00031	Gene_314	Gene_314	PEP00314	PEPT314	PEPT314	4	17669380.496922422	842142.0220519223	0.008378634339584298	0.012128613633730762	0.0150843505515314	0.00105229199881697
Run5	P00075	P00075	Gene_315	Gene_315	PEP00315	PEPT315	PEPT315	4	955508.5536695676	715052.496756119	0.010397791356573118	0.008682672499607096	0.0166205294664453	0.004017504632254709
Run4	P00041	P00041	Gene_316	Gene_316	PEP00316	PEPT316	PEPT316	4	1299996.294144956	5853575.293112095	0.012289318125591088	0.011440071230903452	0.001518946324072763	0.010475699086911218
Run1	P00062	P00062	Gene_317	Gene_317	PEP00317	PEPT317	PEPT317	4	652878.9631225499	74480.32363824564	0.018464834419325418	0.002774526026564248	0.004538436610485324	0.007171624300484831
Run3	P00134	P00134	Gene_318	Gene_318	PEP00318	PEPT318	PEPT318	4	1052407.2148016177	329601.657881318	0.00925493696606361	0.019308787728092705	0.002531967403856208	0.017859650508338695
Run6	P00080	P00080	Gene_319	Gene_319	PEP00319	PEPT319	PEPT319	3	798544.7036830853	5752344.689781802	0.00769008874322624	0.013465351678248423	0.016172486130721513	0.019318873910189972
Run1	P00143	P00143	Gene_320	Gene_320	PEP00320	PEPT320	PEPT320	2	2094523.5912292632	23550826.01432659	0.019464404013944663	0.00986737566291743	0.011414859252519102	0.004160330751113872
Run2	P00029	P00029	Gene_321	Gene_321	PEP00321	PEPT321	PEPT321	3	2189689.1520286016	486201.72574997984	0.016205855396608945	0.009291619317010877	0.006573423083417794	0.019464280686617565
Run3	P00054	P00054	Gene_322	Gene_322	PEP00322	PEPT322	PEPT322	3	422420.6870819161	2184181.2025575335	0.004466516917163024	0.01829492019056677	8.44594748546923e-05	0.007393440373343969
Run5	P00131	P00131	Gene_323	Gene_323	PEP00323	PEPT323	PEPT323	2	15238359.063505331	2629466.206342941	0.014281711653328255	0.007424435040930895	0.008787932863830289	0.01598628019119875
Run7	P00117	P00117	Gene_324	Gene_324	PEP00324	PEPT324	PEPT324	2	1022604.7053863208	808657.935134589	0.012322938468366285	0.0020213254521416245	0.004496552834409002	0.002800039052990677
Run3	P00139	P00139	Gene_325	Gene_325	PEP00325	PEPT325	PEPT325	2	2014555.3521396832	4880220.323762543	0.014635156039203165	0.0056761601229442	0.006830071365562212	0.015747493609010572
Run3	P00090	P00090	Gene_326	Gene_326	PEP00326	PEPT326	PEPT326	3	2579735.137617614	341615.12781449803	0.0031931902605205065	0.011280865285470293	0.017398114045453966	0.007215905948939343
Run7	P00041	P00041	Gene_327	Gene_327	PEP00327	PEPT327	PEPT327	2	174198.53903498562	19664656.748261012	0.001131137645345217	0.0038231428935723046	0.01380243742579751	0.010886464622362453
Run8	P00113	P00113	Gene_328	Gene_328	PEP00328	PEPT328	PEPT328	3	1579615.6482989506	12917150.548979757	0.0011563709551159862	0.016460329012733647	0.012897210130604984	0.01797965448028631
Run6	P00040	P00040	Gene_329	Gene_329	PEP00329	PEPT329	PEPT329	2	230538.99010148077	1137236.4102888375	0.003201866894295693	0.011464846201277983	0.0021813381196966563	0.009123049630745202
Run8	P00068	P00068	Gene_330	Gene_330	PEP00330	PEPT330	PEPT330	2	782184.5474191814	8908836.368106885	0.008073398722854973	0.01264753884910953	0.0005766782394020509	0.007523745245597886
Run4	P00027	P00027	Gene_331	Gene_331	PEP00331	PEPT331	PEPT331	2	2178636.5738233696	5204676.903579869	0.01988602559328857	0.012652818904598316	0.016228173231698124	0.00864976726664296
Run7	P00060	P00060	Gene_332	Gene_332	PEP00332	PEPT332	PEPT332	3	886951.300858069	2840212.7710925527	0.017170043348763257	0.017247189206662322	0.010369110882288271	0.00846709857299239
Run7	P00027	P00027	Gene_333	Gene_333	PEP00333	PEPT333	PEPT333	4	3633091.096861539	3013886.758291984	0.0009388832961245619	0.007551472213167668	0.016080387918429223	0.01964350802280572
Run3	P00007	P00007	Gene_334	Gene_334	PEP00334	PEPT334	PEPT334	3	3757443.319261694	1224834.4438013476	0.019332416178170178	0.007507175039004015	0.019419659732352625	0.001850609209047831
Run5	P00101	P00101	Gene_335	Gene_335	PEP00335	PEPT335	PEPT335	4	209123.5378657715	9076837.828907318	0.01800333726144486	0.012522324975814727	0.008418891890547437	0.006973316614110574
Run6	P00075	P00075	Gene_336	Gene_336	PEP00336	PEPT336	PEPT336	2	32659.05954876239	10861652.846657697	0.008178074075026236	0.007323892794724451	0.01493023910067179	1.886080295933068e-05
Run7	P00120	P00120	Gene_337	Gene_337	PEP00337	PEPT337	PEPT337	4	913589.9465601925	1826096.128093988	0.003109971932032345	0.015425388523705784	0.01973367945624047	0.004011850169226188
Run6	P00003	P00003	Gene_338	Gene_338	PEP00338	PEPT338	PEPT338	3	5725739.648359574	3851506.1028231457	0.015148338030404622	0.007965792010613409	0.0059954700717161	0.013771015039242608
Run3	P00061	P00061	Gene_339	Gene_339	PEP00339	PEPT339	PEPT339	2	638321.4890336985	742750.1673156448	0.017522827740598153	0.004487194438982454	0.007372185561957752	0.0062828894156873386
Run4	P00071	P00071	Gene_340	Gene_340	PEP00340	PEPT340	PEPT340	4	117161.0631443536	4510992.843191524	0.011672453020022306	0.0059513067300096464	0.019939566650287496	0.019095884842842924
Run2	P00041	P00041	Gene_341	Gene_341	PEP00341	PEPT341	PEPT341	3	189437.35398411125	8104900.201504389	0.012191899997548066	0.017474575878703557	0.0028372043699753722	0.005640689389997462
Run7	P00013	P00013	Gene_342	Gene_342	PEP00342	PEPT342	PEPT342	3	42431.645701483445	8911377.002559852	0.018493111819338524	0.008466337151840926	0.015907074119823696	0.005208197741907837
Run6	P00031	P00031	Gene_343	Gene_343	PEP00343	PEPT343	PEPT343	3	7872821.03626204	30777915.821078688	0.002319085154429139	0.011277990677944395	0.013670085788513775	0.019758776099316023
Run8	P00015	P00015	Gene_344	Gene_344	PEP00344	PEPT344	PEPT344	3	530311.2263692812	3272020.0407493017	0.002009887959332517	0.0018478248075114	0.015895796371793572	0.010239056584395351
Run5	P00060	P00060	Gene_345	Gene_345	PEP00345	PEPT345	PEPT345	4	1056000.2800363044	11538041.15919082	0.01723453275959841	0.010221635794395136	0.008283031023004775	0.0024375814689488527
Run4	P00063	P00063	Gene_346	Gene_346	PEP00346	PEPT346	PEPT346	2	1551859.0070022086	1977702.2443361296	0.008979087097571671	0.0012401470711481389	0.003809728094696554	0.004682897022274748
Run2	P00018	P00018	Gene_347	Gene_347	PEP00347	PEPT347	PEPT347	2	2308510.1983312364	2537777.5697229262	0.015788713665781513	0.003564029925060439	0.014589045291338703	0.019479327114752563
Run5	P00118	P00118	Gene_348	Gene_348	PEP00348	PEPT348	PEPT348	2	500847.7769184811	16948905.40385269	0.015949975508945037	0.00038099441483749444	0.01553809395092877	0.017198439271559396
Run8	P00104	P00104	Gene_349	Gene_349	PEP00349	PEPT349	PEPT349	3	1490726.44525654	1845757.2645512691	0.01404479045854343	0.0042768062288779255	0.019077907760849448	0.015350821526471168
Run7	P00083	P00083	Gene_350	Gene_350	PEP00350	PEPT350	PEPT350	2	680322.1879277915	5989248.673082366	0.019221301360310025	0.01694197853639782	0.012432286316923287	0.006560753220132911
Run2	P00025	P00025	Gene_351	Gene_351	PEP00351	PEPT351	PEPT351	3	411887.95715706097	629538.9816816081	0.0009590368306193309	0.017041424995913802	0.015201396844444413	0.015675602060336805
Run4	P00056	P00056	Gene_352	Gene_352	PEP00352	PEPT352	PEPT352	2	408379.23356911016	4853489.827539441	0.014763362865855494	0.011057653190581862	0.007676238134268434	0.012853022842365629
Run1	P00116	P00116	Gene_353	Gene_353	PEP00353	PEPT353	PEPT353	2	408590.49432641204	16100016.392446121	0.005011476212475774	0.007496848610278517	0.005235993130011309	0.011948578985743996
Run1	P00070	P00070	Gene_354	Gene_354	PEP00354	PEPT354	PEPT354	2	629666.9685274472	450392.2769499785	0.012376442934389695	0.014176723851815506	0.014797431547858576	0.015320056832168681
Run8	P00115	P00115	Gene_355	Gene_355	PEP00355	PEPT355	PEPT355	3	1285410.0921020007	3904899.04282543	0.008623645009248447	0.0031337391533358796	0.004189270039228712	0.009554899042503775
Run4	P00099	P00099	Gene_356	Gene_356	PEP00356	PEPT356	PEPT356	3	522321.9308862083	14271243.983960055	0.010243147512471393	0.007761964157559565	0.017310772522490234	0.011230823160094397
Run1	P00099	P00099	Gene_357	Gene_357	PEP00357	PEPT357	PEPT357	4	22979.792139217057	2592970.1713984595	0.013696450288932125	0.009229449587059978	0.003450365829993327	0.006382647257325942
Run8	P00065	P00065	Gene_358	Gene_358	PEP00358	PEPT358	PEPT358	4	709968.2847461656	1933171.6355140095	0.004634064727781015	0.01412448170037292	0.005979771384820454	0.014099050614602298
Run8	P00143	P00143	Gene_359	Gene_359	PEP00359	PEPT359	PEPT359	4	672825.1330088318	3402779.631876834	0.005732085479791684	0.011007624653497042	0.005154146855507955	0.012845985740041064
Run3	P00017	P00017	Gene_360	Gene_360	PEP00360	PEPT360	PEPT360	2	1636044.1253002542	1216439.3934120282	0.0041538789013183175	0.012627526983205396	0.0028208679124020943	0.002699682872018607
Run7	P00022	P00022	Gene_361	Gene_361	PEP00361	PEPT361	PEPT361	4	1429644.190368646	1582330.1192440987	0.008028392566961497	0.015790421647356986	0.0016245490636823145	0.018807299042783217
Run2	P00075	P00075	Gene_362	Gene_362	PEP00362	PEPT362	PEPT362	3	209049.71288799224	7917860.879892934	0.0052808039451301796	0.00876761371351676	0.009482008984612995	0.014070272232802774
Run6	P00013	P00013	Gene_363	Gene_363	PEP00363	PEPT363	PEPT363	2	3770445.7826444567	2628777.4055847977	0.013131494751901686	0.013531512757359221	0.017899311076263913	0.005481204172163483
Run3	P00108	P00108	Gene_364	Gene_364	PEP00364	PEPT364	PEPT364	4	3489252.4582385654	4594189.644209091	0.01457766748602356	0.015049385940570653	0.012918416130593455	0.011826994149505944
Run7	P00065	P00065	Gene_365	Gene_365	PEP00365	PEPT365	PEPT365	4	739039.7563064944	1608615.4001429563	0.008967470976292833	0.005552783074791492	0.008125661459257803	0.013342799389790865
Run5	P00117	P00117	Gene_366	Gene_366	PEP00366	PEPT366	PEPT366	2	870528.5883789641	668608.1161715399	0.007535241262212118	0.00021615046954473138	0.0014759395953503219	0.002361650199307972
Run4	P00073	P00073	Gene_367	Gene_367	PEP00367	PEPT367	PEPT367	3	2594451.4898968753	7166845.514356362	0.008546893519464353	0.0014597816527602548	0.0011100335022332097	0.01658489505787492
Run2	P00036	P00036	Gene_368	Gene_368	PEP00368	PEPT368	PEPT368	2	2323469.1184894056	5228640.300822737	0.002539846902879803	0.014829443897708855	0.01232980086671409	0.007289422002354807
Run3	P00116	P00116	Gene_369	Gene_369	PEP00369	PEPT369	PEPT369	3	1065455.3231470126	3802920.3053956055	0.013449105254069435	0.01234242882911077	0.009888685399194212	0.012319452139284598
Run7	P00009	P00009	Gene_370	Gene_370	PEP00370	PEPT370	PEPT370	3	1072023.080523634	2040529.426584602	0.00764660783750702	0.012827292619699244	0.018984929961374554	0.01373961409239366
Run6	P00101	P00101	Gene_371	Gene_371	PEP00371	PEPT371	PEPT371	2	4738167.297566299	218388.2930302727	0.004857646239319909	0.019602428077972803	0.01935983372175556	0.004423763894834805
Run3	P00083	P00083	Gene_372	Gene_372	PEP00372	PEPT372	PEPT372	3	5857909.994517302	52569741.781305514	0.015572920413910441	0.00518301428730465	0.008765491420336495	0.011302359436497749
Run2	P00110	P00110	Gene_373	Gene_373	PEP00373	PEPT373	PEPT373	4	898685.4281759636	649236.2563912913	0.009419391971427086	0.016129817828932864	0.0074010506502578165	0.002199130551264801
Run1	P00030	P00030	Gene_374	Gene_374	PEP00374	PEPT374	PEPT374	4	95702.31055783213	6551738.883959426	0.0024598941887681216	0.010684930823675843	0.014885172781264739	0.018305423333263193
Run4	P00139	P00139	Gene_375	Gene_375	PEP00375	PEPT375	PEPT375	2	2535854.221381311	6301602.532316876	0.0025797078647809093	0.008737738161075903	0.019124724220217628	0.0137197514914756
Run5	P00148	P00148	Gene_376	Gene_376	PEP00376	PEPT376	PEPT376	3	17747275.31258532	1112780.8589217172	0.009542767026878203	8.703348719735216e-05	0.0008800093533796627	0.009481093006549764
Run5	P00025	P00025	Gene_377	Gene_377	PEP00377	PEPT377	PEPT377	2	517907.66222214256	500065.11381980364	0.006224015530502263	0.010556413261314748	0.011134568375809957	0.016874263778152508
Run4	P00069	P00069	Gene_378	Gene_378	PEP00378	PEPT378	PEPT378	4	1534700.522942018	16811126.26233008	0.018107106621754517	0.00532039391093216	0.016300086546831596	0.018403015213601978
Run4	P00049	P00049	Gene_379	Gene_379	PEP00379	PEPT379	PEPT379	2	344188.9398910639	359714.32653309946	0.00015028629396996563	0.006626083672052321	0.012750576397397236	0.008372952082025835
Run1	P00061	P00061	Gene_380	Gene_380	PEP00380	PEPT380	PEPT380	4	2502382.8530333904	3917941.0014790785	0.019792783415029894	0.013437839272530078	0.017111593656893697	0.002466901150007652
Run2	P00125	P00125	Gene_381	Gene_381	PEP00381	PEPT381	PEPT381	2	330064.59774585965	4075891.261040136	0.007592684301183668	0.0045992596729532	0.015082937518955127	0.010325304627856444
Run4	P00095	P00095	Gene_382	Gene_382	PEP00382	PEPT382	PEPT382	2	943052.633775425	691806.4585996901	0.006350962006614398	0.005174854619334908	0.007597914360126761	0.0026928838660835396
Run5	P00027	P00027	Gene_383	Gene_383	PEP00383	PEPT383	PEPT383	3	951314.9034357374	1984167.7257170128	0.00970348542368305	0.01326166180366602	0.011041666298950306	0.01398739278613854
Run7	P00032	P00032	Gene_384	Gene_384	PEP00384	PEPT384	PEPT384	2	437121.72792001034	521177.73516685516	0.015370207367418608	0.018561463677489717	0.0005829324899426114	0.013893199136943875
Run2	P00040	P00040	Gene_385	Gene_385	PEP00385	PEPT385	PEPT385	3	5208052.331298012	8994743.038110249	0.00023575966221154988	0.012798395604187685	0.014563602280505808	0.006162321197040897
Run4	P00059	P00059	Gene_386	Gene_386	PEP00386	PEPT386	PEPT386	2	899901.7263870236	3775179.2076132307	0.0087969752391142	0.012501109298972182	0.01019077009564116	0.019825429903578252
Run1	P00099	P00099	Gene_387	Gene_387	PEP00387	PEPT387	PEPT387	2	183673.51926862143	29617053.46490544	0.018822734832897054	0.006722655261638797	0.0006660622125891402	0.017944689061728417
Run2	P00091	P00091	Gene_388	Gene_388	PEP00388	PEPT388	PEPT388	3	102784.95875059841	3493527.5031226263	0.01012493733780518	0.008412549868362052	0.019766248535214557	0.007991646912100213
Run3	P00088	P00088	Gene_389	Gene_389	PEP00389	PEPT389	PEPT389	3	1309813.8947801283	1955831.3564096263	0.004519877613529189	0.0012608937635488937	0.015376598117043911	0.006012597912369875
Run7	P00049	P00049	Gene_390	Gene_390	PEP00390	PEPT390	PEPT390	3	4348446.486556361	6922553.125657505	0.012197146330998925	0.0016008867113546854	0.0005106363676035098	0.00025208675449765126
Run5	P00130	P00130	Gene_391	Gene_391	PEP00391	PEPT391	PEPT391	3	484980.6889478435	3531866.631179308	0.006609877177408847	0.003473966138856772	0.01776848008013287	0.017684730874987387
Run3	P00100	P00100	Gene_392	Gene_392	PEP00392	PEPT392	PEPT392	3	598113.2856304661	4142916.3372912034	0.011935028787936569	0.004423356564299801	0.01234551751267098	0.010244578449123272
Run7	P00126	P00126	Gene_393	Gene_393	PEP00393	PEPT393	PEPT393	3	5459809.539238094	1416055.9080677181	0.011839560149536545	0.01566806167566505	0.0024256591415679376	0.01185121932654091
Run4	P00038	P00038	Gene_394	Gene_394	PEP00394	PEPT394	PEPT394	3	320037.46366433013	1267583.2827143732	0.014679078905861332	0.011636689721737955	0.011820092213504352	0.0032280301889486586
Run2	P00054	P00054	Gene_395	Gene_395	PEP00395	PEPT395	PEPT395	4	1583617.4180428241	790596.3591298879	0.018977850122279923	0.006840987979072419	0.013463506903436975	0.006720175631000596
Run2	P00067	P00067	Gene_396	Gene_396	PEP00396	PEPT396	PEPT396	3	522932.45581790025	16743236.685257062	0.017611550536841367	0.014410839661900512	0.0004484989759556157	0.0006277295995699173
Run4	P00036	P00036	Gene_397	Gene_397	PEP00397	PEPT397	PEPT397	3	999653.9239902691	392311.28789841774	0.007633099501056439	0.011550040805296766	0.009005828277461525	0.00619120834297443
Run3	P00067	P00067	Gene_398	Gene_398	PEP00398	PEPT398	PEPT398	3	5822202.951296172	2082418.4924613126	0.012297872467331583	0.015815958305777988	0.01968210583096885	0.003753797611013883
Run5	P00119	P00119	Gene_399	Gene_399	PEP00399	PEPT399	PEPT399	3	1030948.4637484396	5047484.9381404305	0.0041063859777922904	0.005086528969286483	0.003576555109173447	0.004431411527143893
Run6	P00119	P00119	Gene_400	Gene_400	PEP00400	PEPT400	PEPT400	2	523788.1087558932	1871677.691424575	0.010980018030974505	0.00895007988339152	0.016765769460423356	0.010706092519691448
Run1	P00021	P00021	Gene_401	Gene_401	PEP00401	PEPT401	PEPT401	4	1915381.998544621	3698384.5512074158	0.0008044957399773	0.008015116225474014	0.01960508130755814	0.004457740567064321
Run1	P00048	P00048	Gene_402	Gene_402	PEP00402	PEPT402	PEPT402	3	5070917.628167196	19785013.366199363	0.00022048917011999736	0.007631365690917908	0.000761747938047328	0.0018129722944631977
Run3	P00006	P00006	Gene_403	Gene_403	PEP00403	PEPT403	PEPT403	4	840532.3405807425	899463.3907965893	0.016924549460718245	0.00792728323060577	0.005499771828702102	0.01631826718930726
Run1	P00018	P00018	Gene_404	Gene_404	PEP00404	PEPT404	PEPT404	4	1644986.4133397662	2711898.1206029956	0.012657312286752166	0.002058945737307467	2.1589904264811555e-05	0.005003883993943616
Run4	P00005	P00005	Gene_405	Gene_405	PEP00405	PEPT405	PEPT405	3	607512.090709421	2515202.9928250816	0.014983222739036055	0.016786828339122945	0.011597877745189061	0.011667080382267839
Run7	P00037	P00037	Gene_406	Gene_406	PEP00406	PEPT406	PEPT406	2	5146107.974190298	8212917.623298467	0.0020997914378612027	0.005918086470716015	0.009191147479526826	0.019107652755453734
Run8	P00083	P00083	Gene_407	Gene_407	PEP00407	PEPT407	PEPT407	3	14644532.557374978	11410955.508836	0.011201598731107055	0.01266572150053574	0.012433334820914766	0.016772950379342875
Run2	P00080	P00080	Gene_408	Gene_408	PEP00408	PEPT408	PEPT408	2	7523965.5910131745	934984.5348211345	0.010088100212670599	0.0016451073575361153	0.0014848121597744602	0.005658451325725817
Run1	P00131	P00131	Gene_409	Gene_409	PEP00409	PEPT409	PEPT409	2	118331.95187815737	4016553.449697105	0.007945778031672193	0.004974807881530438	0.011198906110006583	0.011126019800770135
Run1	P00116	P00116	Gene_410	Gene_410	PEP00410	PEPT410	PEPT410	3	80663.08976083943	7963281.002558484	0.0054323779746858645	0.010845435065312267	0.007250622922806462	0.006248075619672337
Run5	P00148	P00148	Gene_411	Gene_411	PEP00411	PEPT411	PEPT411	4	4629736.064952499	1184507.4434236991	0.014515830848399459	0.011122376989751739	0.009206137367234007	0.019418161530878345
Run3	P00099	P00099	Gene_412	Gene_412	PEP00412	PEPT412	PEPT412	3	1303582.647856684	5482014.400589949	0.007242233131721634	0.0041639079044996355	0.01684876740037362	0.008676286615261677
Run2	P00087	P00087	Gene_413	Gene_413	PEP00413	PEPT413	PEPT413	4	12296685.120224657	3861388.2885934226	0.008961027028371892	0.015022897562020628	0.005778976692123481	0.018396316105779877
Run4	P00057	P00057	Gene_414	Gene_414	PEP00414	PEPT414	PEPT414	4	481455.901851793	1667175.8759452342	0.015626042495356766	0.016143064953551632	0.013902217685305814	0.0009538991836313948
Run3	P00126	P00126	Gene_415	Gene_415	PEP00415	PEPT415	PEPT415	2	609232.3555131514	3939761.3044950403	0.013010991204608436	0.013968822705226074	0.011466599067780926	0.004164093287976531
Run3	P00024	P00024	Gene_416	Gene_416	PEP00416	PEPT416	PEPT416	2	4719945.799969219	1868142.0769630764	0.014118152586101548	0.01011455223617881	0.018216741975804644	0.009063770612913864
Run1	P00011	P00011	Gene_417	Gene_417	PEP00417	PEPT417	PEPT417	4	8182265.263853155	30450511.738986585	0.019084257956612134	0.018711992097019733	0.007086588427403555	0.007748241970150742
Run5	P00139	P00139	Gene_418	Gene_418	PEP00418	PEPT418	PEPT418	4	654886.127605238	3192422.1766391345	0.0009402095717378067	0.0016211655780523505	0.016164140847967436	0.00048711905762741873
Run4	P00009	P00009	Gene_419	Gene_419	PEP00419	PEPT419	PEPT419	2	175349.14694211876	1768313.842464985	0.0050402553928305125	0.012764666049884615	0.013368378584198197	0.01823228695317743
Run1	P00125	P00125	Gene_420	Gene_420	PEP00420	PEPT420	PEPT420	4	632410.6649473166	222499.47562676406	0.013261407070423139	0.01898424348197759	0.01730249694491358	0.014816006021481651
Run6	P00140	P00140	Gene_421	Gene_421	PEP00421	PEPT421	PEPT421	4	2401439.726187201	823373.2117561192	0.018303268458490597	0.005230826397465236	0.0041373189803773115	0.01683534611573509
Run6	P00005	P00005	Gene_422	Gene_422	PEP00422	PEPT422	PEPT422	4	222485.6998011497	75184058.53046225	0.009809378564944552	0.018256841599103207	0.008151675551967332	0.0036090884048868978
Run7	P00028	P00028	Gene_423	Gene_423	PEP00423	PEPT423	PEPT423	2	4788315.253622905	2454304.2903593504	0.014806386190943814	0.018346186815707734	0.010424901627741559	0.01612185936847783
Run8	P00061	P00061	Gene_424	Gene_424	PEP00424	PEPT424	PEPT424	2	27421.764399248514	2064966.5386398362	0.017528123684050285	0.008610046812752568	0.007456948624491422	0.019920454492179242
Run6	P00087	P00087	Gene_425	Gene_425	PEP00425	PEPT425	PEPT425	2	591772.145306627	509411.6190570545	0.005904782001871711	0.014822709957981406	0.010933207409541235	0.014978232965307129
Run6	P00134	P00134	Gene_426	Gene_426	PEP00426	PEPT426	PEPT426	2	988860.6330401025	160655.50339110516	0.004593483995741927	0.012597677364868082	0.012905115786869528	0.007754076327130794
Run5	P00125	P00125	Gene_427	Gene_427	PEP00427	PEPT427	PEPT427	4	556270.733656442	8449755.954019845	0.017255331400490754	0.014908910906806414	0.014806028904629582	0.0032157140300065603
Run4	P00101	P00101	Gene_428	Gene_428	PEP00428	PEPT428	PEPT428	4	597483.3649189469	39669649.60839542	0.016319987618304818	0.016245682437886676	0.00878031173293521	0.009791303696299783
Run3	P00082	P00082	Gene_429	Gene_429	PEP00429	PEPT429	PEPT429	4	1725045.2470676363	9196997.649195772	0.00925391364471552	0.00534980617287864	0.01743066666547361	0.0029503340065380333
Run1	P00025	P00025	Gene_430	Gene_430	PEP00430	PEPT430	PEPT430	4	396052.939899787	18660663.829344507	0.01690752813046778	0.017773755462451614	0.00202768826913718	0.01996996511905187
Run8	P00003	P00003	Gene_431	Gene_431	PEP00431	PEPT431	PEPT431	4	538194.1656723026	2736570.659637166	0.013986095718303369	0.008735354747025546	0.003980122211413508	0.012700102417266724
Run5	P00093	P00093	Gene_432	Gene_432	PEP00432	PEPT432	PEPT432	4	2384004.6773820054	1046252.452719013	0.005493045015730089	0.0022727294329879543	0.010684329893947478	0.0030023996400278486
Run5	P00012	P00012	Gene_433	Gene_433	PEP00433	PEPT433	PEPT433	4	150195.6338356417	11124032.853781588	0.005869823580720215	0.019486508608744058	0.017945818929262364	0.01409919406581348
Run2	P00137	P00137	Gene_434	Gene_434	PEP00434	PEPT434	PEPT434	4	220877.42754978384	892953.2944957657	0.015798731839202957	0.009936710980354688	0.00826736766122189	0.008958399530394874
Run5	P00023	P00023	Gene_435	Gene_435	PEP00435	PEPT435	PEPT435	2	1906461.5641083764	61920031.42306981	0.0008032627539669024	0.01769548819892767	0.007985000020407257	0.00647966014156983
Run3	P00059	P00059	Gene_436	Gene_436	PEP00436	PEPT436	PEPT436	4	107482.47559884509	4631582.760938971	0.013358766459094252	0.001953401015910772	0.004934014541172875	0.008521525609107926
Run4	P00011	P00011	Gene_437	Gene_437	PEP00437	PEPT437	PEPT437	4	390304.9240107593	3068961.3622034974	0.015600573905557445	0.01707417520350937	0.0020916970546779943	0.01791729373274234
Run6	P00085	P00085	Gene_438	Gene_438	PEP00438	PEPT438	PEPT438	4	373668.1992135089	1551066.5100562072	0.012709749078767525	0.0018045148354829356	0.00371373142522468	0.004792568484910718
Run4	P00083	P00083	Gene_439	Gene_439	PEP00439	PEPT439	PEPT439	2	2371882.5953925215	4074855.2615468837	0.0006164794348654601	0.014273362637922282	0.005667632700035734	0.016957314264061767
Run7	P00040	P00040	Gene_440	Gene_440	PEP00440	PEPT440	PEPT440	2	2897660.507309701	9518595.885131393	0.012491209246227446	0.019169301553099545	0.0045955025613294495	0.008321750285417172
Run7	P00097	P00097	Gene_441	Gene_441	PEP00441	PEPT441	PEPT441	2	1341696.8973630862	18373168.87499817	0.00889595352646692	0.012893227064667452	0.005549624535077244	0.016323979652067923
Run6	P00138	P00138	Gene_442	Gene_442	PEP00442	PEPT442	PEPT442	2	20470872.606890567	1864253.980687716	0.0035107992803321865	0.013074665452751122	0.014127189165354973	0.011904580996897722
Run1	P00084	P00084	Gene_443	Gene_443	PEP00443	PEPT443	PEPT443	2	10844502.134618662	206542.16044604106	0.002367394885678835	0.004091413169204621	0.011412365746169825	0.008132373387368115
Run7	P00055	P00055	Gene_444	Gene_444	PEP00444	PEPT444	PEPT444	4	1302088.4716108479	31195255.688334275	0.009523322316497596	0.008389523483393784	0.01993826566231027	0.006168176435994817
Run6	P00050	P00050	Gene_445	Gene_445	PEP00445	PEPT445	PEPT445	3	312568.0761676788	4088690.2814020575	0.01238838031883594	0.0029740754671689507	0.00928726835850686	0.009313268023331598
Run6	P00043	P00043	Gene_446	Gene_446	PEP00446	PEPT446	PEPT446	4	8945476.727199145	497279.01595400117	0.018096907080332247	0.0006512166769214623	0.0030368219574666844	0.011562886019061787
Run1	P00038	P00038	Gene_447	Gene_447	PEP00447	PEPT447	PEPT447	4	2832744.8088671425	6966836.973068747	0.007622404501713827	0.017981563538976116	0.013431933005529764	0.010005270414423187
Run5	P00076	P00076	Gene_448	Gene_448	PEP00448	PEPT448	PEPT448	3	1157416.0418240973	62466568.68699717	0.007912186954220626	0.0008778833884612025	0.00787453944834336	0.019459723943142406
Run3	P00106	P00106	Gene_449	Gene_449	PEP00449	PEPT449	PEPT449	3	523355.02206796827	3488862.3202089183	0.0014487956704063532	0.003933331196442713	0.011565536460311188	0.005422392905466708
Run2	P00005	P00005	Gene_450	Gene_450	PEP00450	PEPT450	PEPT450	3	7503351.073293828	1099502.4594603889	0.0190299934083745	0.014201868493127061	0.003294873643202514	0.008184401883852468
Run6	P00134	P00134	Gene_451	Gene_451	PEP00451	PEPT451	PEPT451	2	136819.83126287305	3979828.4498309013	0.00412428014366161	0.014026078379351077	0.0014459200339921297	0.014734431477575563
Run8	P00089	P00089	Gene_452	Gene_452	PEP00452	PEPT452	PEPT452	4	2915621.749532664	5040855.933844345	0.01967580891085989	0.012012645292279727	0.006478459470552771	0.00691625023137626
Run8	P00144	P00144	Gene_453	Gene_453	PEP00453	PEPT453	PEPT453	4	1082189.933286702	18711304.649961136	0.019094116211203258	0.018592569511767038	0.01790589552539994	0.008629091426952114
Run7	P00115	P00115	Gene_454	Gene_454	PEP00454	PEPT454	PEPT454	3	411414.62122540746	2753515.804717269	0.019289645994610544	0.01425618898927112	0.00582618608782509	0.004616518734362569
Run7	P00111	P00111	Gene_455	Gene_455	PEP00455	PEPT455	PEPT455	3	980189.5811275354	1184795.5295685865	0.015853811662904914	0.016976540542018234	0.00021716751470717056	0.005256600718935074
Run5	P00147	P00147	Gene_456	Gene_456	PEP00456	PEPT456	PEPT456	2	2877230.1425538203	10018144.605499288	0.004542417303355841	0.007668772690207955	0.009889592348343778	0.012146709127201128
Run5	P00142	P00142	Gene_457	Gene_457	PEP00457	PEPT457	PEPT457	4	1861423.047643581	40264654.676679686	0.0065526303562106715	0.010432272993983227	0.009252012014596864	0.012505507393495412
Run2	P00074	P00074	Gene_458	Gene_458	PEP00458	PEPT458	PEPT458	4	8103775.859737195	3811740.5468052095	0.010766591076467007	0.016153259385874183	0.011199566566033181	0.0026038751420004403
Run5	P00028	P00028	Gene_459	Gene_459	PEP00459	PEPT459	PEPT459	2	534530.209487396	1712227.1361113552	0.015811216825785766	0.0007382400783170251	0.003746205972148076	0.0021466778633625182
Run1	P00056	P00056	Gene_460	Gene_460	PEP00460	PEPT460	PEPT460	2	1536982.1740078877	8812229.192584354	0.004807655180807307	0.015734827067358858	0.0038883368626429914	0.007579033080410624
Run2	P00018	P00018	Gene_461	Gene_461	PEP00461	PEPT461	PEPT461	2	583433.6217599177	679444.697340969	0.018143586063694768	0.009307047434444635	0.0013758404957883409	0.012277115089324305
Run2	P00105	P00105	Gene_462	Gene_462	PEP00462	PEPT462	PEPT462	4	1425029.8616821058	2669687.810459727	0.006234823213818788	0.010466080933798343	0.01406726745585738	0.005692589051210948
Run2	P00034	P00034	Gene_463	Gene_463	PEP00463	PEPT463	PEPT463	4	5968118.44597555	32200643.072200373	0.018585222566073728	0.0035912143789429574	0.0022070961880623474	0.006651290763211644
Run3	P00074	P00074	Gene_464	Gene_464	PEP00464	PEPT464	PEPT464	2	7594819.637779401	248993.28049889606	0.005646180954958586	0.014891110476759659	0.0008383808572265928	0.017802716999871973
Run1	P00079	P00079	Gene_465	Gene_465	PEP00465	PEPT465	PEPT465	4	1207871.1649089712	3245966.7539927196	0.013708551142033669	0.011185800216128415	0.009222933281084705	0.01660221686543608
Run8	P00105	P00105	Gene_466	Gene_466	PEP00466	PEPT466	PEPT466	4	2236487.750850111	4668987.891357538	0.008427722421201971	0.01666602826851153	0.0009135137015406136	0.00026759055634104637
Run2	P00128	P00128	Gene_467	Gene_467	PEP00467	PEPT467	PEPT467	3	1105211.8269554651	3349902.678240628	0.008125861500245423	0.0012533612607122646	0.004838953265725081	0.017114152989053038
Run3	P00085	P00085	Gene_468	Gene_468	PEP00468	PEPT468	PEPT468	3	522897.666798406	2873349.5261108694	0.014786849501663858	0.00483314889519086	0.0002024913797143224	0.019069390029506358
Run6	P00067	P00067	Gene_469	Gene_469	PEP00469	PEPT469	PEPT469	2	851042.1228071757	12129426.693413723	0.018059795677048896	0.004817844895884819	0.006783222703609802	0.0015796425331569043
Run8	P00131	P00131	Gene_470	Gene_470	PEP00470	PEPT470	PEPT470	2	571165.8633742873	2718135.9681496234	0.011884194147481443	0.014516394530099258	0.005660736367816621	0.01571901948079579
Run5	P00030	P00030	Gene_471	Gene_471	PEP00471	PEPT471	PEPT471	4	1477179.6851028528	60218244.39271504	0.002526091399972006	0.010043039941833743	0.012362202542345003	0.00630645680828025
Run8	P00110	P00110	Gene_472	Gene_472	PEP00472	PEPT472	PEPT472	3	4001221.9262415445	21392720.72156531	0.017684751098816797	0.004101649409402683	0.005840282737893618	0.008496422428668791
Run6	P00043	P00043	Gene_473	Gene_473	PEP00473	PEPT473	PEPT473	4	1403796.7889015803	1088707.227857163	0.008412453621345196	0.01391319474123738	0.000859475747787386	0.016446092986491447
Run8	P00071	P00071	Gene_474	Gene_474	PEP00474	PEPT474	PEPT474	4	864078.8234170264	7259447.270371213	0.011957728645265085	0.009782027078432795	0.00316474514740303	0.0031935385866181942
Run6	P00072	P00072	Gene_475	Gene_475	PEP00475	PEPT475	PEPT475	3	5967109.838827105	10452900.029008232	0.006374891443734299	0.009695750105930396	0.002222748903807035	0.0010638086113409818
Run8	P00120	P00120	Gene_476	Gene_476	PEP00476	PEPT476	PEPT476	3	2278216.9416523823	5808214.359762757	0.010846178155214381	0.013150197753169855	0.014500147300242917	0.009504189796912763
Run5	P00005	P00005	Gene_477	Gene_477	PEP00477	PEPT477	PEPT477	4	827455.7920080292	10427328.69524724	0.019767917807520633	0.01668624864689734	0.007861062221368627	0.011838388793714863
Run4	P00122	P00122	Gene_478	Gene_478	PEP00478	PEPT478	PEPT478	3	841800.0999802161	1307837.769459188	0.013765164767273663	0.016944500110508555	0.0035579906283880213	0.018071242576996913
Run5	P00137	P00137	Gene_479	Gene_479	PEP00479	PEPT479	PEPT479	3	6724073.7957669245	5498970.644170414	0.002309108007263978	0.008496346465307707	0.011007543085853378	0.01306656550727829
Run8	P00088	P00088	Gene_480	Gene_480	PEP00480	PEPT480	PEPT480	2	3355966.806534351	3974484.2611178285	0.009704364685502214	0.0026411717859900507	0.0029047223328831006	0.001992399198949095
Run3	P00031	P00031	Gene_481	Gene_481	PEP00481	PEPT481	PEPT481	4	1207328.0886083434	75257.92031650223	0.00299974904446666	0.011407930486892866	0.019619514279562707	0.018017512653192666
Run3	P00052	P00052	Gene_482	Gene_482	PEP00482	PEPT482	PEPT482	3	18043906.034924466	453125.33726539015	0.017335487061401877	0.007255925299248776	0.0154714764068007	0.010538111227249796
Run4	P00116	P00116	Gene_483	Gene_483	PEP00483	PEPT483	PEPT483	3	1336450.4540763893	2166688.044157013	0.011259054864431075	0.00027684880730021176	0.01853414118703524	0.008847096248637195
Run6	P00144	P00144	Gene_484	Gene_484	PEP00484	PEPT484	PEPT484	3	96814.79953204318	3270567.756388036	0.01786576405846726	0.008452359927210235	0.016452871273950554	0.0016180965310633733
Run5	P00134	P00134	Gene_485	Gene_485	PEP00485	PEPT485	PEPT485	3	2154602.264521894	8815836.313372977	0.0048302091376828905	0.001133967817719954	0.0030161894096759866	0.0035347900832282896
Run4	P00027	P00027	Gene_486	Gene_486	PEP00486	PEPT486	PEPT486	4	1775813.4010177401	11700209.300721338	0.016030332542115104	0.006939034868005278	0.01843897613265302	0.012888981230796643
Run2	P00093	P00093	Gene_487	Gene_487	PEP00487	PEPT487	PEPT487	3	1515502.909095221	280520.1547812558	0.008592852111490277	0.008799560979018777	0.004498179894781684	0.019508209025865152
Run3	P00141	P00141	Gene_488	Gene_488	PEP00488	PEPT488	PEPT488	4	3897673.8538392624	31372210.5242606	0.005682971355298372	0.004758795067412398	0.015604183868504477	0.004617161605606013
Run4	P00085	P00085	Gene_489	Gene_489	PEP00489	PEPT489	PEPT489	2	741026.7783978182	12664581.53086692	0.003554417514572721	0.01736552239286638	0.0006874703793127668	0.018875707224297624
Run4	P00059	P00059	Gene_490	Gene_490	PEP00490	PEPT490	PEPT490	4	1532433.924510891	436388.6900609058	0.010947518989766094	0.018691710218174857	0.004164709847853234	0.01771654539392657
Run1	P00022	P00022	Gene_491	Gene_491	PEP00491	PEPT491	PEPT491	3	2489996.6179882307	5664510.036840005	0.003710152971255485	0.006663919216817827	0.0010747585271701143	0.013033371632091999
Run3	P00110	P00110	Gene_492	Gene_492	PEP00492	PEPT492	PEPT492	3	275780.116647511	3402888.6994918794	0.018291310994618126	0.011913331235080076	0.018879025743139148	0.019159929400530483
Run5	P00006	P00006	Gene_493	Gene_493	PEP00493	PEPT493	PEPT493	3	1247952.8497299792	1336984.5324712477	0.015367732931775758	0.011177459823780867	0.01884061463856644	0.0006686420477520483
Run1	P00046	P00046	Gene_494	Gene_494	PEP00494	PEPT494	PEPT494	3	178902.44401365716	700166.8141525392	0.004661187416721191	0.013513202755682447	0.019453647080118732	0.004644453698550286
Run4	P00008	P00008	Gene_495	Gene_495	PEP00495	PEPT495	PEPT495	3	31945847.03649855	35096909.32806162	0.0005704789309657432	0.003950890779829228	0.0021074005713976173	0.006200612874678795
Run5	P00085	P00085	Gene_496	Gene_496	PEP00496	PEPT496	PEPT496	2	412814.5204666712	763192.1008764786	0.0035832146011773557	0.00424968885367953	0.007703843476136547	0.0036733191686095634
Run5	P00073	P00073	Gene_497	Gene_497	PEP00497	PEPT497	PEPT497	3	253695.65139209403	2516376.622122169	0.016200191784259223	0.005402641210178258	0.012205741411947602	0.012811272633245255
Run5	P00065	P00065	Gene_498	Gene_498	PEP00498	PEPT498	PEPT498	2	3358579.450162675	497960.88729440473	0.018316939530826176	0.011311827667170163	0.014293071912275735	0.006857506724457674
Run7	P00110	P00110	Gene_499	Gene_499	PEP00499	PEPT499	PEPT499	3	897844.3782077271	55250639.99827412	0.003623371878570585	0.009593082737400692	0.002384998837144985	0.015031813872755956
Run3	P00139	P00139	Gene_500	Gene_500	PEP00500	PEPT500	PEPT500	4	645139.5313408719	4714435.7059699455	0.0010074048220351961	0.008446409365149163	0.010238853824350446	0.008841510147742569
Run8	P00062	P00062	Gene_501	Gene_501	PEP00501	PEPT501	PEPT501	2	955856.2004478615	8824641.508620529	0.019256539087929007	0.0027150102058857086	0.002199010669124759	0.0028306726409989503
Run3	P00010	P00010	Gene_502	Gene_502	PEP00502	PEPT502	PEPT502	2	265107.9903446312	203691.58069981672	0.013299293342755973	0.017437394222772542	0.014494994736323803	0.011752722223088707
Run7	P00024	P00024	Gene_503	Gene_503	PEP00503	PEPT503	PEPT503	4	3251450.930924753	2797485.0744741694	0.014299923417986169	0.0020406311634386955	0.010313438594415152	0.019736202801487968
Run4	P00027	P00027	Gene_504	Gene_504	PEP00504	PEPT504	PEPT504	4	11426.737257818148	2042843.770415153	0.0013587650056239276	0.0008854825597302996	0.0066898423960171935	0.006395606711505451
Run2	P00123	P00123	Gene_505	Gene_505	PEP00505	PEPT505	PEPT505	3	2019766.6620300184	18239096.014018025	0.01375813049063309	0.0024598695763905897	0.010251264631164532	0.007004049109320811
Run4	P00061	P00061	Gene_506	Gene_506	PEP00506	PEPT506	PEPT506	3	1530154.0748447569	120356961.25196001	0.009698607439978005	0.0046002264469658495	0.016097446178745086	0.00842492718299662
Run5	P00132	P00132	Gene_507	Gene_507	PEP00507	PEPT507	PEPT507	4	5574369.395756561	157201.05416349048	0.01576528138138816	0.0032191625102704503	0.015841251591738825	0.004229241341735391
Run6	P00014	P00014	Gene_508	Gene_508	PEP00508	PEPT508	PEPT508	3	1634617.4439930718	13808558.955980698	0.008473510578190131	0.002064606932133646	0.01908015507512489	0.004688213587328786
Run7	P00011	P00011	Gene_509	Gene_509	PEP00509	PEPT509	PEPT509	4	520720.02672103076	712764.0751987074	0.0057206632644944124	0.0034134980770785294	0.00966262316107404	0.005503071690435031
Run5	P00091	P00091	Gene_510	Gene_510	PEP00510	PEPT510	PEPT510	3	1404585.769761308	5385985.7424137425	0.0003549239304212426	0.008957417168156647	0.00045979445420173847	0.01916966345213306
Run6	P00141	P00141	Gene_511	Gene_511	PEP00511	PEPT511	PEPT511	3	6122938.370511054	32780203.11372098	0.010096870916223756	0.017277038238663438	0.011217119947056946	0.013885745783331472
Run5	P00106	P00106	Gene_512	Gene_512	PEP00512	PEPT512	PEPT512	3	3997533.199476243	4462827.3405465	0.01771466244713304	0.00869265595245672	0.013524579196028601	0.0038949838595512863
Run7	P00039	P00039	Gene_513	Gene_513	PEP00513	PEPT513	PEPT513	2	3986057.661978452	13161561.546672398	0.019622772985070664	4.1644493249954894e-05	0.011144597666565432	0.0003713169398633243
Run1	P00036	P00036	Gene_514	Gene_514	PEP00514	PEPT514	PEPT514	3	7477991.815527316	3159308.463939937	0.012572852924158762	0.010050046734501659	0.018521383907731642	0.0007290912451162868
Run3	P00048	P00048	Gene_515	Gene_515	PEP00515	PEPT515	PEPT515	4	3306902.736158309	3361838.7266292186	0.015392017317635547	0.006844863127760281	0.011053729056361063	0.011754999238841551
Run4	P00118	P00118	Gene_516	Gene_516	PEP00516	PEPT516	PEPT516	3	1285444.9467431796	13301851.07012847	0.016143944189931567	0.004810509797382876	0.002926628368695463	0.0061716751247384875
Run7	P00102	P00102	Gene_517	Gene_517	PEP00517	PEPT517	PEPT517	2	881259.7601370137	907489.7086248252	0.00015717564965975095	0.013272602872910324	0.016103572199662696	0.019203470531577928
Run5	P00009	P00009	Gene_518	Gene_518	PEP00518	PEPT518	PEPT518	2	297936.0784860955	4041419.43189725	0.015926503113640942	0.006874317436139135	0.01838772279047135	0.009587345898889299
Run1	P00062	P00062	Gene_519	Gene_519	PEP00519	PEPT519	PEPT519	3	1181945.9856940273	255930434.50691515	0.00572607912353041	0.013874261886037772	0.01576088262674427	0.0048366458353385
Run3	P00087	P00087	Gene_520	Gene_520	PEP00520	PEPT520	PEPT520	3	6199279.596055409	1218627.6862379678	0.002785190871116474	0.012036350643223389	0.015041410157930675	0.01273655643960379
Run7	P00075	P00075	Gene_521	Gene_521	PEP00521	PEPT521	PEPT521	2	1773230.0372788173	802745.782494459	0.01885382171377918	0.005664672310316321	0.0026787632591592446	0.0003660104052525948
Run3	P00116	P00116	Gene_522	Gene_522	PEP00522	PEPT522	PEPT522	3	514030.3789909348	1282581.8309571906	0.003676711854667603	0.011195658243764908	0.013178015163809561	2.958956877665564e-06
Run5	P00012	P00012	Gene_523	Gene_523	PEP00523	PEPT523	PEPT523	3	7524003.264294231	5592366.1646063905	0.008621593042382093	0.004801805612486645	0.01939963257691492	0.003976429020168979
Run3	P00140	P00140	Gene_524	Gene_524	PEP00524	PEPT524	PEPT524	3	2184018.2492705225	9508267.19316944	0.013663537213795561	0.006419920819334362	0.011561257251652383	0.006807542924707814
Run6	P00048	P00048	Gene_525	Gene_525	PEP00525	PEPT525	PEPT525	4	62294.748381996214	815897.5305999158	0.0017369998230245653	0.014081669921646427	0.005655589080548049	0.011062096353064464
Run8	P00059	P00059	Gene_526	Gene_526	PEP00526	PEPT526	PEPT526	2	108567.1407669723	310149.60437901487	0.019074418062536302	0.008167300471666592	0.014093914965489125	0.01588397341470622
Run4	P00044	P00044	Gene_527	Gene_527	PEP00527	PEPT527	PEPT527	2	750126.0917251271	48628982.74880791	0.0027662377989507614	0.011645558298303499	0.0077873642614740635	0.004344691729403267
Run1	P00044	P00044	Gene_528	Gene_528	PEP00528	PEPT528	PEPT528	3	299995.43861802534	83086144.68918821	0.00683554544978062	0.01514027417966973	0.00578988055572419	0.0020125067579904155
Run2	P00148	P00148	Gene_529	Gene_529	PEP00529	PEPT529	PEPT529	3	1199731.6605482385	588714.2830308116	0.010339430816509157	0.0009138542993838805	0.00118499082696929	0.008679611749856455
Run4	P00057	P00057	Gene_530	Gene_530	PEP00530	PEPT530	PEPT530	4	2218639.7829702157	477276.10350652575	0.00019525489340815882	0.01870571525365696	0.013621229686991037	0.01353253696028398
Run4	P00045	P00045	Gene_531	Gene_531	PEP00531	PEPT531	PEPT531	4	8743663.09963176	11985639.489205465	0.019170042457146166	0.00012029587621129156	0.000587183987736919	0.01848450493763479
Run2	P00008	P00008	Gene_532	Gene_532	PEP00532	PEPT532	PEPT532	3	145560.7876313696	10457312.980132634	0.01573865711088028	0.019208348799808383	0.008253674415900667	0.01564718562058264
Run8	P00044	P00044	Gene_533	Gene_533	PEP00533	PEPT533	PEPT533	4	45512.180511797225	11455792.265523307	0.00616724457613135	0.010119917840935133	0.008438954264091079	0.005606342311430423
Run5	P00041	P00041	Gene_534	Gene_534	PEP00534	PEPT534	PEPT534	3	1207886.5836835108	351371.7552318041	0.0003257624664859771	0.008274410825919891	0.015183745193218924	0.01933336404065861
Run8	P00085	P00085	Gene_535	Gene_535	PEP00535	PEPT535	PEPT535	2	564328.8628185567	7746607.71006842	0.0006307542118939802	0.008880435100383631	0.01501939130996395	0.010955174223814543
Run7	P00112	P00112	Gene_536	Gene_536	PEP00536	PEPT536	PEPT536	3	622752.790808673	4893594.866197694	0.0023138457227906083	0.0022187624569758335	0.003302987589823536	0.0042786323956791735
Run4	P00133	P00133	Gene_537	Gene_537	PEP00537	PEPT537	PEPT537	2	1450869.9468753308	5994349.000208878	0.018633878822452016	0.014908459117999038	0.004423265844364239	0.0026836573269304067
Run3	P00110	P00110	Gene_538	Gene_538	PEP00538	PEPT538	PEPT538	3	5228927.614507576	19940875.475656167	0.011715853012790864	0.004571558795349091	0.011070881970196076	0.015593732327673554
Run4	P00048	P00048	Gene_539	Gene_539	PEP00539	PEPT539	PEPT539	3	584397.3401065709	4998348.894049811	0.005590314081326986	0.01657995094196304	0.000281203926948308	0.005560116666639119
Run1	P00129	P00129	Gene_540	Gene_540	PEP00540	PEPT540	PEPT540	4	138320.4427204147	27497748.401180755	0.00780271980772703	0.015636339781765388	0.005661583940398773	0.00815460077288597
Run3	P00131	P00131	Gene_541	Gene_541	PEP00541	PEPT541	PEPT541	2	304980.00836113904	817816.6945074286	0.0019430955240083447	0.018565363311070972	0.008857114162470715	0.019603225314952503
Run1	P00117	P00117	Gene_542	Gene_542	PEP00542	PEPT542	PEPT542	4	4204020.203017204	69481132.06043093	0.010098692327264378	0.010793013690793876	0.01950919158584167	0.015113773171907811
Run6	P00027	P00027	Gene_543	Gene_543	PEP00543	PEPT543	PEPT543	4	568401.0830638396	2533396.9445805354	0.0021440906722318353	0.006993657958042239	0.002821469599129438	0.014685618898051329
Run5	P00021	P00021	Gene_544	Gene_544	PEP00544	PEPT544	PEPT544	3	2143506.993057507	3687379.1846615756	0.005207657861915045	0.002002183422011943	0.012978423119094218	0.006686213767578067
Run6	P00033	P00033	Gene_545	Gene_545	PEP00545	PEPT545	PEPT545	2	108782.54144496858	417269.03910942323	0.016984422587592862	0.01320926840179068	0.0150010428817695	0.017304743335453312
Run3	P00079	P00079	Gene_546	Gene_546	PEP00546	PEPT546	PEPT546	3	2894940.9215512597	19635772.595587656	0.0035754548971334986	0.004291922890038915	0.00869181128872664	0.008086822156705031
Run6	P00046	P00046	Gene_547	Gene_547	PEP00547	PEPT547	PEPT547	4	828189.0750319873	954424.2617013289	0.014646675282795327	0.009041953033805769	0.005889584431408064	0.003413688748769903
Run5	P00024	P00024	Gene_548	Gene_548	PEP00548	PEPT548	PEPT548	2	528800.4943786027	7572918.472306287	0.005008813380777204	0.005912014807381769	0.008110056840337509	0.0031681912289438507
Run5	P00099	P00099	Gene_549	Gene_549	PEP00549	PEPT549	PEPT549	3	13840887.62174584	1497314.4001845608	0.017794461024697058	0.009840982882399209	0.014322214443922178	0.005427534595668273
Run7	P00116	P00116	Gene_550	Gene_550	PEP00550	PEPT550	PEPT550	2	422676.4629116086	2460828.930741074	0.009466957710156832	0.011575881566587787	0.01753798633432702	0.00030043078367993027
Run5	P00048	P00048	Gene_551	Gene_551	PEP00551	PEPT551	PEPT551	4	3622983.0879890043	2312303.90097205	0.009778061465460747	0.0008898586037374257	0.01954293463559904	0.0020047483323593963
Run2	P00047	P00047	Gene_552	Gene_552	PEP00552	PEPT552	PEPT552	4	379590.17016979743	13657849.912328085	0.015583934022721669	0.009355337547069152	0.014230723322750478	0.00783005156054049
Run4	P00049	P00049	Gene_553	Gene_553	PEP00553	PEPT553	PEPT553	2	420451.52018534445	11745171.357401134	0.00793828964374933	0.000501597036348711	0.012822818298022134	0.00843605470164687
Run2	P00050	P00050	Gene_554	Gene_554	PEP00554	PEPT554	PEPT554	4	3460062.746354085	402631.389582333	0.016322278951711375	0.010644779238289204	0.0037305878769617264	0.015747481254602683
Run8	P00053	P00053	Gene_555	Gene_555	PEP00555	PEPT555	PEPT555	2	73546.94157319075	41310367.62749569	0.01740633431753787	0.014824979469664353	0.006939890279435382	0.017532903670535862
Run4	P00037	P00037	Gene_556	Gene_556	PEP00556	PEPT556	PEPT556	3	2364359.5372245195	22824912.999439135	0.015376913588189533	0.007515313522970053	0.0006998412285500444	0.0037509951868226724
Run4	P00049	P00049	Gene_557	Gene_557	PEP00557	PEPT557	PEPT557	2	1887227.0152386497	767611.6631151069	0.004928455601318904	0.00927349198809329	0.014786489187662195	0.00897947584231719
Run5	P00089	P00089	Gene_558	Gene_558	PEP00558	PEPT558	PEPT558	3	408006.53384898853	31632853.459090468	0.0025384820911133455	0.0030460254214025807	0.014816683808166696	0.010981533642408312
Run7	P00085	P00085	Gene_559	Gene_559	PEP00559	PEPT559	PEPT559	3	164112.90235635274	1684689.607229024	0.014199415699085782	0.01913849663433825	0.003755901654588807	0.011960466073736438
Run4	P00048	P00048	Gene_560	Gene_560	PEP00560	PEPT560	PEPT560	3	655762.6242715479	5247768.162180208	0.01184515268666293	0.011249403558908062	0.007917530899872302	0.004287794836575487
Run1	P00004	P00004	Gene_561	Gene_561	PEP00561	PEPT561	PEPT561	4	2182053.9465963854	7165513.063524121	0.008260309575938145	0.012185202968764894	0.017818132756491713	0.0072464807893341775
Run3	P00022	P00022	Gene_562	Gene_562	PEP00562	PEPT562	PEPT562	3	1403990.3114251073	6053479.792544811	0.0036287645589215224	0.004514084686096218	0.011131621922515648	0.013284796465373236
Run1	P00030	P00030	Gene_563	Gene_563	PEP00563	PEPT563	PEPT563	2	174755.03846491248	4922134.750615638	0.013772003718148263	0.019093347523963015	0.003876293981589869	0.00709240133926947
Run7	P00135	P00135	Gene_564	Gene_564	PEP00564	PEPT564	PEPT564	2	324477.8991718841	10949517.668539718	0.009867770127373662	0.016699832680797912	0.007820473494779915	0.002673440821057931
Run5	P00114	P00114	Gene_565	Gene_565	PEP00565	PEPT565	PEPT565	3	2572980.1640120386	5088964.097749714	0.005391797638645965	0.006740063410736008	0.00040698225058081626	0.017531432961291865
Run5	P00040	P00040	Gene_566	Gene_566	PEP00566	PEPT566	PEPT566	3	30457.569112131798	4834831.188166666	0.013958634652251087	0.01259078948708215	0.012624485337097653	0.0076972633121556175
Run3	P00098	P00098	Gene_567	Gene_567	PEP00567	PEPT567	PEPT567	2	127176.48511238517	3681518.956125828	0.014076568723781355	0.0020057990821493667	0.01146634850121779	0.005430115320379538
Run5	P00082	P00082	Gene_568	Gene_568	PEP00568	PEPT568	PEPT568	3	3014539.2105241967	1961716.3587180953	0.014516587000924229	0.014719901786635306	0.014429144328481327	0.012854251400949668
Run1	P00004	P00004	Gene_569	Gene_569	PEP00569	PEPT569	PEPT569	3	216818.5458235567	8487156.79890548	0.0044199928024217195	0.011034514722562467	0.006325257706364744	0.008407308885398899
Run1	P00139	P00139	Gene_570	Gene_570	PEP00570	PEPT570	PEPT570	4	5414557.715314779	1542743.3322665961	0.01646337241959722	0.01962384783124939	0.002184754837903218	0.01693113212441467
Run5	P00131	P00131	Gene_571	Gene_571	PEP00571	PEPT571	PEPT571	3	1579493.921879571	2244498.7444150816	0.012825862116134335	0.0173269322949231	0.014516918497484628	0.003360153558145238
Run8	P00042	P00042	Gene_572	Gene_572	PEP00572	PEPT572	PEPT572	2	1187281.89955664	1008073.9850689666	0.018214141095160615	0.002247876790366201	0.012486831409952007	0.0003964582969180408
Run1	P00026	P00026	Gene_573	Gene_573	PEP00573	PEPT573	PEPT573	3	2263305.817885293	5152291.792274864	0.01968215139111415	0.01528477055999019	0.007160654263335158	0.013081206949444618
Run4	P00043	P00043	Gene_574	Gene_574	PEP00574	PEPT574	PEPT574	4	1641150.3695791685	8966852.01019715	0.016159188254778148	0.012731722595947147	0.0006008144770883917	0.01073753549104027
Run8	P00140	P00140	Gene_575	Gene_575	PEP00575	PEPT575	PEPT575	4	2508588.18430225	11174663.18774088	0.00038830622305836116	0.009302272142730906	0.008332717133699725	0.01773584474425167
Run2	P00146	P00146	Gene_576	Gene_576	PEP00576	PEPT576	PEPT576	4	6131506.376453767	4090564.7828489006	0.01777472839870825	0.009522192041031708	0.009901201551322989	0.013458336086721511
Run3	P00036	P00036	Gene_577	Gene_577	PEP00577	PEPT577	PEPT577	4	839797.9852586465	2942969.5536180167	0.005628839217659465	0.011911083798461364	0.01495263177013322	0.010015354120329722
Run5	P00032	P00032	Gene_578	Gene_578	PEP00578	PEPT578	PEPT578	2	412523.6563057159	13734774.920928871	0.005663025517956162	0.006146917516106734	0.011424847003393673	0.001400368326981072
Run3	P00079	P00079	Gene_579	Gene_579	PEP00579	PEPT579	PEPT579	2	143022.70156221057	10089774.789643876	0.012349077547019686	0.008163094878891134	0.019802209958656176	0.010562446626047528
Run6	P00095	P00095	Gene_580	Gene_580	PEP00580	PEPT580	PEPT580	3	175107.85634708244	1037362.0949406405	0.010328013993567715	0.0014005081971967593	0.014867840401749105	0.01988766170801243
Run6	P00054	P00054	Gene_581	Gene_581	PEP00581	PEPT581	PEPT581	2	874289.0145995371	5504455.14154421	0.00803762057160704	0.01513352309473995	0.0006746465549551739	0.0027427661943922833
Run6	P00008	P00008	Gene_582	Gene_582	PEP00582	PEPT582	PEPT582	4	1086636.6818360863	286535.7084351156	0.014753649093408308	0.018457845103515443	0.011872140383140335	0.0006309092306186636
Run5	P00053	P00053	Gene_583	Gene_583	PEP00583	PEPT583	PEPT583	2	1758025.7577531	2371787.2974587227	0.002258290630204438	0.0021099630516233712	0.007317851683233161	0.002175790580561641
Run1	P00128	P00128	Gene_584	Gene_584	PEP00584	PEPT584	PEPT584	3	3983132.581169898	1429222.1087302573	0.016889786644672746	0.010825813906897812	0.004120333161938401	0.01630567410424018
Run7	P00097	P00097	Gene_585	Gene_585	PEP00585	PEPT585	PEPT585	4	1214757.9495479306	4696718.284943595	0.006369959383074941	0.0014416758983746148	0.0115464637565442	0.007391053269231347
Run2	P00079	P00079	Gene_586	Gene_586	PEP00586	PEPT586	PEPT586	3	11428732.303454509	27648258.14049993	0.006738435043301838	0.008889637908456515	0.010931151097154682	0.0006928925169530498
Run8	P00029	P00029	Gene_587	Gene_587	PEP00587	PEPT587	PEPT587	3	503336.73983929976	737495.0190851451	0.014903670612310453	0.015817351540025466	0.018626252149177184	0.0025667193634360476
Run8	P00014	P00014	Gene_588	Gene_588	PEP00588	PEPT588	PEPT588	2	2114234.067190455	4817187.817072616	0.012192952018064132	0.018409725721865746	0.004370446008392787	0.006621447653622552
Run3	P00029	P00029	Gene_589	Gene_589	PEP00589	PEPT589	PEPT589	3	206895.15008479747	1863110.0087470869	0.003492409904421785	0.001312564196394357	0.007031959103231434	0.002434107891450903
Run1	P00106	P00106	Gene_590	Gene_590	PEP00590	PEPT590	PEPT590	3	479749.02508063585	52977.13365020116	0.013859945666692821	0.013614399808092655	0.013970728090243004	0.015291779288988144
Run1	P00027	P00027	Gene_591	Gene_591	PEP00591	PEPT591	PEPT591	4	2085916.319335956	1859020.7707195675	0.019679699515691068	0.016515168712464695	0.007855986585557608	0.0045178193435902415
Run7	P00075	P00075	Gene_592	Gene_592	PEP00592	PEPT592	PEPT592	4	420733.5642470536	35259508.37298241	0.012308118975073785	0.0005909005685530677	0.003963268687130246	0.009945578336417857
Run4	P00074	P00074	Gene_593	Gene_593	PEP00593	PEPT593	PEPT593	3	461808.616626014	771159.1844355162	0.011137632553363011	0.009449030735958468	0.01740840012959539	0.001676144204171588
Run2	P00111	P00111	Gene_594	Gene_594	PEP00594	PEPT594	PEPT594	4	2798327.7923001535	1530185.5600933412	0.0022815013560974376	0.008402712314100691	0.012348795586862995	0.01560744609825909
Run2	P00066	P00066	Gene_595	Gene_595	PEP00595	PEPT595	PEPT595	2	2583269.9729028395	1139551.6790278652	0.00824574734147696	0.013266424812968382	0.007106815705475312	0.001530029962940649
Run1	P00011	P00011	Gene_596	Gene_596	PEP00596	PEPT596	PEPT596	4	5060986.9328199085	11341225.016001951	0.0007477377150384301	0.019515588966946558	0.0004539639700540943	0.017840387527113432
Run8	P00066	P00066	Gene_597	Gene_597	PEP00597	PEPT597	PEPT597	3	2336725.447912957	8501765.788776176	0.01378494556785408	0.01380320509451875	0.007665099628504439	0.009143077254024412
Run7	P00039	P00039	Gene_598	Gene_598	PEP00598	PEPT598	PEPT598	2	2768547.43843215	5704470.14784634	0.01054511596576311	0.018522147402597087	0.004398793206506771	0.016401368355059665
Run1	P00081	P00081	Gene_599	Gene_599	PEP00599	PEPT599	PEPT599	3	26299425.47032501	11046915.761060376	0.017172047697725495	0.019800918672786536	0.015586280503505393	0.004132043902163438
Run1	P00053	P00053	Gene_600	Gene_600	PEP00600	PEPT600	PEPT600	4	3670348.756669323	2390975.151615033	0.017184063137015596	0.019427207925314178	0.017313750084287326	0.016597080426970376
Run2	P00077	P00077	Gene_601	Gene_601	PEP00601	PEPT601	PEPT601	2	514468.3146197577	6045640.699417509	0.005059330678541105	0.019223981665476265	0.009070478491630953	0.002933965211715559
Run3	P00013	P00013	Gene_602	Gene_602	PEP00602	PEPT602	PEPT602	3	2016584.9498637733	1816979.5869687477	0.019614201130981022	0.015694852286343052	0.0032365997946585214	0.007296411718675622
Run4	P00074	P00074	Gene_603	Gene_603	PEP00603	PEPT603	PEPT603	2	178273.6771808608	2993224.200807434	0.01911854718396712	0.006607893150074255	0.012803501520376364	0.005220360138753968
Run5	P00079	P00079	Gene_604	Gene_604	PEP00604	PEPT604	PEPT604	4	303678.8569305593	2477174.870357725	0.0015318646654434121	0.0074432190413451175	0.006434706593391351	0.0009924048472596781
Run7	P00051	P00051	Gene_605	Gene_605	PEP00605	PEPT605	PEPT605	2	4326971.104307276	41120991.62966137	0.016654452775798478	0.015722950059389836	0.016622123249394178	0.015760814830451053
Run8	P00124	P00124	Gene_606	Gene_606	PEP00606	PEPT606	PEPT606	3	5171074.684422363	15417282.825308165	0.017832202663654092	0.0066960193046319	0.00785901587663811	0.014516227001393402
Run7	P00137	P00137	Gene_607	Gene_607	PEP00607	PEPT607	PEPT607	4	352111.7793029029	1505969.359533269	0.004173760936668676	0.019160211675780733	0.01224002131464425	0.01468730885107882
Run1	P00021	P00021	Gene_608	Gene_608	PEP00608	PEPT608	PEPT608	3	927875.317104005	4719668.949561288	0.013134026391491027	0.0003833742474413149	0.007326868273452529	0.01280200100581253
Run8	P00067	P00067	Gene_609	Gene_609	PEP00609	PEPT609	PEPT609	4	1171306.6308881836	28807497.48142711	0.011919931723659405	0.016409367715616952	0.0071622083482814295	0.010327846269003065
Run2	P00027	P00027	Gene_610	Gene_610	PEP00610	PEPT610	PEPT610	3	5619506.809194852	44708463.614627965	0.0003770648579225466	0.01600020593942542	0.005361134445080944	0.0010963562198379462
Run3	P00084	P00084	Gene_611	Gene_611	PEP00611	PEPT611	PEPT611	2	1100612.5275222997	867422.4679232822	0.011798090882594172	0.018338690325770183	0.009039578244364563	0.01612995671207786
Run1	P00013	P00013	Gene_612	Gene_612	PEP00612	PEPT612	PEPT612	4	6342142.619171742	10300064.030586451	0.009794200842765551	0.01422842635913816	0.010142921984701079	0.019454504902173726
Run7	P00022	P00022	Gene_613	Gene_613	PEP00613	PEPT613	PEPT613	2	1585946.694549675	19628947.301967286	0.00832149052576789	0.015649465215363416	0.016684391910505348	0.012672468685060568
Run6	P00102	P00102	Gene_614	Gene_614	PEP00614	PEPT614	PEPT614	4	1096759.2669894379	1741839.1469707796	0.006971860488110873	0.009259274273770284	0.015226219543708454	0.00013397949990763934
Run2	P00134	P00134	Gene_615	Gene_615	PEP00615	PEPT615	PEPT615	4	2433728.8833910665	25047720.313472092	0.010975538483956953	0.008024278000704524	0.013432105979412773	0.0018550986431003658
Run8	P00133	P00133	Gene_616	Gene_616	PEP00616	PEPT616	PEPT616	4	209246.14638818317	3243887.448391635	0.018964016147608054	0.002639253476751282	0.015989013889029714	0.005174760960703171
Run2	P00082	P00082	Gene_617	Gene_617	PEP00617	PEPT617	PEPT617	2	81401.32620208392	4820239.849483803	0.0032542706450579707	0.012902225457404298	0.01887427954723082	0.019124862897622556
Run8	P00130	P00130	Gene_618	Gene_618	PEP00618	PEPT618	PEPT618	4	2698113.984660187	43639198.62642072	0.012793741164285492	0.015541170039272686	0.009264270837203463	0.013499707832899837
Run2	P00104	P00104	Gene_619	Gene_619	PEP00619	PEPT619	PEPT619	3	1801331.0434282469	6348303.791382224	0.019552764871230546	0.01469764729367426	0.009617998345105617	0.011525561274310335
Run2	P00037	P00037	Gene_620	Gene_620	PEP00620	PEPT620	PEPT620	4	405539.2691832343	1121636.9619330969	0.009827150717335045	0.016679664333356502	0.017826009764153498	0.001967304374607701
Run6	P00035	P00035	Gene_621	Gene_621	PEP00621	PEPT621	PEPT621	2	800726.6436899101	87706690.4660759	0.014602416877549628	0.0033817333325398247	0.00703280443529684	0.0013224099303568537
Run4	P00012	P00012	Gene_622	Gene_622	PEP00622	PEPT622	PEPT622	2	431250.00046514603	731304.3819422942	0.0016021959613146631	0.01115545946159272	0.008356541667297107	0.0023306578460213913
Run2	P00052	P00052	Gene_623	Gene_623	PEP00623	PEPT623	PEPT623	4	664567.6548111028	239631.75051370478	0.007605316309489072	0.010154059264918358	0.0012940857854150112	0.01414135028773726
Run8	P00045	P00045	Gene_624	Gene_624	PEP00624	PEPT624	PEPT624	3	1654723.1947110055	8839191.305804962	0.005531262133140407	0.01270740829294113	0.014441551119737241	0.0020524095364544315
Run7	P00035	P00035	Gene_625	Gene_625	PEP00625	PEPT625	PEPT625	4	32978630.928582583	16044668.330418607	0.015818019318237328	0.012359391004457368	0.013126974706052823	0.004979597295462382
Run7	P00054	P00054	Gene_626	Gene_626	PEP00626	PEPT626	PEPT626	4	947221.7647648345	10144953.815995779	0.007726947597122205	0.012830231028834656	0.008081488530163832	0.008676400008056435
Run6	P00003	P00003	Gene_627	Gene_627	PEP00627	PEPT627	PEPT627	3	2593612.7806782047	628512.1857140919	0.01533066048894199	0.01792913113121035	0.010269033447105025	0.00952118752184039
Run1	P00066	P00066	Gene_628	Gene_628	PEP00628	PEPT628	PEPT628	2	211923.518400718	430769.9502298527	0.018885790390347868	0.01882536160545289	0.0023325767445692416	0.0075189607419531
Run2	P00076	P00076	Gene_629	Gene_629	PEP00629	PEPT629	PEPT629	3	1469123.663606463	1005128.8705172348	0.0037532990110758636	0.004629961612199276	0.00453223137683795	0.015244003718818538
Run7	P00088	P00088	Gene_630	Gene_630	PEP00630	PEPT630	PEPT630	4	4331494.641953946	3728464.9471002696	0.008244056521449964	0.013518329525221735	0.007955712097021183	0.00018113191311803335
Run5	P00143	P00143	Gene_631	Gene_631	PEP00631	PEPT631	PEPT631	2	876039.6377867633	2277334.4855447286	0.006357941896838335	0.0003513004432649969	0.011261191397105573	0.016371731952403292
Run2	P00049	P00049	Gene_632	Gene_632	PEP00632	PEPT632	PEPT632	2	3501523.898467061	2461948.6763706408	0.008830493841787053	0.009593558469415949	0.004016676070492147	0.006044076051270002
Run4	P00099	P00099	Gene_633	Gene_633	PEP00633	PEPT633	PEPT633	4	555445.8097495376	1002498.4921122956	0.013166136268337021	0.008633935886530988	0.019738222156442223	0.01684902519096195
Run3	P00015	P00015	Gene_634	Gene_634	PEP00634	PEPT634	PEPT634	3	365961.1173268385	2595047.7756803352	0.015947686139144407	0.005551882112872597	0.012991919000697816	0.015209515070429218
Run3	P00061	P00061	Gene_635	Gene_635	PEP00635	PEPT635	PEPT635	4	4701636.31739457	2605662.9350036187	0.011609350608722318	0.0015033426427574527	0.016073695512391097	0.0026461316947331203
Run8	P00134	P00134	Gene_636	Gene_636	PEP00636	PEPT636	PEPT636	3	377270.99521003594	19480498.065869834	0.0034463969377737215	0.016444900669567282	0.008017420776755267	0.009026583660744023
Run1	P00080	P00080	Gene_637	Gene_637	PEP00637	PEPT637	PEPT637	3	3086594.7329215864	5228872.248656013	0.004239258679288758	0.0036456891658483404	0.017945079948944453	0.015536424709862719
Run2	P00046	P00046	Gene_638	Gene_638	PEP00638	PEPT638	PEPT638	2	5388027.268728344	2662177.0729861995	0.014058183030589156	0.014122533322530346	0.003957848950771341	0.018661398101893906
Run3	P00065	P00065	Gene_639	Gene_639	PEP00639	PEPT639	PEPT639	2	876830.9651738245	8221049.675196229	0.0032888953497721162	0.0006413221647793832	0.0065612092758984275	0.019202763634256124
Run7	P00053	P00053	Gene_640	Gene_640	PEP00640	PEPT640	PEPT640	3	14718557.611040842	1253430.287476231	0.015916935744191247	0.017572534047643997	0.01720015415854942	0.005809514196955643
Run7	P00036	P00036	Gene_641	Gene_641	PEP00641	PEPT641	PEPT641	3	1885897.789589522	426690.1076209687	0.0011828027842757717	0.006873888791364235	0.007551801488104429	0.004154482677747436
Run5	P00121	P00121	Gene_642	Gene_642	PEP00642	PEPT642	PEPT642	2	2169741.367326072	280115.4757235385	0.018985883152787916	0.010098815947030227	0.004914100303137712	0.011549980137245024
Run4	P00001	P00001	Gene_643	Gene_643	PEP00643	PEPT643	PEPT643	2	1432660.5190534238	4072901.6244273228	0.016274562291440392	0.019552294064006256	0.012198869252029456	0.0053646702053888355
Run8	P00083	P00083	Gene_644	Gene_644	PEP00644	PEPT644	PEPT644	3	58612.48047496842	9233716.60776796	0.01943852050788134	0.015269416587927869	0.004321332346932088	0.018954888452934342
Run8	P00006	P00006	Gene_645	Gene_645	PEP00645	PEPT645	PEPT645	4	9767767.2981773	1421772.6665311155	0.018998488237162495	0.012872923207210231	0.019268799460318377	0.01856147593518514
Run6	P00124	P00124	Gene_646	Gene_646	PEP00646	PEPT646	PEPT646	2	3023886.4593860726	12646292.570825996	0.019992624975322212	0.01073114590748729	0.005558067845603308	0.008777038291361979
Run5	P00085	P00085	Gene_647	Gene_647	PEP00647	PEPT647	PEPT647	2	1037701.8333492475	18131534.484557472	0.01171367088262503	0.012858871900506217	0.019326578632538966	0.013529299949882239
Run2	P00107	P00107	Gene_648	Gene_648	PEP00648	PEPT648	PEPT648	4	3834115.418747073	1990809.0435087213	0.008295279737686458	0.003285041703034868	0.0022435195955211595	0.0159748163216186
Run1	P00014	P00014	Gene_649	Gene_649	PEP00649	PEPT649	PEPT649	3	102889.66191091451	22630056.34862929	0.019447812487397548	0.003811491032600374	0.008071943659604347	0.019023420400183535
Run7	P00040	P00040	Gene_650	Gene_650	PEP00650	PEPT650	PEPT650	4	1825173.080346067	443094.0739693121	0.006755992637584656	0.016517337986413926	0.007319710438035123	0.017079353065016935
Run7	P00125	P00125	Gene_651	Gene_651	PEP00651	PEPT651	PEPT651	2	2083953.4435923828	1383131.487910554	0.016414670753544854	0.013418347693261256	0.014272690034060018	0.013997465422785417
Run3	P00060	P00060	Gene_652	Gene_652	PEP00652	PEPT652	PEPT652	3	1335836.1751698907	4380332.048945027	0.004979334872173158	0.002501625016764111	0.005760109386375283	0.010739180404017255
Run7	P00084	P00084	Gene_653	Gene_653	PEP00653	PEPT653	PEPT653	4	497089.8733505502	11968029.825154565	0.001052154649198014	0.010440063665233172	0.003308666561450648	0.007524557945369139
Run2	P00143	P00143	Gene_654	Gene_654	PEP00654	PEPT654	PEPT654	4	1712748.6715389972	1467699.7622387689	0.018651400034319473	0.010164728528203914	0.005080590651433787	0.013489228703925316
Run6	P00074	P00074	Gene_655	Gene_655	PEP00655	PEPT655	PEPT655	3	213316.33252149573	4931324.249562951	0.00017908533262204874	0.017590207527049023	0.015626828410771027	0.011021877014625798
Run6	P00050	P00050	Gene_656	Gene_656	PEP00656	PEPT656	PEPT656	3	5531399.115434123	10220007.39162897	0.011124849328566744	0.008290339238604132	0.00694952266161668	0.01253421255712647
Run6	P00149	P00149	Gene_657	Gene_657	PEP00657	PEPT657	PEPT657	3	121396.90781082178	2907664.1316980165	0.0076012451428063964	0.002995419774107635	0.0021520413848808116	0.0011701137721745502
Run5	P00145	P00145	Gene_658	Gene_658	PEP00658	PEPT658	PEPT658	4	1393980.6274242222	5906263.026722775	0.017438901866273202	0.0014802201992892595	0.012157336186395203	0.015950983095235446
Run2	P00038	P00038	Gene_659	Gene_659	PEP00659	PEPT659	PEPT659	2	63435.99746642196	741058.4393364292	0.004326422491762956	0.008600122838617568	0.004379856273792941	0.0027800228563278242
Run8	P00065	P00065	Gene_660	Gene_660	PEP00660	PEPT660	PEPT660	4	1326805.7456910852	41265981.78951919	0.003981608262054024	0.010063389897205349	0.00028426452138020865	0.010571004958164383
Run4	P00004	P00004	Gene_661	Gene_661	PEP00661	PEPT661	PEPT661	4	414529.6254825763	4508168.178980672	0.0013572702399738468	0.0075214102102994645	0.002861663331135278	0.014016110135224292
Run5	P00097	P00097	Gene_662	Gene_662	PEP00662	PEPT662	PEPT662	3	116098.25806643652	10026995.539934088	0.005098537691432843	0.014073753531050521	0.004732752181736635	0.01953752155092669
Run4	P00140	P00140	Gene_663	Gene_663	PEP00663	PEPT663	PEPT663	2	406934.11392993113	10415824.635479255	0.015224476175685082	0.0196587160578248	0.017684295003656827	0.0033036362704370915
Run6	P00053	P00053	Gene_664	Gene_664	PEP00664	PEPT664	PEPT664	4	2961313.4097803375	11114972.34698064	0.008236158637733382	0.019640299353375964	0.014127614011341572	0.0026276697631853053
Run4	P00090	P00090	Gene_665	Gene_665	PEP00665	PEPT665	PEPT665	2	5340378.558327282	2458414.681623419	0.017339632894948106	0.01931039905420674	0.01858731414743496	0.0171860663595786
Run5	P00112	P00112	Gene_666	Gene_666	PEP00666	PEPT666	PEPT666	2	1406503.1475713742	3421180.6828967705	0.0037619392510927765	0.011926957765972022	0.00101221140637604	0.007066547063240456
Run1	P00052	P00052	Gene_667	Gene_667	PEP00667	PEPT667	PEPT667	2	57273.558675283486	7197042.708582886	0.018051397242335638	0.013850791273869375	0.011851241230207055	0.011903614256492006
Run2	P00113	P00113	Gene_668	Gene_668	PEP00668	PEPT668	PEPT668	2	2524775.9368735594	5139598.828675908	0.008053802278612153	0.0018710871333397616	0.012640019579943398	0.0071340931799164925
Run3	P00051	P00051	Gene_669	Gene_669	PEP00669	PEPT669	PEPT669	3	168735.27217969327	4969243.568971155	0.005748842837701962	0.012921883855590921	0.009472806841428164	0.01935042677870888
Run1	P00102	P00102	Gene_670	Gene_670	PEP00670	PEPT670	PEPT670	2	2664968.641323367	511520.0592514898	0.019154822951115112	0.004300585533324038	0.0029557898422297615	0.016762337016214643
Run8	P00028	P00028	Gene_671	Gene_671	PEP00671	PEPT671	PEPT671	4	339659.4781586655	4496980.650616112	0.003913990114033463	0.014938742877302163	0.004538286017305659	0.014441001815691775
Run6	P00095	P00095	Gene_672	Gene_672	PEP00672	PEPT672	PEPT672	2	8034271.759774879	932855.4428584377	0.011789516004899915	0.006294720144270469	0.01460180576699832	0.008692746625926765
Run8	P00088	P00088	Gene_673	Gene_673	PEP00673	PEPT673	PEPT673	3	2335729.6223420105	2859174.8798155813	0.010676403345498487	0.003219252372354742	0.012304919381051388	0.016217886275281992
Run8	P00145	P00145	Gene_674	Gene_674	PEP00674	PEPT674	PEPT674	2	271896.60821635125	1267632.9812686425	0.003942737884139296	0.003824309971045827	0.006631974595585317	0.0021942469604125537
Run1	P00102	P00102	Gene_675	Gene_675	PEP00675	PEPT675	PEPT675	2	2374841.5786296106	359719.4236023892	0.0058146060939791334	6.518612684006664e-05	0.01427466832920383	0.0004893944865688949
Run2	P00006	P00006	Gene_676	Gene_676	PEP00676	PEPT676	PEPT676	2	4021588.9231221024	26955124.086917825	0.006788731394414247	0.008513554416573102	0.012125411142090137	0.013658054954222839
Run7	P00007	P00007	Gene_677	Gene_677	PEP00677	PEPT677	PEPT677	4	113551.54066322513	42624594.38916407	0.007754518462512763	0.01673805573997839	0.004837608142536694	0.01762238705047752
Run4	P00067	P00067	Gene_678	Gene_678	PEP00678	PEPT678	PEPT678	2	1441439.0029563091	6054156.158958711	0.005289969750003556	0.00552567948253458	0.013851084424464113	0.0148285485700941
Run3	P00141	P00141	Gene_679	Gene_679	PEP00679	PEPT679	PEPT679	3	2094826.9677510771	71601903.43621321	0.0006506955906798529	0.001460291341093649	0.01186402311765426	0.004172934090150575
Run7	P00013	P00013	Gene_680	Gene_680	PEP00680	PEPT680	PEPT680	2	1405521.5866121082	101844167.51009777	0.009444108575359196	0.015314705701979757	0.017629448070070435	0.014997884801587836
Run6	P00024	P00024	Gene_681	Gene_681	PEP00681	PEPT681	PEPT681	3	2971059.4749953914	1111437.3076391616	0.012198461896558025	0.01605409388709241	0.01919164033635015	0.003123578966652203
Run7	P00098	P00098	Gene_682	Gene_682	PEP00682	PEPT682	PEPT682	3	202577.78555910752	850597.0970769558	0.014284890488826356	0.005113541768405034	0.0015571198428880994	0.011711576297018696
Run3	P00101	P00101	Gene_683	Gene_683	PEP00683	PEPT683	PEPT683	4	12290953.44693976	5535025.2742583845	0.010253132858176282	0.007299059279638178	0.01205543722524178	0.011852066845942236
Run6	P00080	P00080	Gene_684	Gene_684	PEP00684	PEPT684	PEPT684	2	14808326.568668261	2872884.6677730484	0.00810789190179979	0.009163913439108358	0.006229399857140498	0.01578616977526407
Run7	P00019	P00019	Gene_685	Gene_685	PEP00685	PEPT685	PEPT685	2	664249.1051341535	18193498.4326514	0.004022251524211437	0.006090878641365542	0.01582477828764997	0.016370580251854915
Run1	P00016	P00016	Gene_686	Gene_686	PEP00686	PEPT686	PEPT686	3	135732.5401766833	16776993.91023034	0.0019049195244469463	0.0021673125295115694	0.005183618887113614	0.0008431932317556013
Run3	P00026	P00026	Gene_687	Gene_687	PEP00687	PEPT687	PEPT687	2	1178179.19690614	1983257.002322038	0.0025822000644770073	0.008244156552169379	0.00027081348286329244	0.0050267961504245305
Run6	P00139	P00139	Gene_688	Gene_688	PEP00688	PEPT688	PEPT688	3	5885396.562786015	5403273.831969936	0.016999732868385603	0.004397303251781875	0.014915783750616137	0.009040371610045657
Run7	P00079	P00079	Gene_689	Gene_689	PEP00689	PEPT689	PEPT689	4	947628.4785640107	3747782.9862633585	0.00593116402202871	0.013990007050412374	0.014338245933757857	8.043118915577186e-05
Run6	P00115	P00115	Gene_690	Gene_690	PEP00690	PEPT690	PEPT690	4	339651.39592530305	3106247.210850259	0.004620600046123033	0.009202052172034111	0.008744999639722403	0.015650026739348892
Run5	P00063	P00063	Gene_691	Gene_691	PEP00691	PEPT691	PEPT691	2	7733932.865605835	46928877.31362889	0.008510133781895905	0.01408155645601851	0.018558206823364058	0.01699989564496316
Run7	P00108	P00108	Gene_692	Gene_692	PEP00692	PEPT692	PEPT692	2	5528390.465405137	764546.292533578	0.0005975130326743417	0.006977500100353655	0.009544251757253848	0.017311523410661937
Run3	P00123	P00123	Gene_693	Gene_693	PEP00693	PEPT693	PEPT693	4	2138646.4819081263	22520073.29809113	0.011173572854011464	0.00906556341719439	0.01787395342454822	0.01620602620776217
Run3	P00086	P00086	Gene_694	Gene_694	PEP00694	PEPT694	PEPT694	4	1451304.2637550354	5721163.558595446	0.013842641191697019	0.019969083839190674	0.0002123000837955824	0.00537103228965357
Run8	P00085	P00085	Gene_695	Gene_695	PEP00695	PEPT695	PEPT695	4	732570.3371544725	7821281.717923769	0.003062353548764409	0.015470215746230458	0.017252959423250034	0.006766710703681817
Run1	P00064	P00064	Gene_696	Gene_696	PEP00696	PEPT696	PEPT696	4	118169.02201804407	42464395.40539414	0.011433917661177625	0.01514499257872688	0.01769631929280404	0.018225175452523765
Run1	P00146	P00146	Gene_697	Gene_697	PEP00697	PEPT697	PEPT697	2	397832.9372336471	1353397.3807335102	0.016490728014851692	0.0095586668313303	0.015108099885761464	0.005629974594838383
Run4	P00132	P00132	Gene_698	Gene_698	PEP00698	PEPT698	PEPT698	3	661720.8177180288	1321667.675387864	0.007270824605192374	0.014298171581058073	0.008132417245853321	0.014027621301920817
Run3	P00010	P00010	Gene_699	Gene_699	PEP00699	PEPT699	PEPT699	2	2891825.2108859066	26530352.20992215	0.004473874546859931	0.017090900883182176	0.012409132918143273	0.014510661186417497
Run4	P00126	P00126	Gene_700	Gene_700	PEP00700	PEPT700	PEPT700	3	4124065.785919579	3693178.3430028404	0.01637669234457422	0.007506482532251886	0.015844794138042715	0.0013970656989705389
Run2	P00150	P00150	Gene_701	Gene_701	PEP00701	PEPT701	PEPT701	4	479500.34047241125	44695482.87416563	0.013757707075992229	0.0050240420165734954	0.01387981570747255	0.002156202497287716
Run4	P00044	P00044	Gene_702	Gene_702	PEP00702	PEPT702	PEPT702	2	1180605.8228728515	5296388.138533316	0.003314098418722411	0.01456780669181477	0.015131566298522896	0.011161749977147369
Run7	P00058	P00058	Gene_703	Gene_703	PEP00703	PEPT703	PEPT703	3	301174.6811774922	11897100.57622464	0.012283103976127394	0.01772347894472699	0.018559861683610658	0.017884132458895422
Run7	P00038	P00038	Gene_704	Gene_704	PEP00704	PEPT704	PEPT704	4	821837.5818205593	304943.05875438	0.003598312851368575	0.009533257724265151	0.006308426213598628	0.004933903444856653
Run4	P00149	P00149	Gene_705	Gene_705	PEP00705	PEPT705	PEPT705	3	187166.7988650638	10640119.151046058	0.01725118499543554	0.012996128818556019	0.011264821333133876	0.017798033851045683
Run8	P00098	P00098	Gene_706	Gene_706	PEP00706	PEPT706	PEPT706	2	733997.7310170574	9810211.082840284	0.01705499195380549	0.005604260005521471	0.01019492418680592	0.005537038351557387
Run4	P00133	P00133	Gene_707	Gene_707	PEP00707	PEPT707	PEPT707	4	3149312.3916353127	17629039.759974647	0.009061387282590037	0.01586878705689559	0.01488721216688693	0.00813241151433086
Run4	P00032	P00032	Gene_708	Gene_708	PEP00708	PEPT708	PEPT708	2	446108.06188506563	39705679.299092546	0.01666867531090481	0.014295280570583508	0.010479074941187255	0.009119835915727107
Run1	P00030	P00030	Gene_709	Gene_709	PEP00709	PEPT709	PEPT709	4	4267721.831445284	32918198.52215734	0.0035776363869132587	0.003740239768728064	0.013934601925218299	0.017234765855742098
Run2	P00018	P00018	Gene_710	Gene_710	PEP00710	PEPT710	PEPT710	2	269642.70756394626	1926351.2748758777	0.008816902080793741	0.00787709294780433	0.0035699955060172653	0.003224547644833631
Run2	P00009	P00009	Gene_711	Gene_711	PEP00711	PEPT711	PEPT711	3	591490.0115422689	13519130.921699414	0.019737092061353986	0.018510019770288086	0.0016354720867716654	0.012082734046270908
Run3	P00011	P00011	Gene_712	Gene_712	PEP00712	PEPT712	PEPT712	3	15776783.219035931	8216618.051722851	0.014872638767479176	0.002532113310896389	0.014909619108731384	0.012853667988907835
Run7	P00034	P00034	Gene_713	Gene_713	PEP00713	PEPT713	PEPT713	2	958552.7924650654	3997613.693443153	0.001783970823699652	0.010668113954497203	0.004480763897720861	0.005239470436697524
Run6	P00106	P00106	Gene_714	Gene_714	PEP00714	PEPT714	PEPT714	3	611553.1893718995	6959805.503834162	0.01711467731756399	0.01638231163218933	0.01374363473148872	0.006735123290061551
Run1	P00056	P00056	Gene_715	Gene_715	PEP00715	PEPT715	PEPT715	4	204991.33200542774	9813133.908609135	0.012309088605522243	0.0033487431091676558	0.01043716392127106	0.014086584579555363
Run2	P00106	P00106	Gene_716	Gene_716	PEP00716	PEPT716	PEPT716	3	1102557.8548200547	380795.98784435564	0.0009104002701601743	0.010008412809541536	0.017946249363116614	0.008539173390409929
Run5	P00143	P00143	Gene_717	Gene_717	PEP00717	PEPT717	PEPT717	2	1638369.88625371	3996088.3027875097	0.0049904036589591685	0.016932651612729763	0.019426880052580753	0.012944212302566932
Run2	P00126	P00126	Gene_718	Gene_718	PEP00718	PEPT718	PEPT718	2	231102.1200150549	2216045.520269715	0.012843302623717572	0.007139750720411113	0.0060024475252286715	0.00247277381067895
Run2	P00104	P00104	Gene_719	Gene_719	PEP00719	PEPT719	PEPT719	2	244500.74495029513	1454188.902214488	0.014393636344978181	0.010751969157170528	0.004844375172771292	0.015688894881930454
Run7	P00005	P00005	Gene_720	Gene_720	PEP00720	PEPT720	PEPT720	4	690665.0884989545	470686.1880702298	0.0160817544660586	0.0012027497757191874	0.008627038626482937	0.010332118996447376
Run1	P00130	P00130	Gene_721	Gene_721	PEP00721	PEPT721	PEPT721	3	4147548.414406694	24275685.513979737	0.006161007620771928	0.002798829734103372	0.010878111005463242	0.008309650414845923
Run8	P00145	P00145	Gene_722	Gene_722	PEP00722	PEPT722	PEPT722	2	757137.1714548967	4990663.522099482	0.018540458865369473	0.015510177694042346	0.013655691369146204	0.01381579399408421
Run1	P00131	P00131	Gene_723	Gene_723	PEP00723	PEPT723	PEPT723	3	185301.852774005	9970365.579488296	0.0010870056479540624	0.017724912328537935	0.013340884323396598	0.017592240500273165
Run4	P00101	P00101	Gene_724	Gene_724	PEP00724	PEPT724	PEPT724	2	168383.8764521638	5125931.925625959	0.018799579866352077	0.015159099513401443	0.008493320238934492	0.005896245446888413
Run1	P00086	P00086	Gene_725	Gene_725	PEP00725	PEPT725	PEPT725	2	1087414.7869161768	59039.48594787618	0.00474214427859641	0.007959401486179487	0.014122345406853962	0.0009234960900593104
Run2	P00089	P00089	Gene_726	Gene_726	PEP00726	PEPT726	PEPT726	3	709581.6367372153	19474366.996344168	0.019438912699377517	0.018127622860822364	0.006042842205317966	0.00736942099564154
Run2	P00052	P00052	Gene_727	Gene_727	PEP00727	PEPT727	PEPT727	4	900877.332814284	943910.1233835438	0.0006630597847571295	0.00048535324764617863	0.010773995011738152	0.004832463848401663
Run3	P00119	P00119	Gene_728	Gene_728	PEP00728	PEPT728	PEPT728	3	431491.9113993547	1053235.1142993537	0.019295097302516457	0.01307976515613793	0.013841221591006638	0.0037426124108117832
Run8	P00038	P00038	Gene_729	Gene_729	PEP00729	PEPT729	PEPT729	2	2417469.909812556	650375.5435900708	0.010501133744059397	0.010712195542033067	0.011937733157486986	0.0102784156926871
Run5	P00077	P00077	Gene_730	Gene_730	PEP00730	PEPT730	PEPT730	3	187150.14687770605	4297731.75839135	0.012133376368697855	0.007607866943718804	0.011082239556152172	0.016137275697061994
Run2	P00148	P00148	Gene_731	Gene_731	PEP00731	PEPT731	PEPT731	4	2281818.6410315754	1527720.931787555	0.010474712178543963	0.01706997460606203	0.006684752162415977	0.01791786941466648
Run1	P00097	P00097	Gene_732	Gene_732	PEP00732	PEPT732	PEPT732	3	810042.3508752412	4057405.0643323157	0.016337032871980024	0.0025004725564707142	0.001160282247838942	0.009247105713431727
Run6	P00133	P00133	Gene_733	Gene_733	PEP00733	PEPT733	PEPT733	2	388149.9985700764	157571958.8195341	0.007744343142161252	0.007696312812634017	0.006213864123737196	0.006224991715832562
Run3	P00118	P00118	Gene_734	Gene_734	PEP00734	PEPT734	PEPT734	3	2336230.4228645647	8295382.144267344	0.011035203602476413	0.006631958530674509	0.018896918574803908	0.015241299151761633
Run8	P00030	P00030	Gene_735	Gene_735	PEP00735	PEPT735	PEPT735	4	124526.94065292396	12540482.876780715	0.011220607044433872	0.012588793905145723	0.011550504115769222	0.007354635770095137
Run2	P00021	P00021	Gene_736	Gene_736	PEP00736	PEPT736	PEPT736	3	226725.06445597974	1027212.8720601189	0.012461584380727555	0.0017850350292462403	0.004137934718512506	0.01651401986314562
Run7	P00049	P00049	Gene_737	Gene_737	PEP00737	PEPT737	PEPT737	3	73410.82185162586	1298380.0263528945	0.018079694430993994	0.0024053511784466754	0.005479445686446132	0.019161187222752906
Run1	P00004	P00004	Gene_738	Gene_738	PEP00738	PEPT738	PEPT738	3	1200401.2374309646	4802783.656158698	0.019847710802804057	0.008864972713138661	0.010592441195017697	0.01664010687942365
Run6	P00020	P00020	Gene_739	Gene_739	PEP00739	PEPT739	PEPT739	2	247283.06437989575	1278476.473720343	0.011697685390308892	0.012102771193480534	0.0009491989240554099	6.925381268445774e-05
Run5	P00030	P00030	Gene_740	Gene_740	PEP00740	PEPT740	PEPT740	3	1939759.1666811928	84191118.25556232	0.01901970671612598	0.0063116130218434634	0.014475504672744008	0.000355757253373461
Run6	P00082	P00082	Gene_741	Gene_741	PEP00741	PEPT741	PEPT741	3	542441.2717807106	890022.1972468283	0.010409994912574709	0.0022490600868954025	0.008193738259863375	0.0036355467714813995
Run4	P00135	P00135	Gene_742	Gene_742	PEP00742	PEPT742	PEPT742	4	847796.6463463298	3109320.541493526	0.017316381546019544	0.0030961309189868128	0.007674769847424589	0.014128035669864652
Run8	P00008	P00008	Gene_743	Gene_743	PEP00743	PEPT743	PEPT743	4	9318213.167544136	1043853.9421392451	0.001555009301310606	0.005845680478410782	0.01295950176587011	0.0173890274088313
Run8	P00040	P00040	Gene_744	Gene_744	PEP00744	PEPT744	PEPT744	4	3206452.042479594	235234.3220364833	0.01655881262282716	0.0146529686723473	0.0008381775870143393	0.01693576885953519
Run3	P00131	P00131	Gene_745	Gene_745	PEP00745	PEPT745	PEPT745	3	144306.3551954735	19245357.31944959	0.005761814966476111	0.015690859434693276	0.008098654605476019	0.0014927954937203492
Run1	P00057	P00057	Gene_746	Gene_746	PEP00746	PEPT746	PEPT746	4	2716615.436859758	4064457.268819381	0.005217550413122665	0.019355170611857837	0.006365924736557089	0.001222199726793589
Run6	P00128	P00128	Gene_747	Gene_747	PEP00747	PEPT747	PEPT747	2	2019853.862892745	342981.99749731296	0.010571481890776911	0.01673677990595654	0.012883379885096292	0.016810203045994995
Run1	P00062	P00062	Gene_748	Gene_748	PEP00748	PEPT748	PEPT748	4	1844036.576958259	919216.7444261842	0.0024214004772436827	0.01795720067606619	0.012844165270775247	0.008946196495329795
Run6	P00052	P00052	Gene_749	Gene_749	PEP00749	PEPT749	PEPT749	3	1012548.6803702101	591664.2490292363	0.009833117971928335	0.005588202372148075	0.012799528668707719	0.005909238582036032
