SiteID	ProteinID	GeneSymbol	Residue	Position	LocalizationProb	Multiplicity	S01	S02	S03	S04	S05	S06	S07	S08	S09	S10	S11	S12
P00010_T846	P00010	GENE10	T	846	0.6656	3	1696996.1480275223	5312760.850751052	1363594.5696009726	1618853.2100403868	1491099.5068005328	832752.564563952	38059241.6009771	3672710.3687765705	6143295.23124993	3207335.3589932886	4157689.3026541346	994919.5604637403
P00040_S611	P00040	GENE40	S	611	0.9636	3	840824.6692882491	7740072.88258229	99625.99791972707	287412.9786655015	728238.5510768953	7444317.500394551	86538.7356598237	6835003.901617428	4247339.644774185	4422367.5126477275	2435225.5684699523	1803185.3761994452
P00056_S176	P00056	GENE56	S	176	0.5877	2	1311260.619210257	243773.4760776552	1023655.6354832766	1792305.6798116944	164757.72916854604	3484765.985448511	5616807.643728383	3912773.6916524977	7662133.201376	1081625.4178274	1993566.5915331605	1061812.676588149
P00032_Y522	P00032	GENE32	Y	522	0.5334	3	1914381.8564277305	1650506.1493939336	1540690.5060228915	329552.52445953764	1153632.974333215	1784921.3225735256	14054730.06262313	7573927.432553065	49202349.56808639	3068849.227370091	1998273.113236717	1685906.0570296617
P00058_Y811	P00058	GENE58	Y	811	0.9656	1	2990973.0978112663	616313.561390524	7167906.0929681	2802682.0323716737	703196.1392743363	6766784.146233286	3083166.2048010505	1179784.3955497073	854881.9375887708	744858.6510643774	1156316.4438924573	1335687.5479334977
P00038_T151	P00038	GENE38	T	151	0.6782	2	406651.1806826568	2324893.470068587	1579782.5996527113	8769052.822296523	2654410.033247218	8438829.388233874	15058111.461324453	798057.8453647253	494979.5568272044	2014511.8732810067	1368233.7239975403	1789122.131473193
P00033_Y689	P00033	GENE33	Y	689	0.963	3	1525269.918446009	725116.882600782	881513.01053836	1073191.304000419	102260.35093848297	9875177.150379805	5133008.0762998825	2323674.9134795633	413945.1581447938	14658027.659653362	29860573.364325475	3348852.6241439115
P00072_Y732	P00072	GENE72	Y	732	0.5661	2	2242958.0665678857	2767201.1239487715	2499425.425168141	2092993.879983732	118776.64924427576	5008328.634537636	544489.1521140055	2387847.09153204	2724797.3270877935	2853199.168451051	78382764.52421322	3863245.107246633
P00013_Y457	P00013	GENE13	Y	457	0.7032	3	995705.2610994797	62245.8722368326	153191.57183476115	1319548.9040750798	131498.01479393354	1279839.6960578645	858941.2755143106	9661139.026350202	3638758.2723294916	1876195.9519265587	133273.26360127932	1751327.9791612048
P00096_Y715	P00096	GENE96	Y	715	0.5078	3	1697997.359571888	940340.6186679045	374362.96420441126	514567.7175596511	1079199.0141595223	438027.82467533695	4540049.09414087	1234973.3685294434	2288309.812844	15740740.655139416	62386131.33922046	6087721.238203824
P00064_S554	P00064	GENE64	S	554	0.5324	3	305739.50010828406	13434498.243007412	12171789.096291872	521228.7495879192	1906364.6125685663	4341602.962942146	3637530.8242945755	2104332.372014309	26962907.84615829	783747.0888481846	900859.0853516503	5746218.341271775
P00024_S633	P00024	GENE24	S	633	0.9922	3	887126.8246513407	1962922.7898968044	123413.96045681398	1250855.6260963918	1550630.685042061	2220578.6989844274	1886998.1583542493	3180972.4783246377	3507468.10474744	5905776.340284302	2386830.1875327914	149459.64293881718
P00060_T388	P00060	GENE60	T	388	0.6224	3	1402165.420300864	4197260.769959377	1080119.2768888683	12899120.735368073	1021651.9176497614	502732.3049349237	2930942.2694000155	150463.35914935888	2867394.4014286725	14550566.552408898	4923646.148495855	1068203.985945961
P00067_S295	P00067	GENE67	S	295	0.7244	2	10200344.112078039	1300604.9189791966	572011.1127002038	218163.7587723873	1265512.3654831853	607091.0419055088	1617150.713545077	4755717.807971731	29043568.749718733	1570322.6814699718	4359333.757611547	1073692.0740490137
P00017_S443	P00017	GENE17	S	443	0.5505	2	987826.7367697746	2015602.2722068795	421634.3310091594	411815.8342432788	85913.43789391778	574937.0930783949	37607496.881229416	1989335.6401539515	3112412.5679464964	1557027.7119259515	24477319.468588453	5045343.802036647
P00092_T632	P00092	GENE92	T	632	0.5318	2	2770755.8507295777	300307.5314790414	1968484.1420628377	2114788.5162320007	365809.9639832609	558134.422916666	11680901.575118728	442091.6645250268	7811555.6104216445	746393.1713081845	12514136.658302046	12167644.829517981
P00009_Y325	P00009	GENE9	Y	325	0.868	1	4304011.827383031	2012968.7111802346	592646.9539772497	748073.5024859034	298796.3959860632	8589556.350647416	1181523.3413097446	1211458.1280445606	39509084.35693854	25660277.328257047	11342700.631819803	2385667.231150799
P00092_T592	P00092	GENE92	T	592	0.8258	2	2841799.0334032876	108068.65803500098	279224.05254790693	17947155.904460993	272654.7208028238	6218967.748237963	61322439.80034102	3742926.86481092	444531.8480449282	2740209.928038155	6817620.597484116	19313334.229585946
P00047_Y601	P00047	GENE47	Y	601	0.8217	1	1680952.933384972	415571.66027695907	485821.3238861751	992000.2727567448	459330.7985282445	227819.1306358765	676422.3937157957	1124572.931599231	6163653.331613262	8580700.577161372	2220819.969390736	3481095.164662747
P00094_Y169	P00094	GENE94	Y	169	0.7563	3	191201.79913129786	4575380.132257331	9998237.60784404	345444.48699674493	772991.6515859327	1011853.7271313898	1309065.7221114493	35813860.36360403	2315981.193978037	104013.4958873192	2055718.8690072137	2736825.282793623
P00022_Y342	P00022	GENE22	Y	342	0.8116	3	2290160.63666899	10067539.161540903	2042661.5907295577	970412.5135492196	1762551.74516827	3242976.1750640315	11651789.07216493	226622.39833792538	371663.82448328845	1935573.0199638945	29578408.74404313	1948207.7834643822
P00053_S165	P00053	GENE53	S	165	0.5725	1	2198778.022089169	1009096.5638892343	165810.6516679561	5638874.705075257	5501531.2776901955	10045360.560929853	5250716.768140702	6226393.878503187	4780015.54668386	61261585.49348541	21303777.33022891	2109440.4350302946
P00094_T886	P00094	GENE94	T	886	0.7538	2	1237026.0573321586	440041.1811215893	9810194.45907398	6580808.642509364	838092.9894326454	259623.1107482797	1965578.5068691517	10508616.196232464	228251.59444264218	2773226.710819235	5655055.604970721	3767574.0326249343
P00091_Y674	P00091	GENE91	Y	674	0.5973	1	348126.2885277312	419895.54828561685	595635.3794787861	15941479.6226575	4154690.8431569203	31660096.027382154	1211239.39534726	9175254.74624745	661969.0130872568	4157665.7238561376	9461946.822102144	1119987.0304283833
P00059_S755	P00059	GENE59	S	755	0.9409	1	2988344.354384716	11531801.130526617	854349.648292383	1034368.7003704517	367894.1258719028	3515657.6238608547	880289.2427055314	2436675.2603926295	2494279.674442286	1886200.128366081	7974515.18671707	10631449.130052416
P00082_T402	P00082	GENE82	T	402	0.8748	2	550340.0147239022	8469258.6562367	4947574.103836264	2928256.507771791	131182.2390589999	844396.9630294045	4795230.420392143	3681068.7291562995	743509.1287910171	1085052.5738500839	228020.67955319711	1092726.7769811093
P00065_Y806	P00065	GENE65	Y	806	0.8059	1	595705.9223944076	1287996.287406965	639843.0934689248	5532249.673497089	2632628.518081785	572762.5944328305	7186930.665176646	1641041.2190053184	2681804.275081457	1390666.2689997773	1872063.4702618134	823514.6664158825
P00004_S687	P00004	GENE4	S	687	0.8516	2	292373.72365732206	817182.0174911818	1108015.615710202	4735167.912308654	6613046.395327989	374629.7027082857	9679176.398757575	3819979.377359787	2716082.8124137577	6646702.140523457	703673.9424675847	678036.8330501498
P00068_T824	P00068	GENE68	T	824	0.9753	3	3209653.3676298354	189647.02452952068	246233.2447524399	346934.0757455991	151621.45337106133	684524.8024543457	822471.0188621746	9180489.478905471	17710200.751510125	17857611.286627553	8419176.268538013	10487302.001192288
P00015_T548	P00015	GENE15	T	548	0.8482	1	3241529.8797564944	402318.7082063746	3401541.89008916	3011071.1637568036	31206.919376014084	7745313.990453099	1253837.0669955064	20316620.84641316	4275455.053705185	476785.20536351734	241514.11644775406	2471770.3069481296
P00050_T365	P00050	GENE50	T	365	0.9062	2	483441.15379959095	219868.0057682646	345801.7069700676	327100.09223815665	3603693.653044449	28053316.93094151	6962494.160331285	1783137.1037728188	3723588.8824815336	5236819.612348171	10660086.60803614	23979333.650266487
P00018_T280	P00018	GENE18	T	280	0.567	1	808273.5340925344	282745.6481349169	3889352.809268376	1233839.4369766542	1794845.5202288872	3398082.9289515913	7560250.790725459	5549529.472167441	50925305.54352352	506020.244609412	3110009.63014782	4142982.6752991895
P00048_Y495	P00048	GENE48	Y	495	0.7582	1	3118888.8417190104	294910.68605830945	1400078.9528267996	612416.6434114743	974561.5220593745	571741.670837363	15112131.543606823	18421922.717946284	971222.5968332917	13959864.66804084	3557000.5323203634	15163885.48847377
P00004_S119	P00004	GENE4	S	119	0.7004	1	806442.568981165	4025974.726787888	1254994.9932433236	801893.0422106602	810946.310270836	1081658.8398154057	1600921.2160301309	589769.7368475612	7880743.011594584	1077240.6014647936	4126810.232564233	16224051.231809396
P00002_S514	P00002	GENE2	S	514	0.6181	1	4226493.468222063	14828943.427096544	2976227.0572070945	236705.283690084	326692.2518276716	6436613.205842251	6159956.474313911	1337275.8153563514	1151594.8923105933	906934.5567613863	14047228.068545446	2681732.0208738334
P00091_S237	P00091	GENE91	S	237	0.8748	2	659881.6710331062	691307.3907932995	1058016.9338688815	1951198.9544155968	1882346.385034572	4107196.124746439	5214964.5224882895	3537891.6819094787	55090342.495901056	43287160.87308484	937902.4064480602	5161597.579189208
P00027_T181	P00027	GENE27	T	181	0.5532	3	387681.1069551362	1039622.8788618308	915047.9785591873	298860.8180456169	2413640.1061441167	3256906.1904510744	847212.6315899352	2684449.689303953	7507690.888958911	18194944.70785272	64149593.914058104	1963207.005113966
P00090_Y740	P00090	GENE90	Y	740	0.533	3	50575700.09437427	311495.43818305555	2803147.834623424	927847.9688466907	553454.0595693655	7559189.982248982	8567995.186507856	7271018.164880327	2535078.3786556763	13847214.128187925	1426004.565387542	11994850.806970261
P00060_Y310	P00060	GENE60	Y	310	0.6549	3	2103664.4385653343	519531.54579831247	1415701.058606849	359147.4801589039	796725.3536321222	102400.27740438355	1758839.2705701576	4715115.080673809	2569724.68169223	3271149.6416711123	8877625.124245884	28857459.51908042
P00079_T619	P00079	GENE79	T	619	0.8182	3	352195.04951889743	21000303.479665257	101965.4013631048	467870.8144541634	1539947.2951213107	4495562.720263567	72250202.82122962	7999932.35322939	16409054.14498574	16861516.928467613	780559.0016286093	980621.3011328888
P00027_Y278	P00027	GENE27	Y	278	0.9734	3	312339.59616644727	5162492.167652021	736511.470249829	1853286.4718613352	1434292.6196497513	919155.4328611711	1826515.284405454	16826751.552891452	20853177.764819615	10068201.837406034	4814708.616691314	974773.289883823
P00086_Y748	P00086	GENE86	Y	748	0.8514	1	3651624.4405500605	76015.31580390732	121487.35140633289	404390.36991735455	359364.57594077906	70754.82546812827	157053.9747254512	1437392.3462464532	477294.6202330968	844679.1905524342	1818456.150954065	1838836.831981567
P00041_S175	P00041	GENE41	S	175	0.9197	2	27361170.156694736	2801618.991780492	4095590.9251056127	1824795.901620788	7313986.6884518135	560845.194419185	4413260.375350229	8799260.116251389	3209192.5843157643	2280847.1674887654	11951203.064557156	1698325.2662491088
P00078_T474	P00078	GENE78	T	474	0.6783	2	1198126.648694549	864691.7934700694	3268240.0508716633	652592.9891431117	1879968.5190408085	5940797.659052676	14694308.377345443	23874697.097678125	9965643.685757024	154324020.67285302	10201533.428605637	2418236.4463231005
P00062_Y511	P00062	GENE62	Y	511	0.6527	1	570709.5076586275	1076633.8630124682	108080.18842662175	1087529.0124857288	6825277.710380112	479378.52220460644	6818988.328097973	9243628.946180223	3744355.4601185387	1582195.9078738135	2409727.5248895646	713768.2632865648
P00040_T770	P00040	GENE40	T	770	0.8485	2	853990.6048063071	27282136.406299792	1232480.9386743791	120108.81234873735	513954.7228566086	10188923.235166233	1762388.7140852038	23679718.91744617	11484550.068134533	7812539.0377881965	8738026.602191072	3306799.1228368743
P00026_T161	P00026	GENE26	T	161	0.5391	1	9468453.707751572	391167.19689969777	650872.0574365349	760871.9375867248	145654.97852535505	7173383.354475312	834108.2832708373	6110611.308432941	1695176.4467799324	1343132.1510598017	3568080.7083991775	1899323.6480286268
P00038_T343	P00038	GENE38	T	343	0.6823	1	1651568.6092191932	653906.8996767398	1493589.5339313834	1928765.696792261	29703.173203566497	5281525.540260055	12883967.50986368	2422655.4413903444	23361896.63120059	64346953.587106	4372345.497396324	290536.7272957068
P00009_S496	P00009	GENE9	S	496	0.901	2	766276.3286201718	17853597.366886362	296428.1872099592	222559.94049829265	364461.94768599083	2926956.297843467	23424419.230088398	619791.4970965394	6625192.675944778	1235236.3460119532	81631090.58400282	10435030.532555517
P00026_T191	P00026	GENE26	T	191	0.5272	2	270253.07088768313	235874.45972993696	269132.21849191975	3024378.4499427075	161255.1525583425	301280.87345301104	18222502.47989076	1185770.3689714826	55343947.47289495	2514664.4261668664	39795649.941009276	28233707.877233393
P00097_Y888	P00097	GENE97	Y	888	0.9832	2	7241065.493667059	1420870.894646358	1126881.9188721217	1077428.751737827	481304.7875332461	151370.99861882612	27563.695141228774	306391.83288791956	437014.507561548	961594.2775371309	32196.33786728823	51679.78338451674
P00042_S144	P00042	GENE42	S	144	0.8025	1	9779560.891340027	2606894.5387414834	281595.4375392583	1804560.75643353	1740462.2725157097	740740.7458796181	174067.87281416135	402768.73558912444	1768961.2170167465	25008.045651596385	26965.299926270553	1733550.0459752118
P00086_Y206	P00086	GENE86	Y	206	0.8975	3	6789590.673515149	29520904.686014224	282520.6469926145	471337.92569196614	1451615.9530741987	3219635.829197087	1766499.1573540233	25955.329070271615	496776.9396592944	101275.71388102768	237676.20246250406	235376.51241593534
P00046_S203	P00046	GENE46	S	203	0.5545	3	5077400.907294998	847248.710493108	988199.3417667082	7230462.332870965	325927.5351492159	958728.3263546648	33770.54534493785	704860.1324771792	859100.1194226537	138142.1205893368	846446.1533257151	317933.7486683164
P00052_S804	P00052	GENE52	S	804	0.8975	2	1359017.930863233	479296.9769716079	2405353.8364156224	1373919.5693501304	3179064.225792442	23578.989405726847	182811.78832609378	665019.0188719284	321867.59518306406	72245.97105072267	52164.607041040654	1581669.7908389468
P00010_T768	P00010	GENE10	T	768	0.6741	3	1432081.637572683	364677.4138461547	6393240.342030925	465074.58229779726	714093.3673521682	484240.54649318545	46471.41127722689	275575.94618497393	3180613.7517771414	2611721.6006312207	369403.21917413233	352899.4800252302
P00040_Y506	P00040	GENE40	Y	506	0.7411	2	449234.3844768653	687703.632345518	17087561.25930035	308516.91368330765	324770.15619162103	3580514.4042807226	81976.06300022786	1679767.443340892	56021.99158595863	37342.739652769684	115466.50315698716	147733.6158355799
P00012_T660	P00012	GENE12	T	660	0.7583	2	2854440.331730029	813188.7811707206	289962.41493820585	1106040.01563813	1477664.0103827089	1599228.4854995369	790922.6299165078	110402.5588730794	92666.7549451065	85574.822318544	243446.38819753865	1253578.6936484564
P00052_T676	P00052	GENE52	T	676	0.7743	1	20507.102528596803	124057.58788589273	1780034.4398595796	10048038.454472883	223192.03224236864	261951.6763534053	1427337.9076949956	42131.874602449105	53368.83487924382	278409.70506896946	1317498.226704502	40468.36054930714
P00035_T142	P00035	GENE35	T	142	0.8317	1	19258848.387702852	23339408.483458437	1315940.6775743186	452802.9725431542	164670.3286045226	107722.37466166551	799311.3327865363	140775.40643608512	68410.90696163263	86895.05926056796	1997318.0943114297	10714541.141724037
P00003_S587	P00003	GENE3	S	587	0.7756	2	80698.16805249488	4199462.023465208	5285404.826858851	15302202.739662064	5147413.749650558	2737683.940045715	54456.68474344425	326526.502913727	278559.85707513185	400392.69917166774	195770.11377828603	723138.4534346581
P00079_T593	P00079	GENE79	T	593	0.8802	3	3794928.4273446845	1017812.983838812	2099656.594375644	258358.86934952007	837682.0729998446	19138675.84582019	223285.87214437587	108655.94395927507	28704.640219652425	39365.96479057111	1046484.772311722	297447.38198984717
P00016_Y711	P00016	GENE16	Y	711	0.6222	1	93602.98257729286	1875343.496087107	107776.92979159899	68194.33675029138	293781.211768776	426175.6094648211	77692.43737108444	1168470.18608686	114774.44136006504	238102.07123482547	283028.69645909104	197739.08038983468
P00045_Y385	P00045	GENE45	Y	385	0.8942	1	300748.0115916728	799690.3905043693	1299366.2261284965	7173666.908029293	669949.7766070944	5001885.942468929	489378.76433547144	379371.61241136206	188919.21655240096	119068.67000339745	37399.89951843661	180449.951081818
P00061_T686	P00061	GENE61	T	686	0.8531	1	296881.9600917022	1847074.600562609	2716709.141226691	515262.01268166327	3400408.0199099835	211107.17614147553	189778.17425667273	85428.27931110121	342799.6158339778	144796.9189984931	1411546.1781315485	58414.79747818602
P00078_Y543	P00078	GENE78	Y	543	0.6412	1	340182.763951075	674946.8004381218	42042.69734720889	892465.237663586	81829.72755412714	214730.86733467647	167119.99646668028	699931.0758000418	160866.617949447	588947.1924193727	2840796.8869501813	34995.258595815336
P00054_S454	P00054	GENE54	S	454	0.6308	3	7266781.24798255	1826798.3013985895	2861047.418823382	322473.1794661301	1426776.8622350537	1732178.9484227132	1740750.4704023553	514014.78055883077	145811.42918886454	257353.55797092657	1407861.9219082214	101364.47693296293
P00008_S293	P00008	GENE8	S	293	0.7845	3	2033270.3435436366	836252.680547101	555085.186904652	12275934.578918483	850693.3043021832	209252.4967091701	1875315.8048218489	1148473.1387580484	1277705.196434857	1717404.4550399466	622823.8846987408	409240.58051855024
P00084_S465	P00084	GENE84	S	465	0.9994	1	211078.30749750652	2620838.6507973317	24963926.853170358	681553.7195501935	343322.692937074	1131597.975944169	1670176.9653367545	77033.74049158586	201991.55556965483	367331.7113230392	668058.0570258868	2332104.9931947934
P00051_Y339	P00051	GENE51	Y	339	0.9223	2	1128495.0222054303	1805345.3900641494	10704003.736829186	500056.65645987884	1663661.4152906751	1446957.6108903901	311823.81771801773	32451.22991385088	31760.798784608247	37130.61403117068	27264645.339185916	383233.765187284
P00072_S207	P00072	GENE72	S	207	0.7265	3	6755806.296917056	1313355.998576621	1196358.7049574263	705697.1038668544	107327.22095926381	93020.73444194485	4228636.089877732	45526.99677240995	339477.0565360019	211838.18224354702	299810.8418057074	217124.59887886263
P00091_T580	P00091	GENE91	T	580	0.6605	2	1693275.6511791295	297864.01012856024	1224255.1884149297	742145.6430229176	1226265.7580653944	390289.9463829322	54825.97396279871	119477.49576413365	127985.11446931778	91928.04697412818	130875.87671375251	3004987.270688059
P00013_S622	P00013	GENE13	S	622	0.9729	3	392697.1560268404	2795908.257671902	581794.2649574577	400928.0803074283	6005859.777891887	6912780.733277074	226455.40931661188	105060.35049175657	483896.03324161837	110071.42338910777	168046.82548633317	183404.88508622703
P00095_Y890	P00095	GENE95	Y	890	0.6926	3	1484719.055672053	871815.4406240494	58050.796812311506	1062256.1407802482	251536.97336165377	5397771.054671439	420511.95387966715	142227.23449405364	531799.2017688932	2804063.4585417784	2035206.233337211	144360.2540197986
P00078_Y406	P00078	GENE78	Y	406	0.9476	1	2158466.9915919607	4883309.766928285	1633049.4470267438	1081154.4882117382	2766966.056690357	5710386.99369449	154532.44192923084	90201.13875744733	170512.03112661198	729341.5980972813	95086.84076544765	314883.12001341913
P00055_S581	P00055	GENE55	S	581	0.8976	2	388993.6135855641	356184.47192260326	645514.4759774272	6400176.246568432	868177.8094674163	8528134.17578693	38412.388306406836	87375.06665563237	21810.13750818944	243536.6092822692	2627418.332893787	262608.1580921647
P00041_Y612	P00041	GENE41	Y	612	0.9427	3	565409.186215826	8756177.34578091	78650.44800307318	1204952.7313531283	9399538.947411086	50279.77809982474	124374.1449626224	136289.4102908338	154183.65665500742	45085.82454926149	97063.6952029501	39693.61377659801
P00062_T129	P00062	GENE62	T	129	0.8559	3	32034.59312531265	543994.6164337052	66352.37442945933	713540.6679242925	1275787.6412611192	1539292.700839617	49531.38898887684	978140.5676222243	404702.484504259	28188.923905543754	1364947.0889069515	275537.72846315696
P00048_S428	P00048	GENE48	S	428	0.8514	2	773324.2166215081	20840769.223501284	366683.32428075676	505810.93381518725	419382.5122157793	1829332.6342563592	180889.22234315448	1012905.1286230284	10921.497980429704	92050.75717362213	70325.56904613525	749005.5367685298
P00047_T152	P00047	GENE47	T	152	0.627	1	323417.1825804095	1461598.2701631107	3080725.816660646	1900192.9341918502	1672878.512896311	15250847.310161225	303113.4151600172	223580.2593554023	122732.52043834374	259546.03208696487	75432.33487750814	44861.6497294789
P00093_Y650	P00093	GENE93	Y	650	0.8561	1	2730439.7551340866	449437.2826821677	1456571.2360349367	594170.465093904	1108530.0333390338	58952.39343802891	1482808.3696057135	2092014.9271538886	258173.96878448498	95380.99018894543	489555.8546002233	170931.0939945933
P00028_Y252	P00028	GENE28	Y	252	0.9729	1	757951.1014413894	1383420.1595384507	4421234.26980442	275688.76436320366	118369.01638786364	1358236.3284752767	72297.88739538332	209584.1715607074	8038690.4124015	1711446.3015779068	753254.8445522162	2595129.2384857624
P00024_T708	P00024	GENE24	T	708	0.7188	2	7923063.824660426	66816.14392360012	1421083.586301725	1084143.184694353	2947911.1970047266	630280.5316799666	427744.5233610675	135250.5461686894	11825604.070728548	32624.823349902443	390237.5096533842	116446.1381990426
P00001_Y311	P00001	GENE1	Y	311	0.9094	1	264541.5851445492	663737.6689755375	494999.12404719635	218916.47817691654	8427016.741826935	380516.28872496943	9532.083535893054	114013.96852536293	792750.223166858	356661.6581811737	1007015.197468047	240777.79796333605
P00041_S879	P00041	GENE41	S	879	0.89	1	967183.2737054009	1186955.9570191104	1631691.598529947	375849.0538311685	6111435.404593995	708384.919034256	187647.88081525138	136552.5228569031	1529698.6171969683	20994.137844178735	345860.11015347147	146332.50363565818
P00040_Y616	P00040	GENE40	Y	616	0.8989	2	5364750.661800393	256542.234961716	5672598.764331331	81748.94215632325	3328869.199567072	2805328.8389839157	237609.64654823	224837.76345609425	161025.05631181455	1341864.9862474217	21266.304805880973	2120664.807207833
P00002_T255	P00002	GENE2	T	255	0.8726	1	244332.05378941118	834503.469189712	3476326.2048695283	1923638.4398016252	443902.9392639839	170545.81096729072	1390788.492185642	906764.8160117995	275050.01224137814	895826.9427546108	393505.8801430822	25922.93674883145
P00037_Y758	P00037	GENE37	Y	758	0.8874	1	396177.70231786417	7848805.0777365975	11895025.767988823	5657328.9314187765	1483182.4756950617	829409.3763177056	306108.8166643244	129343.8888959849	480807.77192284155	600905.0318985167	307209.2354684215	734928.4248342565
P00061_T651	P00061	GENE61	T	651	0.6672	1	325555.54993123916	783678.4926948607	1289729.3015828975	400398.78697838663	696361.6709177049	25866169.113459535	166090.49142620328	367535.63263426704	31465.418179355867	158216.68751688418	79934.25178804362	223943.7430440252
P00042_S331	P00042	GENE42	S	331	0.7288	3	444527.5822996833	1773147.182803691	493128.0826851573	1673726.383098359	125783.62181727919	949188.9134936506	197642.18609340317	1206468.1099312475	196454.34722826487	39851.509063114456	747124.1133292381	30320.632528226037
P00075_S240	P00075	GENE75	S	240	0.7556	3	769947.9303160451	1620908.9839505644	8674074.78641826	1965397.9109779282	1937404.3009079453	316239.002003717	44527.2541157788	174870.07943098486	173074.2697153181	267467.77019827237	708574.3771192349	99279.54152975263
P00096_S850	P00096	GENE96	S	850	0.5618	2	291124.79945987364	1474073.8748702805	21921672.916003373	487754.9564574519	1149163.9385343392	120623.72955018125	78113.78535972703	397935.08535671956	67550.04049802141	1240592.7714259913	69300.93039120492	987938.2092558733
P00059_T642	P00059	GENE59	T	642	0.5684	3	1321923.7056781284	7905121.50874292	1903106.7799743738	245741.54704631967	5240819.256162348	21797953.09788832	286805.3408314346	77689.22872388968	183594.7959917827	1156513.3996253721	248704.57856662874	77760.96595761148
P00044_T113	P00044	GENE44	T	113	0.5734	1	4122197.977819281	211016.37832310103	16610332.310878064	463855.57003784704	7337775.581006485	1561608.467556583	137976.69844983713	440432.50785023277	1017043.7092672476	433031.3163263746	9285383.073918559	2024.5540161966924
P00005_Y411	P00005	GENE5	Y	411	0.6505	2	1683742.8015672383	83123.49361622626	4127332.4063214357	1202399.42908105	458031.9053110906	142500.6067579768	998716.5637563284	147050.94441537937	92092.59730517445	2161684.6274100016	546448.5768820266	352494.8350729022
P00078_T876	P00078	GENE78	T	876	0.7109	1	653269.9779860895	699879.5158301514	11101642.209742809	872823.8470470761	7327933.338994709	112665.48283165183	179048.2779771712	488979.28536032175	808187.3429508557	5970381.552714469	622943.1583397578	436644.6533611432
P00067_Y839	P00067	GENE67	Y	839	0.5236	1	983084.1170478311	2145892.6028249147	3198606.598184636	1320853.7652371165	910024.2013422304	3327919.224301256	462900.70866159437	2116362.9173375266	1225856.0124365066	1327142.7243366719	117229.83124047097	589837.0061459775
P00081_S707	P00081	GENE81	S	707	0.6367	1	316142.30733702093	179326.37626682533	545951.5058761163	118729.75492037719	3738666.4322118997	645981.1044957868	1092994.7972841985	166672.21825200052	56705.95961722813	376650.99720589997	389722.4362821671	2861862.829643996
P00023_T193	P00023	GENE23	T	193	0.8998	3	1993522.7887205095	1748535.8628222363	489728.2963732814	386322.4724901336	378636.8863028475	603463.8662081634	36246.97694330295	221566.26308375748	16566.97083639412	84030.95915547128	141147.65778970852	405255.8775634699
P00095_T420	P00095	GENE95	T	420	0.845	2	140186.2912726566	220371.82365499623	2111216.0096316705	1450332.0164886499	241792.15327064128	844277.1425058185	222343.55762049832	268816.95903104806	847089.8067556104	50318.0475500433	70062.99068614139	223273.52020658887
P00037_S459	P00037	GENE37	S	459	0.7254	3	688614.1705206617	837572.4474737172	1824733.4256247086	581401.0248808612	1009418.0455480807	293644.8718724274	12566799.399559017	5128468.485551633	1289100.3759184696	2469994.6968430206	1489270.3820400322	295369.9797651581
P00043_S130	P00043	GENE43	S	130	0.5533	1	374698.75221081503	1315319.4455061483	3468660.5237530465	549860.546920162	3141287.5320117027	18235380.32479809	361068.28987595916	281389.7751214395	252227.20516224304	879365.7361833823	760855.942828831	899902.2124501539
P00014_S452	P00014	GENE14	S	452	0.9684	3	274334.21497569984	9246901.70240042	477022.7424976441	2338078.293461568	7221900.75729677	118517.98993170385	2956458.3447062713	5508448.891186083	453699.4819094427	103357.18516834927	478431.7615799265	700814.3747505083
P00044_Y575	P00044	GENE44	Y	575	0.701	3	1048343.9233393045	643232.2431710387	1293640.3310752322	1057974.723619208	5163881.617550855	1961478.5221647308	7599023.986055179	6309376.461353774	686250.6083984425	884383.9964305264	1528993.2487604315	2459129.7747230716
P00008_T150	P00008	GENE8	T	150	0.5018	1	3597174.7106126985	13716460.352186823	3702881.4009772292	839615.3288948046	895843.4896090899	1361951.9430066221	70234.62984664254	909736.8318329523	2616143.022797338	1158893.1687915514	1195041.0855700723	105926.38724531041
P00100_Y773	P00100	GENE100	Y	773	0.564	1	726196.356888172	191208.84538247943	338600.62098838174	1237729.0000920955	806927.2967238002	53235053.52174514	2071444.628926823	213242.49687972575	1446074.32815139	248043.81498083178	1098211.8118601153	1103028.6112119297
P00047_T136	P00047	GENE47	T	136	0.5425	3	723791.8048571702	85785.2202097856	215486.61722579566	2901976.037631241	87169.71055552101	2760063.9695705455	605700.0530735956	105363.993346166	1331280.7706194073	669306.038614763	42536.101074925245	609176.6431567725
P00015_Y264	P00015	GENE15	Y	264	0.5099	3	10973341.593606314	1531536.0645259942	1280135.1729374733	1974731.2068210635	485953.6609469989	107423.8544475992	1931462.0824885177	280128.7780694076	222972.17671462122	630248.6596275116	3505077.44432744	418623.8758665642
P00003_S838	P00003	GENE3	S	838	0.6255	2	4515314.872060342	6734856.659285377	3239245.5123608736	374588.3095617383	361693.530698304	18324271.890283663	12070902.10019372	2141824.088524993	417964.13956190913	1048680.9938809134	4928270.676364128	315487.00981743453
P00051_T468	P00051	GENE51	T	468	0.7754	3	646843.6015995642	483143.0520217695	6369850.6175500285	1801843.343370194	3182945.286777872	6769629.345392837	609885.1478451721	106696.78162644003	296123.33051791426	646704.8271966918	2982865.3675899096	1968744.8419956944
P00004_S779	P00004	GENE4	S	779	0.9959	2	2151058.925198064	35831292.38387085	429874.84473407944	1244846.7437640447	2072379.803924441	5756294.97431287	604354.4940423906	561661.385455601	607559.0158740078	3288291.3465528856	1636823.3509010312	886340.3298381903
P00022_Y464	P00022	GENE22	Y	464	0.8888	3	105098.48579789717	34155.17085700248	426946.5770979325	4159317.7281326135	302174.9899000926	796207.1181780713	1832943.3139871724	9636133.690521643	2304382.1097659003	1012324.9060459149	157666.39968848997	867084.8086802238
P00100_Y542	P00100	GENE100	Y	542	0.5038	2	590826.2260985953	451479.8721186781	831926.5223096109	362176.40470730804	3895986.1300440547	342767.87255045003	147695.28386022555	1675916.2207968673	1188270.6207454177	1109347.1935450665	255328.28927209185	203559.45278008524
P00020_S688	P00020	GENE20	S	688	0.6991	1	2323276.5802303366	14238114.507048195	720373.6667685772	1361383.4933139046	3132887.387924692	1577142.8883980382	4646816.685254169	2378184.1235217955	779581.20312216	654054.5731402698	224841.52219796882	244021.25251130498
P00071_S355	P00071	GENE71	S	355	0.6189	1	346460.0944177514	2438982.6092566587	1867448.283590718	10599466.120681472	17950.571080524307	622141.0347932653	631234.4763450186	3067752.3821888333	157989.5769972957	1826065.5084725607	126872.51010388446	111368.86446706188
P00087_S386	P00087	GENE87	S	386	0.5261	1	939913.0410968973	187290.79239190044	183102.22455599537	164869.32697814755	1275796.7515389351	5806415.68062397	1172859.5960885445	270689.5093557984	987713.682658655	133527.8790971179	2196913.7387687247	1693890.895632649
P00085_Y186	P00085	GENE85	Y	186	0.7671	3	59418.35444321564	113938.67848345864	1254441.9092708877	82701.99656214294	418971.69113609614	1034747.1421522952	455968.0816357831	2152898.1924760416	1071064.1495679612	374694.0973747106	86062.18604845119	910904.6377134711
P00090_T798	P00090	GENE90	T	798	0.699	2	1893348.3207943095	240763.6648582585	310060.47059616796	2402127.3586384086	9209398.924428105	6391438.803099893	1258974.5070159407	4198731.71560514	1611117.305833875	130203.94156647086	459224.1540637133	1611512.8629554794
P00024_S649	P00024	GENE24	S	649	0.5127	3	115044.49708774782	331187.6977707169	423943.7266910583	136414.92924600025	460620.97955822427	5307676.6139463745	304697.7608984869	1012532.1962788716	1027322.4109339181	1827612.5014609825	1912748.4761443306	151471.25087323514
P00099_Y330	P00099	GENE99	Y	330	0.7587	2	1100313.9474387625	573185.8721536678	498286.42624199524	913651.1360918836	2839073.061166413	111754.87116778339	7149480.656042569	189531.89718538627	4139702.0426398376	2511062.2798538157	222421.59468649264	885109.2107012123
P00094_T493	P00094	GENE94	T	493	0.9838	3	149347.71049052328	709390.365509819	1589978.8585920085	4977093.15594087	10913237.640704429	774512.829321008	37536.8268470041	367830.52201755194	6271956.885897674	5113028.51441976	797225.2600729279	1026226.297706367
P00013_Y605	P00013	GENE13	Y	605	0.983	1	141439.94999804618	83303.79217183289	943088.5778315212	2891386.307860957	160139.96220620454	1455858.0311179738	723020.2914443399	1166622.7272496913	751072.0402036416	1777663.3543070434	309513.69800518086	10163656.232800739
P00069_S706	P00069	GENE69	S	706	0.7846	3	4133615.9623724166	1217864.4234392063	3684820.496589733	710198.0755780805	1062020.5745273149	1248237.7957125306	4180225.487327491	6795464.96220898	2849107.767090053	5076345.135210944	201689.71260309062	373843.8502073501
P00055_T281	P00055	GENE55	T	281	0.6704	2	793277.4599907752	1339470.697428417	1725286.223215788	836066.1094563733	1121795.298574714	3259837.5198407797	1909856.4055595105	366647.9692232965	11446908.56604321	1931933.0853408556	43691.86371173532	7829641.52500342
P00013_Y162	P00013	GENE13	Y	162	0.6547	3	2046830.524114863	917917.0348891857	567985.8737226687	1063843.5336151503	527112.3555690376	9135237.711685838	876605.3867268341	72185.74991477384	487104.4772099615	1024909.4874886898	1209725.397778141	332023.2003906512
P00072_Y700	P00072	GENE72	Y	700	0.8154	1	3505209.6747143585	884150.4537286982	128764.90558397873	164415.50238074444	12689824.077356411	252318.37795399388	183669.7265633554	1988975.984592055	1454331.3911586183	14718660.72128238	2248181.8349088538	1922616.9679234116
P00013_S775	P00013	GENE13	S	775	0.8062	3	309072.6210375431	6362515.461307488	11103329.511347411	574696.220242966	646190.352683165	1809325.4027147258	295411.3128917289	4708527.30739844	2803399.13143335	22098172.848710876	14182520.221350715	475396.01994992176
P00039_T182	P00039	GENE39	T	182	0.6811	2	148730.97619103614	238677.14703440442	3434094.125878856	106733.02623438709	3476143.526516908	857285.5696609062	977042.3603684688	1020902.7592316507	9525657.781048566	779749.4891131204	1970858.3117284938	1256484.5154282465
P00090_T739	P00090	GENE90	T	739	0.603	3	237697.38306136476	995146.361223325	285084.53388494725	413425.3103854307	8332714.201623473	1583184.126733131	409708.44739618653	2342357.762848775	258273.34997893072	692351.1641518159	3322395.8895186977	367970.25510902825
P00050_S699	P00050	GENE50	S	699	0.693	2	177094.5821610212	2973147.9977690238	29139.692239042157	1008537.0547229493	857844.27572911	392034.21113667346	385526.355151661	186681.97463804093	4758905.836218581	1412988.9909690474	5421248.272602004	468129.51095596247
P00073_Y403	P00073	GENE73	Y	403	0.5804	2	140286.95997420614	177064.17041578883	355690.65307338635	2177069.6946464875	127931.19217039406	1063869.946899189	1594009.4537857235	960178.8307609896	437364.9243060959	1188751.3691911278	243785.46018900519	626179.5244666004
P00077_Y837	P00077	GENE77	Y	837	0.675	3	2010686.857366573	21133220.95112398	297692.86786981823	55231866.403504714	652071.3129783113	2333900.323003923	4398499.742462305	1337031.483936433	201546.118896836	930953.1439402668	465915.631147876	223290.35895241893
P00030_Y500	P00030	GENE30	Y	500	0.5142	2	640142.8928393507	4710504.287437415	997974.3681392273	735582.4592124587	255907.77465549446	2907248.9814072717	873260.8983921916	58390.698962288356	1073732.022014252	4495909.750698983	11361276.666269131	160136.31154073135
P00009_T269	P00009	GENE9	T	269	0.6943	2	510925.05533323245	2990641.3988721855	1000408.0476012256	8975261.118153108	1301731.9460677574	45110.76765189978	513391.5690181438	3265996.2848960776	33842490.450834595	702555.0655064181	594894.1204624213	2232814.319230981
P00095_Y267	P00095	GENE95	Y	267	0.8082	1	3319120.682177216	1546590.1934802674	962433.6983354317	2199979.6177790407	139742.23261588093	8369011.086309038	14549670.141421065	1272993.9873121046	561989.415583322	5217724.293835568	2898508.751495833	2896903.12384421
P00100_T615	P00100	GENE100	T	615	0.6149	3	552791.0571327686	9970946.301626122	392031.76983167604	410218.3338595735	1136342.7905346705	1263880.13598073	2479910.8257313203	2895627.126631323	243321.46824127663	1584064.8429924601	1175579.071352686	2466664.586898498
P00008_T410	P00008	GENE8	T	410	0.5274	2	1065832.531739717	597384.118853749	3008694.4360828223	339098.1330722694	3143359.6700970316	3141255.0998255326	664533.8661269327	920373.9302312664	401639.8160373277	856109.8255186978	2896354.5635228334	1115943.3421291807
P00064_T892	P00064	GENE64	T	892	0.8259	2	8871678.205277063	876391.5583305567	103632.53203235037	1997208.1014932448	3647395.7051835908	3581338.819038594	128559.95139863096	1557419.6254323996	317507.61411382654	46904.44527769955	1351258.4004450245	728829.3698281557
P00100_T246	P00100	GENE100	T	246	0.7384	1	9442860.600535905	71332.69783374997	3761624.958545696	1254913.0116673238	358395.9396736629	635403.7837990538	1452471.1526890388	6409780.214543142	603978.7665825061	1110747.7662158	190259.16744156694	1134236.827934392
P00086_S256	P00086	GENE86	S	256	0.5136	3	1130567.46801701	877337.0051876358	5837458.339859307	45263.07482273074	3174748.510850991	5023302.57326748	8386131.745355468	292447.77931957424	4217166.2650075415	146104.22357150714	3581482.3185944813	674849.357383519
P00012_T210	P00012	GENE12	T	210	0.6498	1	321889.616367988	727457.1836005392	3964635.7796488097	962082.2979294527	1728670.8303659293	779420.780351364	7853715.277084916	497624.28645779187	53561.02039969507	304857.59514582594	6283744.906026368	527042.097068932
P00023_Y631	P00023	GENE23	Y	631	0.5908	1	94662.87593118973	2059875.1693376116	4829639.013118087	282648.8358475432	814526.5277592802	9005138.273589887	1745055.5858916591	1445915.9394237087	6092527.556310501	629218.8455144871	4606517.569317934	1034944.0372170589
P00072_Y333	P00072	GENE72	Y	333	0.9789	1	17045.24248520027	996595.8561791963	3867789.0047785346	16799519.862360567	4120042.278190749	2411357.237890093	535380.2774592061	707874.261215743	1794642.2184508797	3735962.7588144583	307107.8543526496	369669.6972308391
P00062_T478	P00062	GENE62	T	478	0.832	1	533216.6186074462	447908.5959635976	1990039.3792273537	8008102.367623277	147337.8671688812	52887.75665611291	195855.31961435184	7995030.5762898605	514825.55997617834	77761.29752062695	241931.24577435016	2489940.7839733646
P00048_S307	P00048	GENE48	S	307	0.9801	2	380932.0385389029	1342373.5473912773	1114773.5373903527	2460453.779879642	118088.90211808143	20735.764520249202	893769.1450959551	48020.62407911087	149831.1729865599	11426541.561305914	341181.3505866935	72254.9550792479
P00028_T807	P00028	GENE28	T	807	0.5834	1	7749134.2605414875	1430252.932798855	3306025.1217811173	692964.480313611	248462.16928686036	871946.2830842126	1783032.337823509	436192.09422096686	15344253.355057854	1591839.1743105894	1244993.833835483	1856693.2088985415
P00078_Y288	P00078	GENE78	Y	288	0.7769	2	826344.2755530305	627682.4834711956	1399464.2439601235	276220.9720267563	494176.46575596055	160383.8551811561	1109919.1267867556	182100.06732165447	1338664.0204274028	3152989.0096230945	3953045.7179721794	1633913.9077465504
P00013_T338	P00013	GENE13	T	338	0.5405	2	738129.9704954884	6582574.2238163855	6752056.892094494	1144886.4456518618	1137816.6135064866	541072.184221081	326831.6982085937	816838.5063378686	3046282.027415268	1516743.9714909815	41244375.78807248	113145.35658416283
P00034_Y397	P00034	GENE34	Y	397	0.9445	1	8781192.719029183	10665153.67816586	2879988.2134047127	3091325.2474033665	13832627.750353664	3284761.1802808354	212102.9520649462	495820.0183617653	450558.30271361186	867760.2950080419	7835386.487192202	443415.44320801814
P00056_Y479	P00056	GENE56	Y	479	0.8182	2	1204143.3883453081	12206837.7975966	15596306.153722044	49852.53475551889	1060736.4515984252	7666954.435143283	3329740.5241821557	592698.487511024	1387139.750451543	184311.20793272348	373509.351236932	1070901.7858168224
P00091_S183	P00091	GENE91	S	183	0.6217	3	303822.98998415907	59202.20058115336	58750.10103334865	1136234.1431411994	8675194.88058457	1540811.9838704586	694932.5071190133	458775.6003514554	1484231.122514108	254689.8610647002	2293623.524999564	1096772.2257135138
P00028_S221	P00028	GENE28	S	221	0.8221	3	513750.1544977509	981489.3609258863	507805.1108455829	539616.1677220972	411333.4711013391	1348211.3370506545	10476509.521026945	1325434.4764728642	104603.12518942707	331681.8539689335	141710.43298229444	1406485.3072883368
P00035_Y539	P00035	GENE35	Y	539	0.7372	3	895377.4505355404	378196.21812321036	1497501.376486265	1671576.762330124	914045.6796914118	175006.5402334181	3127669.958613738	257373.16249544374	445139.77249650966	1263944.1503517807	25463394.572186634	3125156.7623787103
P00054_T292	P00054	GENE54	T	292	0.8855	1	2699703.3350010137	1616419.6189182692	578248.9651516747	432247.84166103345	297701.5277104925	1246044.7281408992	935456.5083854159	581419.4320938113	79256.91607046025	358041.7449387591	6805430.758296952	137696.02925233598
P00011_Y880	P00011	GENE11	Y	880	0.9398	3	9737284.939944519	9031958.30828747	3498622.9928880366	1515468.1264051115	619505.6059087667	1323488.8322236203	364930.17609167314	4491439.317364659	10140445.861878078	274566.57002046955	738343.5390328427	355658.98355876666
P00045_Y135	P00045	GENE45	Y	135	0.8998	3	141829.29583725092	15826918.41527305	119890.47324824981	926846.9075029047	1745123.3489139401	338981.42285081407	2116140.6380273104	2711658.691637848	213997.27073132352	1935284.4963017567	514609.19164436543	1694301.0820447996
P00097_S357	P00097	GENE97	S	357	0.7296	2	1458775.369853653	1462712.839597837	9136916.068166822	332559.8014797187	244388.96714265403	1449001.9680776899	902305.9768626732	1093813.2084504673	1501148.9227273914	247583.63964866617	1125616.1291338636	1199452.8536809112
P00022_S661	P00022	GENE22	S	661	0.8845	2	160049.5398325308	706697.5045905825	1553500.7033573072	655638.973962035	623009.7058542637	569373.2676457898	806653.8105701087	507866.2570274231	1076435.4987565586	781476.1174989077	2678845.95701712	1419552.0926430875
P00052_T327	P00052	GENE52	T	327	0.5398	3	123500.14170749263	552621.4804419515	3342803.9561455827	4978382.2303657895	447624.2700896656	1312352.4595891237	44235412.76475432	264069.70838228514	3286747.9513687026	4889559.706486825	2280958.0064870133	4869163.696149769
P00022_T408	P00022	GENE22	T	408	0.7627	3	690896.0847842994	11128212.452444982	542684.9397969532	1279515.770235978	45849.760361158595	1076081.9586774078	328770.82303260005	1516906.8020719811	264235.05991477997	3122639.3061335706	4507073.968128155	1746883.8204329973
P00087_S309	P00087	GENE87	S	309	0.9064	3	5028132.853238996	740346.1437690847	119123.60338450476	1448658.3004572513	243389.0132189516	750063.1753643097	442449.9771286625	478193.48169007857	8065655.625200776	1080096.979759391	134055.47466572796	88535.66508280362
P00028_Y515	P00028	GENE28	Y	515	0.5088	3	1218187.4547653014	147793.96533871483	194305.71155714907	1118884.9329984044	210514.5298142787	26222.130841273534	2315125.877252684	1162571.5890561552	1456410.9171711782	408076.81120880286	126531.26997337452	258735.89601221608
P00093_T641	P00093	GENE93	T	641	0.8021	1	1406935.3806350785	570447.157549403	357975.0039332961	300882.5581230442	261834.6801844174	1265041.5741971938	1388987.2327378497	1991209.4733996647	68831.1133961205	755059.995790664	153695.6257306932	2726604.8944829185
P00019_T747	P00019	GENE19	T	747	0.813	2	1443713.7300919637	1585127.8608519575	12494.559601095278	29114326.28353864	255031.67589205937	1563958.2794285945	1875384.8933007424	2704961.7966962126	8053667.192498487	59394.23328861363	403316.5633720118	1698075.832471714
P00073_T451	P00073	GENE73	T	451	0.9387	3	1833627.391719019	2534055.8884435208	643066.0871051208	6542901.254823132	2793180.937519459	1017493.8192909416	162601.4586611992	11835911.27366974	539530.0720873724	919295.7551811681	1338132.7703474592	1022294.4085629875
P00032_S236	P00032	GENE32	S	236	0.8137	1	393217.64013905125	5216743.475475709	1400733.4744968822	667693.1067953829	2215118.829947062	3754890.940267781	1899932.117365626	27755.57273074604	1263988.9907214288	3875102.74214521	649336.3041137331	7181651.307436991
P00010_T287	P00010	GENE10	T	287	0.5109	2	1024812.4304991663	69619.53566177582	14915748.400431557	3971054.8043741556	691284.482287341	4699839.695466962	2565734.9453467666	16166.337114679183	1226403.7749578948	83904.37689219488	482982.2531003351	658629.0556203057
P00100_S823	P00100	GENE100	S	823	0.58	2	612174.5783943428	3950032.293945015	447024.3921115445	22183.194486919594	7680247.099640226	1445481.5995622633	54632.33909942597	1317819.9213653258	2081973.5088212616	6748255.332552004	920293.2332171561	16817337.852426946
P00002_S110	P00002	GENE2	S	110	0.5053	1	335004.16480099026	1334871.4768713189	882392.7973063133	794442.2974847306	230273.15888955846	11780848.275750099	4201583.256030949	1209247.0064527593	174528.56099738707	654584.7284802205	687229.9825973101	2070824.2866160185
P00016_T643	P00016	GENE16	T	643	0.7512	3	147027.88460697405	333674.0959449606	102086.51667527	678950.4341141281	3112117.2132919575	438783.9187611697	937807.2287851761	749324.0324374477	180318.34593581577	110401.96659690594	1403215.2367852542	111898.52254156923
P00076_Y833	P00076	GENE76	Y	833	0.6624	3	391575.96173393284	775349.1210555121	29307.155493807277	408013.22505479975	3240520.552042442	4064485.0588667854	970801.9969835351	694858.3942466814	280613.6590092979	4914535.868857108	1169316.5007716941	12817741.349144673
P00051_S759	P00051	GENE51	S	759	0.9891	3	2231998.7746578204	1546434.7431947174	509979.2390244954	175983.40342946755	185983.2810786752	154773.57969928609	3431678.4858721206	2105622.039308276	13046719.654393608	2194023.5017327354	609313.6210220288	756738.8628515863
P00097_S737	P00097	GENE97	S	737	0.5089	1	2233314.4330372876	1522433.65808305	2713696.95991492	121053.06399804876	686659.6694211836	365327.068182998	1147274.683814077	1692862.3854403668	1113346.5263706315	11919074.420918202	1367684.3981341033	13777462.625757555
P00016_T821	P00016	GENE16	T	821	0.7065	1	2720654.58211195	512013.2836626568	228812.034353525	1375597.0271382995	2124379.757337465	959758.1493940161	2479125.2515867273	8999960.171932984	2029688.9138010812	644469.8110679586	5313354.329855938	5237490.985141606
P00071_T395	P00071	GENE71	T	395	0.5229	3	2372172.4687516964	396320.316877513	647533.6451134986	1244431.3447790104	3084469.9777363846	266069.4828615851	11740714.514163537	179615.80978552293	503414.9400022169	512889.1717600756	57377.78967733333	3573698.761571466
P00080_T745	P00080	GENE80	T	745	0.7162	3	221310.8701233035	502466.21409991436	4680819.902192993	5683123.329387783	754874.4387416508	175559.8749698184	291699.3805241573	679029.6568836063	9760980.04324512	2026798.6518487905	143870.63542395786	548195.6908473255
P00021_T389	P00021	GENE21	T	389	0.9895	2	3235925.9748029406	1388144.299215072	1362879.6264277513	805851.5212182307	3663408.7388403746	10696850.003165027	2256111.407893819	2592623.7629814055	711084.9036787343	110896.32517065424	108921.37398979948	714821.4224005297
P00076_T285	P00076	GENE76	T	285	0.6778	2	1498078.359430136	1900685.1552253845	913373.0418413767	821520.1845688969	313349.45807885315	215185.41302508768	406792.95466958487	7145251.117274806	5764319.715840449	263145.6629616027	4725573.177347062	308744.9989672922
P00035_T610	P00035	GENE35	T	610	0.5104	2	1841936.7492658508	136970.0082264373	682166.7144496798	2959246.637820182	22916.549744555985	818632.5706929906	183981.61121514512	2604603.3950351626	256278.14667177026	3146933.0493296813	3508829.7558199866	2120383.42347406
P00096_T787	P00096	GENE96	T	787	0.6006	2	830187.03815939	153674.0273300252	1026821.5873332935	179631.19985350905	64474.61581884999	695044.4165882303	240649.83050386028	552100.2926761216	60970.30219864132	211357.7474409257	29460.365362776087	338352.4978798188
P00067_Y576	P00067	GENE67	Y	576	0.8011	1	12141658.961695408	811176.0915101721	104623.76118659964	4201570.444995426	1839581.7358766291	1315562.9816235036	29568305.34011717	1312821.7573695136	67916.37299497823	712130.0620560197	822387.4895650428	86004.5967237021
P00072_Y177	P00072	GENE72	Y	177	0.7972	2	607554.5764725624	1559126.5720568988	746016.8110728919	728972.6029704151	1814375.0981883248	1509582.7221663087	3950881.156653604	682743.7804953326	726595.5671540794	1150602.851050627	930490.1087219991	2442007.849402355
P00049_Y378	P00049	GENE49	Y	378	0.8841	2	1351031.714904932	1875497.5618896938	958870.8036572267	1547634.9474245051	82500.48438179617	1575901.480046889	243739.39437369135	1058526.352977356	3259201.4021386644	756956.2762154777	79474.83738825649	2782388.2214748985
P00054_Y224	P00054	GENE54	Y	224	0.5004	3	412083.99627803947	364967.3856011963	13558747.32342206	99181.74577508596	106157.43747461971	77793.44819364634	171988.99301830868	1112533.472398016	16585798.394482564	2715228.7386184377	10939548.43271024	2188979.3257057653
P00097_Y594	P00097	GENE97	Y	594	0.8106	1	631718.4051688699	82706.989789067	4183008.771091835	988451.8586826654	1424496.3506483638	3285427.577260144	8715044.394037696	222676.31094830658	217952.863255654	390592.37906566495	750548.0272118746	3044284.786018271
P00030_S178	P00030	GENE30	S	178	0.8389	2	1894014.0997084805	574619.0153991973	542924.3809870904	1593299.928262629	1681420.280221774	101570.74213058405	3622972.2678471585	733172.0813575584	187559.49760659624	1404591.9580603682	565565.208391234	2634868.2784745432
P00089_T509	P00089	GENE89	T	509	0.6072	1	242480.40605361914	11948205.531172348	118702.03371712852	10300662.69792568	3820667.3208926953	1579519.9871884855	3362472.0825919593	1759841.0569304703	3731018.620644707	5552464.539722228	3378995.569125999	10376684.125912227
P00100_T665	P00100	GENE100	T	665	0.9618	3	1334770.2198793723	765445.4980899629	935384.5580990976	2737740.8376305155	800227.5478780739	1396313.7951878912	587207.64983803	232559.58963451776	4070062.2911576256	1330246.664791784	26273188.618823614	286007.59425526665
P00014_Y757	P00014	GENE14	Y	757	0.8926	3	1276670.0816454298	4054032.5845765453	10340554.164701862	426038.9168409167	73133.74022834621	986394.3999497123	3113951.2481433856	187775.7365099583	938305.0681258548	3745569.7978901034	505595.4097588372	87273.10425101085
P00041_Y897	P00041	GENE41	Y	897	0.8934	2	721896.2336843954	9367009.631737236	6891077.334017782	286306.4394676173	2124855.483200146	2783393.211326777	135537.81631739155	828293.4314327376	979963.749572154	1453739.4332393995	9722551.4608003	1659387.1240699752
P00044_Y149	P00044	GENE44	Y	149	0.6951	1	1154600.9669589596	385790.1350907931	1457483.014007155	753378.7575710722	330717.4216653282	454162.0054132937	3332898.482348321	7367496.186932698	1579807.2660893912	100594.43987146205	340043.64082732005	472500.80660851125
P00040_T470	P00040	GENE40	T	470	0.9738	1	524973.7210650367	175373.6811448805	334252.2948698831	213110.31408215853	521659.6956537314	289809.9809903578	505843.0406841148	23751956.55248329	88346.05595406053	159650.98499476336	6831772.767605947	575734.2247541088
P00089_Y147	P00089	GENE89	Y	147	0.7094	2	363013.5789139912	85346.66721611295	43614717.72970875	159264.62249013092	1006655.5087135732	307484.3167422404	845419.230191677	2191951.8461561287	865953.9175989629	444021.3383432302	118681.22405103702	377984.68680054526
P00039_S199	P00039	GENE39	S	199	0.9254	1	1266799.8893624856	21991200.440068107	373091.9786801456	32645.536311727934	48300979.21322136	132041.57077577998	4864638.581000225	145160.2195555481	1850848.8977475045	4336957.235979553	7729.302175177434	442856.2397924384
P00036_S567	P00036	GENE36	S	567	0.8617	2	2041179.1026447208	157735.20621675008	38519.31199740725	246347.35888308426	445479.3837299132	532844.608194305	538023.5597772629	1955976.677730782	917051.7167615297	4788547.757088407	625295.8327256412	486953.90564957936
P00003_Y797	P00003	GENE3	Y	797	0.7813	1	328753.8155245111	644563.152511008	1380551.076486026	235943.54855420452	2831691.3190242685	2433542.2716933293	16358582.957258375	4120709.140550115	3527068.271484369	454416.8917447049	692976.457385283	15549817.659334956
P00091_Y792	P00091	GENE91	Y	792	0.9374	2	949663.5736270129	16193049.05616579	1040088.7362620087	363297.2864549136	788887.6552519934	233315.02325659146	17947443.04940015	927209.2096941634	272937.4952521683	1881738.3066943896	4628140.327393054	491111.34429103613
P00011_S371	P00011	GENE11	S	371	0.6393	3	385101.8484676749	2954029.682998945	5201183.116032145	5133165.122840055	394295.0856812683	7254336.113349708	50541.66737994973	98347.90223333024	3080574.149290577	316800.99040793953	145800.80524185483	117245.6995199267
P00052_T861	P00052	GENE52	T	861	0.9365	2	242977.0107977269	822438.6862408419	329269.4116986527	1350342.7553391922	3292933.191463214	342719.5323777338	791186.8745961804	976142.0740231668	1727189.4057698238	880116.7355712102	292592.528659847	1560802.787226597
P00093_Y139	P00093	GENE93	Y	139	0.7341	2	1138537.9183231855	1543868.4266141423	20113457.360853378	6615603.746472789	359223.4040531823	677695.3726421037	110197.02426588228	127245.16786215878	2885995.2230645963	666634.9718096434	3925333.716394244	1763007.116474385
P00063_T140	P00063	GENE63	T	140	0.649	1	1018757.9335536003	239633.8602133374	144574.8240595004	330296.617127526	1417932.3808231622	1205920.56765496	1264391.2550153644	71848.90307825455	4255472.827785705	2163774.3258990822	497861.78853285534	603181.5732710429
P00067_Y563	P00067	GENE67	Y	563	0.6288	1	1854273.6682451775	2091815.4596204287	192989.80897514906	5039397.883579769	580916.9453443844	1199699.5714458958	5475762.266223769	1404291.8182548375	1355547.0732523052	536186.6636252973	228566.40493538894	211793.06761784668
P00093_S304	P00093	GENE93	S	304	0.6081	1	13883244.367679946	3638728.2471534656	1198032.163589935	3888796.730963908	215256.13528561374	6647108.208695882	531571.4970630428	739805.8438288285	5612079.316199589	4378101.935124427	6917889.0301273195	496054.34849377663
P00047_Y347	P00047	GENE47	Y	347	0.6121	2	1118935.6702997005	15254258.330173919	4277677.712337465	150832.97607812533	753132.4929765207	3256185.449620263	53141501.181046255	724957.2530647786	188537.37325350218	4025339.0267965817	2866863.0204652827	1481170.78236898
P00071_Y805	P00071	GENE71	Y	805	0.7016	2	1656946.9087960608	595583.5024744493	1027787.1036663479	5594860.805645208	170849.04088716366	221305.6943927449	308960.3950858954	666800.0625095449	121218.73296574334	142386.52648826948	949037.2476538119	3371670.555834675
P00083_Y589	P00083	GENE83	Y	589	0.7055	3	203863.67745100037	847656.8396428969	652173.3057252768	2560352.17677747	572297.7269053309	334952.02649296535	462223.55414619646	1379848.3937797013	5715867.269228151	221057.3785219656	6178266.670637649	2703567.112650762
P00013_S512	P00013	GENE13	S	512	0.7177	3	257818.9467871487	1408244.1486942219	4410461.336695872	301298.3904841874	95658.147239332	382418.92125296337	1739301.9651671753	1363248.523342059	781677.604035324	2686457.657749228	887993.2723833094	1782549.3998659232
P00026_T582	P00026	GENE26	T	582	0.8491	3	5974061.102522394	4937190.194461839	262777.9178533653	868089.6596079322	1195965.0446676384	1249367.1973022507	437802.1560381665	125934.615451623	270162.0064250961	3367412.956129793	4096421.0583681148	948758.3684636387
P00026_Y712	P00026	GENE26	Y	712	0.8668	2	4141681.230301005	304802.0382659515	4549883.944134981	8424831.139617616	578262.578965338	3342707.2177453763	660489.1378742759	2017670.4942468766	1005965.1770787318	10574825.024024094	838311.8922748272	28371948.13047961
P00027_T294	P00027	GENE27	T	294	0.7018	2	4054178.834599596	765443.2901566116	431706.2974692093	2682155.5647744467	2689674.5862387223	5229828.290016303	1369302.637356202	804919.246412753	10682606.990856232	797625.2852024873	290540.93231556314	1158450.530945488
P00086_T777	P00086	GENE86	T	777	0.9223	1	476489.52786704624	845507.1123851092	1422470.2534744663	15140765.491988992	2630574.293417379	346754.25744568976	3062526.484000073	317608.17231886135	1773283.029842228	1460704.4840201945	499100.8279576227	101521.56918570252
P00100_T336	P00100	GENE100	T	336	0.7881	3	3568436.2650694316	1594603.4395156342	8551209.873487428	4924765.252138399	4691939.702873519	92378.33553448913	852952.0044260104	654136.202277404	1483456.890034887	455033.0078436384	567633.2488723216	799265.0510819388
P00053_Y368	P00053	GENE53	Y	368	0.6557	1	22280458.24167202	2698343.641666966	8653505.286688993	501582.6391114069	1679204.6515256064	1247888.0367744325	3359390.4808321255	158560.3593138753	1703945.6024405016	586677.8437465825	1617028.9284299526	248122.51606900795
P00071_T228	P00071	GENE71	T	228	0.9926	3	244707.74785574642	277681.9477288639	1292829.0408452277	2787160.6255143364	902237.372669235	3148200.99651236	16767571.25426966	1224890.5482298909	1708810.324438543	1263414.27288439	10903519.143314011	2831203.6305653704
P00035_T680	P00035	GENE35	T	680	0.7586	1	52693.547841676176	13223426.516279776	238571.49579096783	3134419.144761474	602577.6335643993	1113161.868218291	463199.69853841496	1909068.7799479472	4081043.9773126114	1498689.4495647019	309352.5756011869	3693406.443357278
P00047_T663	P00047	GENE47	T	663	0.5706	3	336262.7613702732	10025741.581264164	305581.59958138736	1487410.9713831088	29179947.304386564	64492.45865059984	330086.6619710307	245203.98284538309	1630625.2431894739	3581373.2348868074	448751.7184170588	553930.6660195914
P00099_Y415	P00099	GENE99	Y	415	0.7705	1	1147128.8157950132	294173.0703759281	4227187.808873694	257058.9695873139	903376.441812353	707911.7968215483	185451.48892689566	1306475.0986753292	1724516.382931112	15579147.189003456	12378280.428352064	4994369.212307262
P00078_T476	P00078	GENE78	T	476	0.7456	1	126523.43555717834	4948407.525221427	24999.822200943847	1613582.140924391	1825949.4608956117	252545.0771097875	3084596.9210677696	505520.9316552966	4460599.013721029	5476065.641220064	89136.52365903485	1096962.6125162237
P00032_S848	P00032	GENE32	S	848	0.7621	2	308192.26104487473	291149.3394478928	3895046.7350660465	3548014.8253653785	2680480.1768910987	214606.0068896735	1499714.3966551407	405075.31306373933	430883.2991874291	898361.9941242507	187227.66402824127	10654518.565004652
P00069_S273	P00069	GENE69	S	273	0.5892	1	217193.34081413876	2786451.028460193	1123356.0487375967	754715.5811165214	5714881.24479536	5343297.451992387	3809785.1172451414	1083079.413162306	114050.59308449167	1587465.3041696819	34057.004896960134	811782.3767532308
P00052_Y359	P00052	GENE52	Y	359	0.6363	1	4076723.654854446	1109300.8455390972	546046.6701373622	2928061.3124731514	1856856.461925702	121759.0444153991	2912815.0485999486	1605611.2226227291	339428.79853200365	536094.2893036782	1082709.9357252007	4030087.508334276
P00028_S250	P00028	GENE28	S	250	0.5623	1	3934429.7515289783	2359211.103479889	1502955.0191930283	193082.3618457506	425702.8585649294	389807.657297379	167473.40314994814	1152280.7653099503	2271188.0140033057	527589.8415115122	3020103.568471232	379761.605989358
P00088_Y672	P00088	GENE88	Y	672	0.7818	2	471718.42792649614	170118.2841577605	5928524.470622856	155458.1124407117	1462105.4586908321	3498280.5055525796	2150555.9635984353	615691.7414383822	4150873.6531333094	1541847.4547782463	252518.04681137382	81094.65613069476
P00097_T658	P00097	GENE97	T	658	0.5853	1	4121670.565304599	1976803.9475016715	3135223.618094549	618914.946961675	119214.70399184941	739087.9616473613	712453.612537686	800976.5308591693	5114932.894826575	277122.113378307	442959.9968520615	3240419.550040098
P00010_T128	P00010	GENE10	T	128	0.6915	2	6335241.452565308	1486906.0820858567	1443025.2818355653	1756583.6631164635	350898.08103688434	2279777.255862157	102567.40718455982	890827.1133262683	442776.93069763784	146960.31080530328	214897.0550679352	1226096.120899454
P00056_S590	P00056	GENE56	S	590	0.974	2	1649884.5428612647	1758363.0219792512	3643874.627812502	1410882.491281183	2091692.5185709556	1461664.3248028427	898043.0586586437	394254.0819210692	247772.70818415858	1568779.1688394616	1991446.5505002372	1152979.938214198
P00016_Y670	P00016	GENE16	Y	670	0.702	2	8139183.504312181	2862039.442361539	935314.7680756785	1248675.2668157564	39573772.539086975	1216911.2976142801	72699.04701975454	1083595.3051674413	527167.5022778224	697938.2657734521	5529567.387998714	1575573.9823041041
P00039_T242	P00039	GENE39	T	242	0.8651	2	2384036.338348386	156389.47521431636	445687.72054333985	1672413.196878531	11055730.798295744	4100881.9517763183	1089405.3951895789	1984753.5884175457	454362.16489550157	6191895.809576328	1513914.4463903052	757833.2233265564
P00091_T156	P00091	GENE91	T	156	0.895	2	252388.23414997323	1140159.9749213331	63148.84870058964	268471.1289804907	1599435.1105784364	3451123.727144443	283523.59208305064	38872.43667953044	52362.156643059454	430089.8195832933	457348.69134495076	1371700.849558317
P00038_Y840	P00038	GENE38	Y	840	0.6667	2	77797.34359447789	922467.3431969616	57932.63377018056	171045.7495641139	1506924.792267282	2459122.9588676863	1371187.0182257837	768593.6511271618	919241.3477925372	5191410.4110604115	4323920.663819838	283156.7317396877
P00093_S710	P00093	GENE93	S	710	0.8511	2	2143908.1816036412	2135456.104947485	32968307.781143524	419280.2116812608	221805.43215971155	2845731.625622083	108769.61817213609	1111777.8216165334	470116.3727732791	3561204.909520385	92606.08866430943	7395255.4806612395
P00098_S234	P00098	GENE98	S	234	0.8375	1	79357143.98229855	48685929.67079746	2205420.6198803084	409125.6146142774	67459.72626524352	862065.1535591652	170270.60925386162	2134469.5375104197	373240.83033073036	952906.2079392702	960606.9247675202	1129775.2854907755
P00029_S878	P00029	GENE29	S	878	0.6886	2	15425757.983637935	627195.4403883537	689557.1564053152	888959.0272765856	1299290.309433649	3030040.8145463574	12479636.258481866	3398102.34778093	29221357.14324123	806434.7867546635	6453806.490898138	104154.72551710659
P00025_S608	P00025	GENE25	S	608	0.7573	3	658993.8643007069	542797.5521480109	643675.5818124237	158339.19495829195	645112.336043649	4354799.198436401	2000732.1991162787	475587.23289852915	12577681.225829244	2816559.6319295866	1105275.959333064	108022.17835006857
P00072_T810	P00072	GENE72	T	810	0.6629	2	17863020.43128267	436924.3913201041	149611.88512663014	261116.7939831258	124045.56572358448	2048849.6158799937	1620400.4030183181	349018.67060578923	433482.69561081775	3687719.8271139683	391967.4610694438	886069.6340463674
P00021_S520	P00021	GENE21	S	520	0.5148	1	466091.1276667899	2213001.4525880087	1339149.7482202025	1424389.5570143962	466643.74047775473	337856.84937522036	955321.7841689001	132032.90600134674	827008.4136173668	725358.0078990031	1911361.5097783438	610179.6712956332
P00069_S487	P00069	GENE69	S	487	0.6115	2	1775576.1113443398	843161.8786404701	423232.364715245	714413.899447666	2048199.9199322227	335467.89810598857	99834.4752455538	1121635.7182320273	1980271.8145804813	397143.37106487557	652952.0807889441	620141.8386543889
P00042_Y508	P00042	GENE42	Y	508	0.7407	1	3626764.6092935884	1046058.1444116998	524074.0813709186	131538.41555749942	2947718.4489584034	2248925.9904376874	5250156.081052496	4359076.5215521725	2008257.05312986	138099.64237934147	423479.81711063563	438692.3103017995
P00085_Y727	P00085	GENE85	Y	727	0.9794	3	814691.9741412615	1983503.2377395444	88952.44587750132	308132.7126472623	7945488.488904173	4513233.436217695	14109617.955139218	547276.4174956739	709081.9321922823	1022897.316266432	21455482.1866954	4678059.699363349
P00091_Y117	P00091	GENE91	Y	117	0.8645	3	2380508.00016919	119505.57158060482	388702.2918510383	521414.30601298576	1846985.6930960654	7198018.082986742	7393242.193943381	1127565.8344377216	478991.06811449194	8601990.788858283	2124708.8889957224	285665.64292429923
P00022_T438	P00022	GENE22	T	438	0.758	1	143489.52215276373	13087684.477606103	677939.6595759351	741553.3917988867	347722.69821855816	1862166.914390422	809250.9182954145	1305070.4120608114	12170581.4333288	967516.1827757638	574822.7039982277	1328626.193319431
P00097_S764	P00097	GENE97	S	764	0.7894	1	303003.01026909	7848001.153978614	368727.88763526967	815511.4368572711	1593291.5803304107	1227080.5102250446	3789706.4324959354	1103251.899067688	3059390.3759481595	1570504.3523178236	28219509.56651653	608686.795038537
P00036_Y799	P00036	GENE36	Y	799	0.6184	1	450218.49327869905	296042.9998880621	1759364.9561823416	420352.6472422624	2199080.8749902085	585901.1826047011	4295147.275003409	2899781.6578392424	2316501.669128849	2202076.7070456673	1881062.7109855372	791720.4434030445
P00019_S822	P00019	GENE19	S	822	0.9461	2	2719617.401295483	387327.3801392035	3918464.3768826346	7558904.030859043	142309.709539729	1171633.2590283314	691391.2874549225	5061965.129924187	660074.1250246144	1094906.1982863327	29006550.72632966	435991.8026270396
P00046_T230	P00046	GENE46	T	230	0.7033	2	189704.9498123673	341546.5310076751	8708634.054911628	467490.41400605376	655119.9472015742	31635.325334945603	181156.97027934113	1371748.7827346795	1683512.7430700075	208921.38679163522	546898.8576624709	777992.5531917522
P00039_T417	P00039	GENE39	T	417	0.6947	2	326684.754680193	5097297.265709888	2733149.703116877	27115.006288139208	3107712.1650784863	5011717.013836992	456508.664004972	9909912.610110184	432667.2381802785	2049810.996093894	69460.1013517963	64979.121793056715
P00009_T869	P00009	GENE9	T	869	0.8231	1	863708.2206476402	272566.3452215481	2592291.9086289275	2246232.8342154245	459767.19107403606	1043875.6606029418	151276.01310109685	1682695.2539292988	346145.7955216816	1243778.6277513714	1232705.1560498418	595473.7742980925
P00049_T588	P00049	GENE49	T	588	0.8001	2	679934.4379449508	417333.494418	829679.8337761571	766421.4372092669	1201325.0451304703	720706.6602301568	272640.0096407983	1085077.1886960736	1996557.4478130066	77403.13915087057	5073635.438227402	386624.5511919794
P00098_T106	P00098	GENE98	T	106	0.69	1	14258845.966721611	3319648.827522145	1680737.96744467	102397.22140901157	59003.9595592848	6850303.110777242	886946.0575927739	294392.6008274805	848402.4544941627	1885529.1593553068	316791.12316215615	881139.4830784639
P00098_S877	P00098	GENE98	S	877	0.769	2	1091160.1159769627	750361.2963370229	1404674.7454179542	896347.1070329905	2086010.1198620033	12137915.695236715	95414.13135590428	733558.832256101	11670243.810795963	91703.17369958329	174147.97420198363	1264780.749595952
P00082_T462	P00082	GENE82	T	462	0.6895	3	1118952.377207786	523538.2913771462	1209321.3801860602	359579.9904184812	208401.77259522	1384204.6557369947	2459794.027107258	3116361.16087264	520761.36500122276	303531.1913980409	8606963.75109271	326989.91197393846
P00057_S302	P00057	GENE57	S	302	0.6796	3	1465821.3688591095	519297.3847512967	1016392.0912871286	2921685.944677484	252860.49299717322	523050.6491748391	4915489.712314532	1668769.3517831003	1095922.9990768428	1052155.4508957532	60024.45583150269	4545120.817471687
P00041_T483	P00041	GENE41	T	483	0.5882	1	3154843.9095774805	12055433.162412776	789320.6568356092	1099881.5885591444	901179.5519009937	728139.1157374801	1533219.4054690648	7051754.09192959	1287468.128030876	824929.5613675257	1386589.5987894747	1765305.7886603065
P00070_Y124	P00070	GENE70	Y	124	0.507	2	377002.1247021266	281886.4143828821	5952761.061818591	1066689.4308012375	127367.12708756186	390158.0896047845	883191.1204674542	721579.4720823289	3142339.3831619006	7936432.76998376	1724523.5052230312	1918077.2952078471
P00091_S800	P00091	GENE91	S	800	0.9572	2	1712603.79241312	1138337.9103879991	2048139.1366312234	52880.488332920926	1713992.0860203046	855313.9216924058	10208852.559216294	331923.97332919115	123737.26839147479	2150992.5024355887	641767.2117466868	207294.78072552226
P00050_Y328	P00050	GENE50	Y	328	0.9001	3	338574.34538590716	2474398.8182536177	202974.67823182343	429577.3317037415	6555738.724737742	1622842.3958968187	576823.9500392276	3479012.188209651	511403.47309249034	121379.10028084755	118890.75991799105	696158.623265836
P00087_S606	P00087	GENE87	S	606	0.7728	3	2841610.519821087	948534.5353600049	884484.7289630332	4680109.803469093	382626.8757996221	283465.9937862498	706233.9419144307	608530.8124312367	946782.991922188	107490.91766527583	897279.1526903851	330549.77536641445
P00067_S146	P00067	GENE67	S	146	0.7176	1	3989729.8841085737	464986.76906311477	1345910.660480731	591172.010208269	1314725.8098601284	353695.0412585101	155904.42257975566	299235.17538882745	1534186.6001476948	113589.02505314103	6432533.057813162	794947.0733759912
P00058_S600	P00058	GENE58	S	600	0.7968	1	5799787.305157024	5978025.567711662	194526.38707406362	2041944.684896058	8557688.612046568	4545284.6050955895	1965632.0454587783	345880.7091442366	3209581.403202095	1720998.6832663664	944356.9914465962	3902636.025116929
P00074_Y461	P00074	GENE74	Y	461	0.6536	1	534078.8939991549	2246671.957676621	1949522.152154233	418545.8817548936	1900621.8294119837	4004134.2914462015	5425721.179807899	1195031.8436328182	919476.5966699953	2137597.397753581	459506.0018752345	673638.1747245836
P00095_Y673	P00095	GENE95	Y	673	0.7985	1	1268697.1289760545	9797655.206928989	1230747.2471184735	7479254.789215261	950410.0191211586	72387.73099206718	150781.06414480502	2442598.1492475844	675747.0602552401	693850.2014774522	90832.13416094254	1434708.2399578686
P00091_Y499	P00091	GENE91	Y	499	0.5109	2	365137.4869566259	193443.36240484004	2460515.3107429277	4225604.570217598	249921.79257621302	1234679.4261694613	950277.6100564079	5588873.028939908	314420.4873315308	871579.7421199356	1103951.6444559023	1607915.991613201
P00073_Y235	P00073	GENE73	Y	235	0.7723	3	8382455.452274595	55014.793708951634	1504096.5466013148	492515.50352028565	2399570.9184355447	307326.80143477273	1974862.1331256398	1076801.1240063715	349103.8653732621	98255.2722318675	458799.96454035427	769001.4530079453
P00054_T507	P00054	GENE54	T	507	0.9836	2	306773.5373016398	1418928.9571933078	343568.03192924726	1147104.7980495023	845205.9747133029	3566930.9416952045	261049.86918083378	138419.3784838407	1644618.1730642742	3182417.9807002726	2885175.5553815095	1235108.3671972018
P00096_Y889	P00096	GENE96	Y	889	0.5739	2	497736.5208441582	2601809.337383359	2680258.774032692	149763.78614452988	5843112.973638159	6352549.001718151	631172.0187708626	323683.6981075945	69508.6614561482	495816.0987944746	9932315.995498199	596848.641221115
P00012_Y723	P00012	GENE12	Y	723	0.5994	1	4653808.055597998	210774.16471289593	1292867.213642087	144522.07320560561	373895.99237984465	255777.01011881357	5344776.975727141	10672762.194509305	7511245.013854363	12731513.263598267	752645.9607071023	313806.8664218143
P00069_Y249	P00069	GENE69	Y	249	0.6903	3	580429.7731358425	608434.0998297327	1183454.0219561115	3682021.466109296	561099.815919573	1564901.1539685265	6508134.392041947	670215.9831948954	811239.0463796044	3516458.397849422	1148350.2975960784	985538.6592331614
P00006_T638	P00006	GENE6	T	638	0.8165	2	2984348.9991349997	1290087.0172275617	502182.37356884876	1479199.703523521	67708.67529485593	4490778.039680725	338069.3633566476	892476.1262449933	1310143.7662218565	485972.1500989072	395867.0612550064	1026250.7606193292
P00029_S201	P00029	GENE29	S	201	0.8484	3	13609845.560813216	102216.93109072247	2740315.1527927755	726159.5449123731	4843631.6474733455	350544.9207230995	135257.29952305343	2013864.538760797	296518.1983466851	281651.2111551122	88398.53026684624	775414.7868677068
P00068_Y634	P00068	GENE68	Y	634	0.705	1	31080269.34728932	167568.5543373242	3415303.3176029706	208492.89195851123	9451238.145650813	1752592.894949282	1826971.8177205257	1111704.8871296481	2118516.7511350345	69886.95783375908	44914773.35067772	11114205.799571142
P00065_Y556	P00065	GENE65	Y	556	0.5976	3	1573953.187027665	2229997.92323058	783446.923493629	2376423.955123197	2390995.430771526	2342228.3304819237	1440499.668392497	590344.4641504386	875935.579299534	691608.4833212167	1075344.5297331961	66613.53457835647
P00075_Y698	P00075	GENE75	Y	698	0.7277	3	265104.0394831844	1020409.7775561066	1352642.5871790315	302540.3896777562	251634.99153391956	834487.0507229889	1021760.7981669803	3877852.835468617	3922720.8332885196	336021.53065672	1818689.3052766821	728627.3637297555
P00058_Y503	P00058	GENE58	Y	503	0.8993	1	71056.77923140513	347877.8039065924	2165170.403641994	2871425.6584664313	2825352.658467542	15151800.17228707	12577953.162139397	286014.47347042384	107511.29173315167	30037494.3073504	2240996.09288945	531129.2563195392
P00074_Y854	P00074	GENE74	Y	854	0.8099	2	5880810.669852435	1563422.7115204574	1417547.2643514406	422168.6913677993	56202507.35059512	2598316.4280295246	2310713.8336086883	7044912.981284577	3005423.1447409242	934717.4721180123	344697.9487993003	1114604.2881122443
P00005_S366	P00005	GENE5	S	366	0.9006	2	3174803.752163491	5820095.5058752345	138293.07770959294	243044.77007033545	1607695.5367945808	29305.44431068723	1284302.2661128573	1020131.1777547192	2302830.536376016	4996635.552348093	3919185.430809835	4381985.277052848
P00083_S521	P00083	GENE83	S	521	0.8856	2	1241519.709498398	277648.1846180924	5191803.069066034	556361.3233174554	165072.7998679342	1224512.1468258551	86303.21678447706	637883.8601872686	1069129.6645311927	773509.601839076	509999.77736702905	1352297.6500646286
P00095_Y444	P00095	GENE95	Y	444	0.5036	1	1545663.9201670405	10468780.571161237	11403289.317314727	926229.0467351887	2047845.304981676	1456323.439388357	863019.2587147612	781590.5003004592	1899670.7602920071	4712668.478141194	2513116.923341692	826886.1652018954
P00018_Y865	P00018	GENE18	Y	865	0.5349	3	196533.44710126345	1631663.1545569578	152473.728961414	9303825.765734512	619416.1074616129	60370.713868402476	553527.7762418117	1361983.3073331104	561080.0303745471	477761.1903413793	260519.29831821477	2363892.032018453
P00024_S380	P00024	GENE24	S	380	0.8478	2	3067607.410811434	1981177.5210091958	1171660.6148326767	463821.4311809491	999612.2927119429	151049.61458781586	1812538.240989065	2497445.795240678	1228133.0743158206	3413341.1201597922	840788.5670600907	1619029.6395480738
P00052_T314	P00052	GENE52	T	314	0.6335	1	14226562.782888934	173346.31701662694	699216.4590720646	4268946.807280003	914022.0064204546	7029626.039832699	38072.55361371455	881848.4622509279	1688724.1131870335	281643.5549563404	2152244.399758649	1491510.788531072
P00041_T784	P00041	GENE41	T	784	0.9938	1	692530.3225040329	2277765.4760138425	1371174.683266967	94946.46252598194	297135.095456165	2393451.547415417	363827.0006111643	70508.66884378067	777718.9510882241	1369073.7909399036	1017947.79321937	204947.63492491812
P00035_S862	P00035	GENE35	S	862	0.7043	1	670510.8077649839	5268604.8621005	1996989.8463312574	22865410.083152108	1515902.1739118036	845922.5135815513	10681724.049197523	5253006.554037682	425265.91156644904	2941281.9651130913	455947.7121652597	3234978.3490762203
P00033_S306	P00033	GENE33	S	306	0.7802	3	111800902.25814207	4049565.5487498324	114386.90615377744	3389514.432446129	897685.4582945432	368890.45156018686	3855302.5091339005	829916.8286371536	119079.33601846837	329658.9735655644	2067892.0411567134	664602.9592896984
P00087_Y874	P00087	GENE87	Y	874	0.6154	1	123346.912333088	12686083.327413648	1040959.6352768166	504375.9635230837	551848.8257692688	3834121.070228073	596549.0012755587	192951.23269820388	4966867.440056007	523771.4113447333	1187251.3994345786	9172189.568491714
P00026_T232	P00026	GENE26	T	232	0.9172	2	615192.1029798202	8053000.6928590415	2016021.7156802772	83936.92126532184	206731.33401972122	477003.75205112266	413312.57618767687	263459.9388982209	750743.564425359	4732145.565544502	1981540.5003600828	103992.4309109556
P00055_S109	P00055	GENE55	S	109	0.9218	3	238522.92439516107	251520.68930481546	693591.6617678419	492463.3797996253	1148632.7663554447	8095566.620277268	849653.2747286843	369143.3373539407	987458.6160386135	602036.2739810176	4823398.993236362	346051.53946295165
P00051_T828	P00051	GENE51	T	828	0.9807	3	83945.52477300886	13882110.840092147	1142011.014530614	3056678.5299162087	4039697.3348573186	87358.14938047326	193986.4026598651	107218.14722661495	625945.3120832501	366550.34942180204	120486.81916084567	491012.43805861345
P00011_Y513	P00011	GENE11	Y	513	0.7427	2	2641783.272441268	20860550.630518798	43303492.7651165	464064.23408379656	482609.5952167054	1167762.549118542	20085601.8346101	8500047.62655179	299263.40970452403	774804.0490538442	852700.4118012717	786218.0086823428
P00062_S562	P00062	GENE62	S	562	0.6505	1	1345184.6189283596	14811021.033007175	577825.9454551195	226298.78680573733	1583222.7160073759	35890195.77414298	987080.8970248906	5679374.876796887	4735600.569028497	771867.0193545626	1374125.431764229	1484062.0865394718
P00011_T364	P00011	GENE11	T	364	0.7602	2	554729.5099173803	315871.9323010082	1722020.6295607288	664167.0948787627	596833.7952435502	1562469.4900634512	1072490.36160256	4266517.099136645	331901.92499697796	2241970.867968241	1480853.9592167789	89013125.20378211
P00097_T817	P00097	GENE97	T	817	0.558	3	3192515.885678635	2891214.358667627	13926590.066462832	3516945.8404007345	3195301.249716109	1250245.7186774611	978612.0851949415	33771.05801015987	655642.5798735516	2801612.6546689253	1187811.3384731063	3299719.404978499
P00041_S826	P00041	GENE41	S	826	0.9762	3	263062.8908701882	4151277.3660154655	11858275.397178713	152872.97242674982	827686.4312290138	3033534.21854394	1474046.0859626443	195024.58905296738	6851397.171213554	183103.19588192576	27274906.94027223	526069.9426763833
P00062_Y529	P00062	GENE62	Y	529	0.5293	2	4735563.20874212	15907285.595302515	6173720.279984736	74512.11964694715	447706.7571626517	368016.0926047612	114768.03681321761	3116152.5205045124	5538303.196220665	514072.6171460994	119989.638395312	9422372.752921345
P00035_Y682	P00035	GENE35	Y	682	0.6067	2	306923.12227198994	293481.90144912305	2056374.8358353563	1771242.7169104808	904406.9442746254	196649.40819185335	622908.0416297972	6331411.794614228	335604.55521007796	1158661.6520745538	295930.25992547226	523888.1951305844
P00038_S894	P00038	GENE38	S	894	0.8875	2	1122616.6018850533	15267.863742474385	1465462.1405828139	677667.1438288399	341120.9402331752	161631.08787838125	1843887.099463089	2551684.7669936237	351637.31894747267	538193.3302875665	382963.4943254168	2788133.0556245614
P00011_T257	P00011	GENE11	T	257	0.742	3	288351.97641647636	3938157.2793594366	164114.68071155506	887483.8275548798	2954944.5079223462	1594177.4802441678	1045921.2898442291	6894828.903635431	4607881.071463496	1024943.6553222348	31729600.93818688	209218.72729286738
P00007_Y153	P00007	GENE7	Y	153	0.5326	2	393819.05733729724	3169098.700987384	1848973.4900197608	265935.49090614275	388086.7227366453	1648133.3966182356	1427440.7361393883	4218122.616058596	902063.5013468325	6195401.6919322405	1422502.252786495	322635.8637479484
P00014_S858	P00014	GENE14	S	858	0.9204	3	401003.974395794	701881.7664017928	1502801.825085378	495141.88269090623	112967.22816802374	201332.09330742125	19723205.386080015	40357.40219229207	302759.4959639391	735649.9810362036	62546.077661611664	1225445.1224201485
P00069_T167	P00069	GENE69	T	167	0.9139	3	1690369.1795471366	901272.6102439447	1849504.5351032533	265817.339939446	4546394.6770938	67120.09316777522	115233.84081484204	1378830.3423896125	341845.7578352799	459616.16422529623	3653399.09056125	441555.57187692454
P00005_Y818	P00005	GENE5	Y	818	0.5797	1	80357.94267254724	202122.52332367186	3552140.6089964607	1524980.0278124488	505026.04511025234	651469.4968693991	493419.35882463265	161991.41185875703	606780.1137077642	1648988.3560130955	5467177.804373559	1590620.2419681961
P00079_T695	P00079	GENE79	T	695	0.8567	2	903417.1967683692	143804.970027574	3374804.1636102814	340894.31370135554	304389.50577343226	2178699.51059181	276445.02272361604	203605.8630063192	2828762.1059852066	130457.66227825024	3415197.121328171	180679.60022123947
P00041_S754	P00041	GENE41	S	754	0.8438	2	390827.24802138377	45612.50250376826	2562072.338221722	2587677.359272395	243693.99873635473	827876.8631733932	597533.2066824578	190177.7077923601	1156542.551673435	425231.7686753141	1694209.5540745081	2545302.4065664066
P00098_Y812	P00098	GENE98	Y	812	0.8063	1	6627972.3931155	141101.3544496674	279517.6976612937	3412200.421169239	1641294.5266266605	6783795.08666665	55824.04287187327	339547.3788926621	1546556.2465277174	2962382.172719829	709064.4871715419	987186.1302984849
P00079_T774	P00079	GENE79	T	774	0.679	1	10853617.063008046	917709.78923977	7370136.002237162	746803.9932233365	383850.303813878	206432.31508512588	71876.40824156394	252560.9459212596	324712.43271376984	190378.63761627005	1837815.9585678475	883047.9560244476
P00064_Y604	P00064	GENE64	Y	604	0.756	3	1270338.2956680907	304758.0771164637	240093.59564517677	1172092.7419107342	3328640.4370660083	1646409.6178843647	612891.0780976536	3590909.4516833453	590728.1326613567	215604.07026872772	1226937.6474735069	1583356.5087434077
P00067_S557	P00067	GENE67	S	557	0.9581	2	3124606.6916862484	137857.5318762904	3160576.682910746	905028.9100147104	2745919.548375471	579095.690664237	449429.3801171701	913504.5320257645	227529.07068454425	305622.0489100406	782583.2425193787	2172853.2455078545
P00026_Y360	P00026	GENE26	Y	360	0.8601	1	125487.46845753006	1383698.6696668086	880260.2594176382	419266.04801927425	572569.4758841009	741824.5572492675	277610.6855423327	892386.909211467	29039.66141737261	9074247.983972106	577173.293155071	12886763.459781002
P00098_T551	P00098	GENE98	T	551	0.5561	1	662536.0035363139	2972348.719378399	1310539.7612542682	585503.3796215082	2330456.643851067	1091178.6764460567	193495.1466272058	25120379.342387915	27281950.784733884	278955.09115161333	333759.4213999109	103360.09897664568
P00092_T856	P00092	GENE92	T	856	0.5616	3	511011.2772015386	144832.46932060798	7896912.214148154	1939563.2321164962	465207.9066180692	1299481.2230829364	1331406.826624908	5856815.794678824	5061327.738920729	500745.70802646934	415705.95238394727	1329031.9130725588
P00003_Y523	P00003	GENE3	Y	523	0.9233	1	1023773.826503314	3866591.1076882053	2716663.820113804	2707868.0496408427	2178986.455723494	1258964.807834719	246673.31891608395	10512257.085289042	665545.7952021182	19284.59509150137	3784813.8227497577	350508.5499734532
P00039_T603	P00039	GENE39	T	603	0.6428	1	2018646.6389471819	817811.355147171	3851497.3772306545	2676087.4679527017	2485554.578459441	106913.8770104722	9546432.015875213	580027.8750775825	2714326.3980783396	8364106.661500374	1162739.511558339	2227410.3692803476
P00002_S504	P00002	GENE2	S	504	0.7932	1	1141828.9772581828	2828597.0058594	749867.5792843676	3905996.212118833	1699108.346906957	10348004.294538133	91427.74763284012	65361.52637439507	219577.23826411794	1641059.1557538607	1789117.4668681978	4233517.775950118
P00074_S486	P00074	GENE74	S	486	0.9626	3	99050.6383277582	884755.1179335356	1519403.260168304	847412.9432067799	2688626.1894552787	707028.6284466621	859093.9412802799	325782.8264269839	206273.35725284845	59052054.18430741	674664.4953108364	1734642.2859254016
P00072_Y540	P00072	GENE72	Y	540	0.8686	1	260340.20873843887	1118219.1251880755	432411.808493012	1223712.284291988	7985683.216817898	504644.247338817	570152.5867141078	12370609.820579283	857195.2923450114	1847930.9314572532	1096069.233572683	4691264.481262486
P00080_Y657	P00080	GENE80	Y	657	0.8753	1	1134577.0062765009	7280757.579510057	10504594.88358248	5357170.3728068685	1289518.6558517492	546313.9486714432	8321648.344784511	102399.2620830697	801891.6620773664	4806025.64616289	1657839.9285906253	105136.50091035114
P00068_T354	P00068	GENE68	T	354	0.7507	3	1992247.4770438469	247752.94134255682	2595239.1373530594	9362033.869208666	36184794.84887944	1563033.7666628708	1723439.0697542608	4173892.8975984505	662828.029222399	128885.02189941546	5213101.999408194	181749.64898005882
P00042_T401	P00042	GENE42	T	401	0.5236	1	1815534.7536767188	909444.3143892897	2061762.4670588227	485780.7833083743	2965145.67537634	11689340.248951545	1113932.6010068317	694335.6855071562	637235.674149713	1953662.2591370584	428792.93287193886	784944.0732964576
P00084_T656	P00084	GENE84	T	656	0.9021	1	526134.6990447369	1042122.1882324537	1001013.1505385977	99797.69441508748	748274.4587196602	2007274.1506402902	604560.61648313	1139989.5823463486	4447993.112119376	4376894.730573858	922223.2479286345	76048.44126534043
P00036_Y742	P00036	GENE36	Y	742	0.5803	2	39525430.58535387	369491.442113259	1746296.7986354788	4112037.4560411535	583270.3075510837	179533.05462829742	568696.9461572903	429074.6514243262	639049.8858743897	2738557.44018134	79855.07054383839	822545.6852625269
P00069_S475	P00069	GENE69	S	475	0.81	3	294329.52602428966	2956817.348202795	620618.2904329455	2430319.1992609305	344369.183952811	2449281.9956571893	5079463.669565377	429524.60908974364	1303046.8396717147	1867539.9216382983	929670.6065983657	4173805.927814328
P00024_T532	P00024	GENE24	T	532	0.914	2	229935.00779857926	152211.10369994407	1796126.5683018032	644243.5050188386	1656968.305529612	12556922.883387478	2189019.676298347	1401026.3951862776	1104793.0347852246	20365476.007903274	9335495.993858226	484370.02131730295
P00044_Y225	P00044	GENE44	Y	225	0.58	3	2053922.9035433591	1036566.608827186	406786.1988612848	94170.50133461355	3512812.02879551	169506.21899198773	771622.0336912599	587277.4888938795	1682566.7642706719	498341.5207450125	227208.8507091316	17924944.309696145
P00082_T393	P00082	GENE82	T	393	0.5174	3	200965.7968977245	3453036.8296989202	3695282.3991876966	4773385.606342848	472303.52943401935	1144005.6294140029	180007.10915152598	247532.63500978576	590469.6104931334	76565.10405768224	1289391.3053439038	1583255.4200453495
P00051_Y577	P00051	GENE51	Y	577	0.6854	3	2230350.671495612	2122579.843922402	339591.92616722174	100865.27828876615	723431.103157556	97137.51455176198	1605483.8668463123	1424727.9919681717	257580.1058342582	500374.63025527843	3905153.845912437	324283.19383718766
P00019_T714	P00019	GENE19	T	714	0.6772	2	317189.66067611834	8669163.208953427	2020635.2435484948	97041.41996083217	10398433.030289313	566724.8815411527	906470.67917068	557275.5722981122	3143440.772225573	2451382.11334492	554351.8919575588	1288127.4583555833
P00027_Y472	P00027	GENE27	Y	472	0.8699	3	356432.732144055	10053067.331809945	414731.29657141713	3309820.851524809	93645.94511076355	347402.4123648988	6675773.945480507	1855192.2901217132	8106510.695877889	910052.950610467	3673492.298982432	2304283.433090445
P00040_T394	P00040	GENE40	T	394	0.6788	2	784801.9955258535	548593.404138597	490383.3413072268	6155761.93228337	48665.99840795661	1239983.8970467688	525577.2127252399	10917912.663891627	552446.4795745659	95159.35290925732	1714299.0533361146	3866817.947192869
P00044_T591	P00044	GENE44	T	591	0.7595	3	443253.044074842	2960329.5223902413	9238211.668145973	302468.48864875257	8170908.416788231	128009.27227195464	500917.6663786433	157009.4173474263	2956807.129291072	353350.6424940112	42986.65680323234	4813128.002181547
P00065_T351	P00065	GENE65	T	351	0.8667	2	383044.2452204176	143752.53108464292	1260622.7041449526	380095.1671330575	60602.48804183574	263678.12180201506	539313.603184567	614801.7834121305	869391.1528105286	2020559.089582363	4482182.134600379	499027.3045624478
P00072_S387	P00072	GENE72	S	387	0.9126	1	9594259.328729106	18930548.194862578	359037.390687188	334908.04873214697	4108447.382524651	837926.1370851767	508980.6657522826	5581768.031801264	605590.0620921903	172343.26075004772	382377.6448679405	178775.75650425314
P00097_Y597	P00097	GENE97	Y	597	0.9606	1	795921.4167527315	1301833.111706435	7446069.979659954	1684495.1879560866	201507.0122497563	83904.66164270623	2205824.89798118	12688088.076749349	1176691.1727974983	1807353.9835087052	3835504.503173607	2541452.7065669517
P00053_S259	P00053	GENE53	S	259	0.9204	3	9655741.54836121	894133.1699776894	2666817.3062755666	1545007.9319595215	620474.9603231392	2315296.2067700108	578047.7727471044	230297.3207266332	528215.7576591022	1519048.4790599258	992437.0199806562	921318.2679679672
P00096_S400	P00096	GENE96	S	400	0.6703	1	2813053.7573952293	613615.3206461738	762651.3771809598	3516317.5549886613	1377993.2301633633	1394270.9989366843	298074.7989927736	1130998.3624452977	22319408.456656896	351155.6772180248	34800049.20669565	393248.2898147554
P00020_Y276	P00020	GENE20	Y	276	0.7315	2	5208955.493432796	867145.0288190799	6072125.110019063	305681.51604113507	1012089.2114997096	10818834.703685373	604745.8898061633	1144208.754897091	270468.69808089104	1357354.519570265	857741.3356851825	421614.5231815858
P00084_S558	P00084	GENE84	S	558	0.7604	1	782414.4418323193	901083.8493435656	2655161.87267877	668056.1354323243	572447.3533024339	8867001.669653976	2788644.013609506	1761752.1375896279	1207102.0337878326	6349624.349070981	4577551.232462491	1991374.8514318631
P00077_T238	P00077	GENE77	T	238	0.6573	1	1034517.9294408575	717805.1174435233	11410989.505977973	2924210.639793189	12571668.720519891	80552.07957686683	1576023.2169552336	405780.7601371132	8648355.11757955	114080.56257053203	12668966.297880104	983662.6900584952
P00065_Y103	P00065	GENE65	Y	103	0.6804	2	527823.0749423215	561432.1991582975	400852.0553165843	770362.5934133697	5798364.454256044	30437.886463664745	645658.4073170597	433774.62649840914	1246057.8319921435	3556052.262349909	1228352.9363313955	313043.2758739537
P00006_Y678	P00006	GENE6	Y	678	0.8796	2	268686.14600898675	100171.38390664961	944257.5656565634	701840.4281887691	1027139.5268881855	3114133.8514389535	11840742.815715864	3124139.005754492	774069.4586388113	12892123.16442852	1474394.5269357006	1422421.1187105675
P00081_Y825	P00081	GENE81	Y	825	0.8929	3	1162954.950041299	338339.73263095564	764720.4845159607	2897384.258674345	207393.1682327048	1100134.6213069286	707933.8878871668	3298520.3742829077	13864748.962305699	125362.3304527073	4691770.915086036	107138.34431504428
P00100_T127	P00100	GENE100	T	127	0.9982	3	236775.40816043643	1280569.909348655	1055155.6946776244	2225853.725291416	553957.3956730649	7897220.457838723	526579.7010878205	609863.9356130199	2870720.5865188628	6975320.598777781	6550979.242301305	8003058.640614287
P00089_T653	P00089	GENE89	T	653	0.95	3	3563538.5014914605	315878.79277107783	1337550.2241203208	891835.6391191421	5924254.136465213	760705.0728522805	2424303.6635712637	19655414.424249556	6602811.669638754	544973.873244966	1077367.388073921	298592.3046294607
P00083_T185	P00083	GENE83	T	185	0.9955	1	8574831.449510658	159998.5621952876	4803261.448538863	3488485.089899451	1229443.818203413	385896.4475238059	528989.9209373589	460736.63105462654	2527836.778090916	578938.6934412671	1657148.709252284	6735929.175031346
P00032_T702	P00032	GENE32	T	702	0.8216	2	3676939.3709440376	2420138.3233932042	1893263.7001802293	129303.20310458467	249709.04076421238	121149.89541302511	1509128.586283714	158005.3957874746	3632606.7856421922	851330.1763982406	225414.91489604805	531834.1402406713
P00005_Y535	P00005	GENE5	Y	535	0.7523	3	114275933.52982534	283176.58006345603	1476360.06699767	611069.5158951718	343059.8506455962	2565056.493428249	1899805.8429431943	3568943.3813169617	1073543.9222358249	1391333.288612823	31443.939248731996	1000800.7716351465
P00048_Y550	P00048	GENE48	Y	550	0.872	3	401239.6605737115	6184040.360614179	3040635.0786904274	2293386.9110413278	3281323.349787546	2636883.1327127456	368467.66530082206	4214018.449162049	1045470.6698002833	618434.1526793408	1241602.7742916816	1560270.6753359844
P00094_T204	P00094	GENE94	T	204	0.6759	2	1735811.0283536133	12315034.460626544	1022806.7582694241	48953.122490150075	483861.68002671306	937995.5380083492	94125.29027336075	1966438.9161268957	132810.9832210186	759236.7091534241	1643192.8988295968	625951.1875808524
P00026_S681	P00026	GENE26	S	681	0.5243	2	160705.55270249993	1607393.9543325435	2007873.750023885	127485.07700837632	483708.76706533943	1186486.336872365	742250.4972590904	2569504.9046874084	2429530.86609717	7032549.301086226	1140161.528521546	8496027.599638116
P00075_Y647	P00075	GENE75	Y	647	0.9889	2	194549.58975533818	1031096.7879619419	71057.04029882418	1686977.218402559	780965.2809692959	7842484.695662296	2394636.3481088905	911693.1241319431	544742.7582673685	2375671.1928119147	197305.11831972294	1300547.9990021586
P00025_S377	P00025	GENE25	S	377	0.585	2	465444.02980633307	1436838.7129678337	874969.2039507932	11931411.476370763	383941.3366213418	321406.02690765396	2489111.8305032756	212296.15515967848	279450.09833430644	659560.4295781415	1261950.653543977	469841.9284224116
P00018_S510	P00018	GENE18	S	510	0.9332	3	2338927.3817530507	1750685.4368049756	840094.4574435493	170250.27018437092	3676087.782681758	310009.4358089591	11076600.964976557	412123.0211216568	7510423.248856254	3000850.7571589537	1275871.1546523334	460854.2602317425
P00004_Y725	P00004	GENE4	Y	725	0.8874	1	259911.38840753067	2317159.9621763127	2102055.926154288	2643077.7753470377	952895.4791337979	2152804.6173370886	734102.7716075119	4821805.191127967	823914.0115181813	1639318.6405638848	2930279.3785953326	3171191.779091867
P00086_Y494	P00086	GENE86	Y	494	0.7989	2	1291596.407185589	418059.9811008765	914076.6205292034	8427198.960432867	15752641.825001478	255179.0618522761	181747.77375129922	1240574.1144802184	1378357.9651994815	499492.6329855088	1500354.1838844859	875296.1678412568
P00033_Y229	P00033	GENE33	Y	229	0.5067	2	78879.72328029133	2582382.6948560714	2292003.5511048553	418093.54609177494	6048712.159409037	4627059.843355831	2848882.1973648663	1432013.0484171477	913283.3008558484	631310.7993540103	1384459.8173867424	5223049.041096271
P00048_T430	P00048	GENE48	T	430	0.8375	3	67571.50230253754	1422408.624371263	485214.83887779975	183207.43583523668	1606707.6541015632	4457430.238449556	206736.42084047451	542303.2776553534	366806.7708220142	2598577.0583035974	2426223.190163478	440837.9804243234
P00073_T392	P00073	GENE73	T	392	0.7809	1	1745441.1143239576	2346157.1586962733	286716.3472014625	1653163.5107907045	1734455.6796106275	102986.65117967664	331905.08128744253	2133011.971238732	285857.88765108905	732444.9847962231	3519727.6334332093	296738.9774208388
P00027_T473	P00027	GENE27	T	473	0.6261	1	1104399.621823722	32817.093644754736	3573791.5451533874	182301.15275180858	749017.5528587381	2306882.593820546	2177044.3020205046	788975.2090559257	1016472.242599483	1923041.5202054991	1535317.6386848867	488053.61277581577
P00031_S412	P00031	GENE31	S	412	0.6209	2	37046257.84805229	13556691.52582554	753909.4534050153	277828.2901636676	26271527.76123714	2070512.449061644	2929791.915759786	411801.12896906846	3577430.1761252857	86867.66803396771	1120298.5305853437	667547.895706847
P00047_T212	P00047	GENE47	T	212	0.5916	2	548457.7184519952	863058.5344992235	2459321.0493236296	5205778.970166528	2757780.520664673	237731.18567236754	272941.3154101976	7065134.9878873285	2472201.46660481	1169990.9967997705	165406.47291588556	432747.00421570014
P00063_Y598	P00063	GENE63	Y	598	0.9776	3	2430125.518950115	134267.20044590812	1271672.289932069	435511.39496475074	25676734.69415408	18206622.722436383	36063623.452913776	13856054.516479636	1090109.0470542137	5418597.313032349	1854804.0416273787	786153.7165564486
P00001_T845	P00001	GENE1	T	845	0.8128	2	4751323.776791504	9405806.992619013	559813.0920920817	27163142.642644502	449303.4046204115	2687021.8564900067	793842.7884542054	612982.1618914123	918978.0427653228	783896.6366068902	1692622.980394734	23036.5251205586
P00068_T527	P00068	GENE68	T	527	0.5665	2	218319.32333980425	370650.9596914264	1262073.2887249107	6073867.394263174	2029915.3301042188	80499.14113836	953115.3373399043	2374311.9953079657	867264.3591972782	663738.8467876109	222220.34893602083	588635.8277579041
P00045_S794	P00045	GENE45	S	794	0.914	3	413448.401816346	114870.07368197056	1168981.2571561777	2338003.038687558	909055.5415558642	882129.9844621263	1147891.5873215154	501355.5869576078	2749445.9597786907	780777.3613233549	999941.913342822	13392737.549253302
P00076_Y749	P00076	GENE76	Y	749	0.8313	1	1454258.71541332	78497.50963363868	8796630.57575122	7578846.482666399	20440100.596363734	2671832.342907742	3700060.911313208	77219.16418614813	3970397.456693968	360640.6091451922	3102891.0847738413	1212956.8155892217
P00020_T814	P00020	GENE20	T	814	0.7749	1	886233.4690702049	4218007.635813671	631162.6801816327	18123374.007701233	833917.7221704775	917695.4451422784	1458941.5417194087	446364.1932995295	4515611.95522652	383630.5657337936	204635.91895615534	345865.3332437739
P00011_T623	P00011	GENE11	T	623	0.7339	1	239322.78083880193	6811338.067040897	1557295.6416604726	9558555.578015734	608419.6621125552	161669.18326178097	629594.5585254601	945556.4653915658	667139.6239016383	526546.6382058027	1094367.3200687496	269320.8603479862
P00082_T215	P00082	GENE82	T	215	0.806	3	700579.4587146438	1453880.1149081425	253114.0829734189	1991953.1557292335	339161.0074685307	56564.074473741195	532704.8350399208	133254.42435182547	584013.2993348368	902957.7789995694	142470.9195010538	7961860.194916368
P00080_S427	P00080	GENE80	S	427	0.7568	3	421810.62202860863	2333486.572078562	1149476.8340552873	172696.27131433936	1837161.1545446538	608658.4473516718	450288.5740225318	923170.0128940747	207709.9244618622	304122.1380417891	1630109.7360459897	1096769.374449752
P00056_Y696	P00056	GENE56	Y	696	0.9651	1	918985.2092998782	1251616.1878097784	1824201.3479763926	2469114.314026316	4109172.748004684	2313678.9545149705	862748.6575668236	699367.0942871185	770717.693991335	295201.3184167579	386668.17404622893	1924377.4430812746
P00016_Y654	P00016	GENE16	Y	654	0.6876	1	14780945.694966616	551460.3396427801	8222031.824060045	1068861.6640222017	7572954.157485201	461509.3892204105	710615.8003259838	5902331.6983003905	1136481.0430764083	7375405.260929292	2171108.257158299	218593.9800252069
P00037_Y501	P00037	GENE37	Y	501	0.9243	3	1677943.5184046663	1178293.7305651172	413961.6151380944	679990.0862002585	176826.13898511342	830153.9243986504	631487.7811751832	1877806.5429841327	282790.1518644529	10072928.318960728	73490.83179677012	728420.800734102
P00069_S241	P00069	GENE69	S	241	0.6111	2	2019927.2364848217	557665.9052721133	768415.363237933	153174.24605370357	2222464.4838690744	2024864.1324256393	407582.86719817336	1625241.0187047536	1046088.6518895803	2632188.6059817965	482288.8111829303	7154583.787560617
P00030_T488	P00030	GENE30	T	488	0.565	1	764883.687153589	148431.34257434914	252310.23868395633	1147760.8137750535	154952.4606150979	4573253.274536113	1799413.4333079434	1108375.4246910382	144185.01573475724	739269.9823369398	6341392.0742035145	1012572.7363108557
P00040_T346	P00040	GENE40	T	346	0.8282	3	226676.07847361083	40845.229712693166	5253101.550969947	124567.5176348351	462853.4780998331	3708647.7150746216	202338.85555508328	138061.6374886659	3070982.9073425066	118272.41672139238	5225854.946124921	255168.79817313777
P00082_T841	P00082	GENE82	T	841	0.9987	3	365736.5539020546	1240791.9462154363	286491.17500047234	1969283.4965562504	290164.16653233644	724051.7132822209	596268.9690436666	388603.0646527013	364302.30732598336	16047924.01155481	1077783.324691113	26418213.704771966
P00057_S180	P00057	GENE57	S	180	0.573	3	2084759.1087485952	272287.95124956896	59976.86001267205	1155347.102277273	708936.0107768496	64455.323803318504	1457761.7109064946	936044.4018763173	146748.37827623426	3234445.3200872135	153134.04378758496	737910.5901246258
P00057_Y492	P00057	GENE57	Y	492	0.5267	1	13976106.415821353	2135877.188142776	1144926.99276365	2103179.2468810123	187161.68480738485	5308864.6645950405	2924820.7168738125	297287.6312989046	954061.9491371601	694155.2476356735	294093.8989628306	108850.37190757575
P00042_Y808	P00042	GENE42	Y	808	0.8802	3	8389151.640155997	4642543.799986206	772398.6873760234	7402783.098135758	4174918.505253729	890445.2717691835	105346.71932850884	403201.7027477376	948571.8027425885	1039380.4242560444	23106.710520025626	3723275.9184485856
P00079_Y282	P00079	GENE79	Y	282	0.969	2	459272.83040207706	4333613.1047066115	148865.13975803234	529710.0051619126	331823.35939331166	1113863.2963579881	204034.0884467319	554688.1422223112	6858318.13311517	2094604.3879686666	947533.7804131587	1780042.321426548
P00026_Y789	P00026	GENE26	Y	789	0.9498	1	1219216.211107055	115252.56595707597	1404252.9598939756	860667.0842552242	1395143.315644172	6275854.193999669	87029.94885316883	779403.3333607388	3814399.0056611043	313429.91470582585	1370964.3402352415	597293.2027939936
P00001_Y460	P00001	GENE1	Y	460	0.7131	3	233024.89914413836	1653374.2516215027	585263.0878904287	157506.89669462573	8613269.25925383	6550572.25309494	12025577.198943507	1904382.5097927647	2748554.8162369714	1569817.5041584547	101952.8541327681	2427017.0716300756
P00027_Y875	P00027	GENE27	Y	875	0.7661	2	4749104.57996603	1337701.2990832157	1003418.7615823422	555516.8259727529	3848297.909349072	493076.4184163247	695507.1276539245	34268.84413004489	449420.33472879906	918409.1343523004	1329818.3180859617	304641.71088725614
P00022_T313	P00022	GENE22	T	313	0.7274	3	307963.6160391581	862897.6073511199	87390.04529937224	302768.1012285979	785966.0198789341	494808.4421790874	1245703.6976554343	742136.1837442949	574719.7578492628	2493635.079162401	533214.1161353702	8258362.244124853
P00067_Y299	P00067	GENE67	Y	299	0.7908	3	726876.3489455798	462089.54282649816	946602.5259126063	1306034.8322749801	259319.16885113687	1921156.8821485254	1434971.7473372822	6473712.869318147	1082084.5689336462	2535794.757825466	573376.8968242945	1472299.4831165292
P00027_S174	P00027	GENE27	S	174	0.6862	2	733114.1535632601	847659.284024601	1898746.523845305	193984.11511181685	221472.5729065707	1166832.5920575468	25528.726333573166	1763475.6809416944	584661.0629466347	963188.608613924	166913.40287381024	1963946.5588207976
P00089_T453	P00089	GENE89	T	453	0.6702	1	1325425.2297815068	6433234.921610673	91535.53234691719	3277124.0196143803	772784.0000229862	647940.8484278481	6040612.000647509	245189.69578687515	4396380.398498218	223297.87135515834	170644.3789743728	9850.47552200149
P00098_Y247	P00098	GENE98	Y	247	0.9655	3	179918.3368996344	548398.7011370584	38878742.84657517	1076315.217179105	843725.9742246679	26939.95751550896	1029774.7248262751	7612841.144513015	2742255.5218441314	291912.66875552194	4607442.0113135995	836683.42600272
P00054_Y614	P00054	GENE54	Y	614	0.6998	1	1881360.6564640973	4987976.731631618	641182.7721622007	740329.7124917359	3252761.894562414	112797.61752815831	2777070.809727901	506550.3923252442	1017520.8461169838	645415.2641325804	293324.1239689139	680350.7073528746
P00020_Y607	P00020	GENE20	Y	607	0.6597	1	299595.0585111611	558325.0745114681	220968.39166572652	1188835.0511033824	427171.57839496084	185372.7975474713	79369.5208850394	155607.23265965734	313642.00897538767	266217.74276389775	6538853.585562573	8709017.143653212
P00035_T172	P00035	GENE35	T	172	0.6783	2	811598.3072786389	76540.47841864292	103423.86196371491	2667371.0723588895	270443.7677165867	851092.1513531002	4344664.140377233	43381.00415519594	352698.53035680344	2387206.5789086274	958433.1961857872	1267113.043652145
P00069_T705	P00069	GENE69	T	705	0.7772	1	9726229.405861437	10037157.679398688	148960.38415665473	31293.36990046787	877020.3343013357	527341.2576867059	4168868.9395546042	3204862.7307894123	21390011.9726127	1855763.888033499	2603154.0995499613	451812.59318598884
P00063_Y298	P00063	GENE63	Y	298	0.7476	3	4499953.36420998	173258.1526858102	2929151.4042885834	379661.6677567177	564642.7766529327	1910339.1319074982	110035.23231366253	4029467.1122874115	180022.66230641687	1019266.2851356191	128220.6771473283	325170.70441109606
P00032_Y108	P00032	GENE32	Y	108	0.5547	3	2223585.3889866564	424571.649844038	3880916.707455159	1286551.1408646796	7770662.963215192	3999518.727177378	2411851.634792015	5235335.348947906	3824655.2040778673	685986.264540163	2117943.1528280955	240107.4881817456
P00013_T200	P00013	GENE13	T	200	0.6995	2	42886.03960672589	71218.5508040717	2445599.371105565	229790.23703999273	1037492.4507725107	2824246.117546635	171242.13356274378	1221446.6181816298	190654.40916289727	774465.2113702147	1283071.7285825962	435031.7653124984
P00084_T187	P00084	GENE84	T	187	0.7845	2	153849.49727079557	3915911.9170261165	4139265.9954207903	474735.02923664486	309713.8712341027	819017.5894290763	8545158.532235399	358130.49542162893	425118.1273754966	23426109.02865459	1405492.9808962399	2724508.123894246
P00059_T353	P00059	GENE59	T	353	0.7276	3	5055205.893426887	175846.85034702555	287996.89800919127	2262779.9108909974	1316603.4411038298	1569072.1026814992	1496840.6480913877	212476.81436249678	2347380.1043890184	1457164.9612344722	1158940.4692593864	772235.700722586
P00022_Y836	P00022	GENE22	Y	836	0.545	1	1815254.002001542	2559944.0780254966	797747.8527452665	676766.011228534	6631756.590321045	611421.9037290056	3935909.4363966016	332383.95864928333	1391864.1020409055	241587.97246016603	821798.4985471673	377998.7438927691
P00087_T599	P00087	GENE87	T	599	0.8135	2	733456.7926401944	12021666.07282013	2403278.2639396656	2226809.8960839487	285755.40630714246	702709.0471285853	36958032.42015258	38804785.86080592	1051664.8765955693	877219.7912855237	873595.1442387583	400060.5732786851
P00007_Y319	P00007	GENE7	Y	319	0.5857	1	565066.8971364354	1113355.1411383601	4411811.902704531	73279.65689616799	8838648.335347945	2413774.263440725	2170829.1237775953	408450.3271056168	224370.155956913	902904.010590351	665935.829579037	1983504.6405115728
P00003_Y445	P00003	GENE3	Y	445	0.8885	3	1193689.0064215069	1970386.7645460912	807339.2611644053	123483.53711823536	572947.5274072416	709998.5488924312	1689353.0892520156	1210727.9901581812	135137.12163941388	73599.55310958439	20046356.40590376	1154634.4146405268
P00041_Y254	P00041	GENE41	Y	254	0.8239	2	1344035.759208972	1504601.057329886	2557046.800272489	1428514.5931554008	22180018.62002468	1865678.5985479266	585491.2489489877	1671940.548816708	6850564.855702118	488036.61299540434	188274.2183638313	1313137.9148015315
P00060_T574	P00060	GENE60	T	574	0.5121	2	4968223.547117365	977856.690601732	148547.43422505166	477968.8881169136	526321.0696536028	271292.45791364944	574195.938627181	22522346.63624347	181898.66143331103	1183566.1160833896	9810817.875530545	659930.7694564232
P00077_S320	P00077	GENE77	S	320	0.9451	3	207676.08096481502	426396.14365648886	89151.2927202152	1099124.2200752185	276505.1484733624	4648665.211096742	13512039.232292857	1278817.629775056	238250.30191393732	1507056.7962984263	1855596.3869012904	4080246.881880102
P00004_Y416	P00004	GENE4	Y	416	0.7965	2	163422.28778320708	266537.7596299793	981545.5099927745	141831.21221355902	544784.4236023937	325762.2835826439	376261.59266755905	2818647.270108971	675650.4172849155	4215075.554887448	834002.9029607447	784109.3099782018
P00013_T763	P00013	GENE13	T	763	0.9795	3	5878224.48810231	960235.6095206313	2317622.8808682826	1257890.7453696327	840143.786112051	1372209.116019786	1028695.244425852	1715921.5589433427	2418133.612063134	6022244.574712464	3807824.8025777517	1644720.6524897814
P00070_T866	P00070	GENE70	T	866	0.6534	2	55426.378909755455	52572.455001212045	107804.49093127549	3055008.944921691	445409.1260041038	352123.7708130813	283093.7079841991	1485835.961560708	757744.8566510526	3392672.0875226688	226421.6834584503	281572.1650990058
P00050_T738	P00050	GENE50	T	738	0.9952	1	562385.3851068623	1243128.9993864237	2422793.4072998306	260500.44465935623	14809814.129779348	1263630.8117064661	417364.232197084	2851291.9475796167	550575.8220725759	661077.6973313241	1067012.1873956784	2038259.694312509
P00052_S626	P00052	GENE52	S	626	0.6207	3	4443358.845734717	5976747.956604525	164698.2600597053	400978.0926628629	6901195.778969262	33567834.98910113	2083855.163305864	6646894.8248287905	708480.2549397942	724726.4572198386	983052.688519635	611227.8488101998
P00016_S579	P00016	GENE16	S	579	0.7359	2	2893221.580045393	93181.21372319655	1733001.0818296114	2560143.452474159	630248.5433561554	401426.1272130743	2269518.8951818394	2188759.2869690987	3855213.706578325	533054.4083502864	2173346.8474511416	137967.26928907455
P00041_T721	P00041	GENE41	T	721	0.9786	1	115753.9572834629	2599153.247634045	280792.19078397786	1165660.459482816	21703278.52793808	458025.22046410764	1363259.1368519336	970906.7654861194	191267.68253963906	21571867.576439213	1701153.0359672299	1859061.578736192
P00002_S652	P00002	GENE2	S	652	0.9068	1	259455.37503800928	998820.3911938716	138572.51095966075	2266919.0152153447	1725882.3995971421	4688638.800910981	111700.40332494224	941449.8551719716	499561.491371394	791809.9083394783	580175.1807488156	533933.6653098626
P00068_T572	P00068	GENE68	T	572	0.6886	1	3034910.1625344413	7947048.7417691555	562138.6769395601	6452797.759954399	858760.7221179917	2564022.8145879847	271277.2857313149	409719.8910855744	3287333.7693490908	2262720.989667591	864161.6824326635	1210530.4516524873
P00087_T405	P00087	GENE87	T	405	0.5816	2	3329224.8108120314	7920481.029806694	1630935.3644678644	184779.88687481039	764229.2072676582	357812.05044088635	601605.2598309148	851824.0644041065	118914.4251446489	4106919.392101503	377076.82834037056	133195.25985962807
P00038_S272	P00038	GENE38	S	272	0.5915	1	778871.2679098529	1344022.5190498189	489365.6887032346	677468.8972494459	32571359.88545657	573917.9104375135	1267009.134577511	1981542.1317851925	1227874.447870863	365909.8405310905	139201.65514105003	658683.7580760283
P00013_S422	P00013	GENE13	S	422	0.8023	3	380256.983973765	3465699.496911646	204553.76751901317	202545.31691128414	222742.12232517285	2103616.1832894725	332060.1012290609	65212.103589318096	527252.2542460528	10898626.617036814	7604111.029177077	2345925.955540706
P00087_T442	P00087	GENE87	T	442	0.653	2	240150.9581163359	7324413.488360461	1019441.6644749208	2085634.8604821356	421565.79208951216	71651.27451829198	1962286.9904788223	3073359.881061489	110468.62285704777	119489.22437305644	296451.04004634026	750155.8708675731
P00021_S489	P00021	GENE21	S	489	0.6202	2	4948895.686649329	80706.06669827797	2854236.7333733593	3011505.2422984117	9202181.090668533	1513287.9610517789	1044233.9069661972	2851814.709187657	2077268.3825795574	349583.2686968454	2030092.4450436148	217968.93659618046
P00001_Y350	P00001	GENE1	Y	350	0.6694	3	1628412.9549848514	1169520.272116744	303960.07414661197	439609.67181724467	1301871.4894993117	843471.4752601562	375558.82559957856	1077380.5486287659	208423.12971530238	699300.3941354075	1367586.5824312554	656679.6976324903
P00024_S455	P00024	GENE24	S	455	0.5386	3	269629.9558942219	474584.81630950666	169966.65529561153	2125079.8596563656	545228.8380898902	3474733.1111182314	300572.84876868693	30070215.43555379	363503.10654554196	7837073.893127658	325017.21813362994	1405408.663442448
P00052_T436	P00052	GENE52	T	436	0.6776	3	2464411.4893678688	269774.4364373918	163469.35030702793	1194641.817943309	144461.8224381468	2924010.6063730684	45104826.10706866	1582262.439799325	1235097.3653858902	1254733.688205923	2717066.5561466017	875039.4525363698
P00089_Y396	P00089	GENE89	Y	396	0.9461	1	621278.131891786	615787.2725708523	86776.0035541687	1510373.2167813645	5537949.878669117	1351103.058456272	190605.93961180147	13415240.847004332	200245.8910927925	362823.1337689883	2617671.2017295333	180187.38580819627
P00033_T565	P00033	GENE33	T	565	0.8153	3	301900.7645643345	413185.6542119601	1237791.1815773537	160881.9596124173	605663.2942123964	2351765.428511584	1777060.5640143247	189435.8229270513	5515282.159555507	172074.55189874268	4540850.395931263	169957.93501786885
P00006_S525	P00006	GENE6	S	525	0.7481	1	339667.3842249889	682660.5756990147	1696872.2079303374	1773500.2654109148	556813.7768322388	1051655.420484456	132536.06987610078	344416.81682948064	980957.1898253877	363149.5756813049	2306738.154633413	495794.0359841737
P00040_Y164	P00040	GENE40	Y	164	0.8006	2	757264.0282058482	425339.72632742015	4654817.214300703	1488206.6213338342	21111809.87139286	1680088.5879245836	3756092.7871809644	8945099.31697461	253997.66911589628	878128.678896266	7124461.267165592	5354226.3503722325
P00098_S785	P00098	GENE98	S	785	0.8983	3	282706.2301098971	177595.6080782676	1306347.0603853432	5117760.842526924	1152871.1474290371	3956296.636066278	347192.7879076881	720827.3596282024	11053603.361190414	899030.6484697617	287357.47764280916	2440410.1783662443
P00097_S305	P00097	GENE97	S	305	0.991	1	333288.7113950613	3418949.134294306	1025595.5770924937	6083765.907035739	2154520.5514587117	875300.9172286106	16961941.04472308	4207170.677865786	183801.91259591136	344520.48647768353	195531.45076862007	29198.236391493054
P00040_T245	P00040	GENE40	T	245	0.7877	3	1825170.3185073002	93439.98536273291	676131.0731118025	17359691.92963861	2461508.135237119	663836.1631115354	408340.7127176968	52519104.74396163	3661128.612475135	424360.52047233697	694380.7083181728	1146713.9892987171
P00016_T192	P00016	GENE16	T	192	0.9224	3	126852.99569628295	270257.12674695463	479816.5301085835	434588.05168690847	7266337.445274291	885415.6038721825	607715.032705697	2200474.166330765	482787.24982638506	2454739.577420695	808789.6372008392	2355332.449803662
P00080_S863	P00080	GENE80	S	863	0.6171	2	1309813.5190237195	557571.0622978505	112847.38402063069	410584.965745146	5042424.663950092	1038070.0007398825	318590.94891726103	236294.03621046175	276830.2112092858	737535.452774004	4466001.136596178	1241979.64330543
P00018_T624	P00018	GENE18	T	624	0.7179	3	396256.0164522348	6518135.4459265	666328.1700823203	319703.66717047134	3015712.0994756827	4315885.861039169	102596.9407129259	493939.54552375723	358483.38255145954	8437003.632856486	4769010.539592247	2498860.6991831465
P00060_T713	P00060	GENE60	T	713	0.9365	1	12696336.23565606	737340.8571324205	657640.3145912535	11305955.604718516	212094.34489589874	6256681.745477136	1186767.50554596	1792612.0061490375	709571.6807342134	201997.80182250508	488970.61266484816	25489502.367318794
P00012_T640	P00012	GENE12	T	640	0.7308	3	487040.9657108236	893701.9244707333	1048016.7389690678	7292.163279311913	247820.39874542446	16817607.046766624	945917.5229497951	123911.2118906124	995781.426580524	671124.8929650625	81847.55651637018	156871.38314521205
P00087_Y596	P00087	GENE87	Y	596	0.8267	1	1280890.9269908771	542878.246790465	76944.2949262818	977921.3714899339	1544788.4249485987	1352296.5550808832	1249721.4888771079	884361.3046165656	1749035.7360420185	1727353.6473519325	2219952.2804945554	365461.7656709832
P00057_S885	P00057	GENE57	S	885	0.7929	1	220204.78038822406	241073.46105523594	13687740.68034897	735878.1983890337	330739.81037251087	879815.729928655	218537.9557555734	350236.7557185901	236293.81108977224	367262.9555798462	1018658.4798154051	1633509.7205457843
P00063_Y743	P00063	GENE63	Y	743	0.5817	2	167258.56398083468	1097362.6443233443	340314.81084734405	571452.0469422584	3596837.2722138637	16727508.714044314	576212.2429902107	2099206.812741592	3685894.9399327724	3673585.5147253997	796547.4810441775	804802.7665382772
P00099_S726	P00099	GENE99	S	726	0.7453	2	6206504.537871504	13268328.68513444	84147.17992534618	2836867.4640830276	720671.5558772262	312848.91950629075	223205.51798216297	1351541.2915624287	458755.3805123381	546400.9253226387	219970.5818171987	168504.48701184732
P00050_Y271	P00050	GENE50	Y	271	0.95	3	987177.1820777905	1698802.201610145	6969985.86958138	1225782.8783010775	2551661.676084786	10123518.739095267	1764054.6251753538	686970.9016965921	63123.88007004049	1238241.306127579	1057693.9398281085	20551162.955284726
P00041_S440	P00041	GENE41	S	440	0.8282	2	1456288.3370685682	4841704.761682644	216410.25164269906	48950.0441049454	24245571.908763602	547560.1362512491	728487.0221024979	2400048.8657412436	172129.26129450684	1663487.2386043735	3924689.4426921248	4755989.60750545
P00064_T675	P00064	GENE64	T	675	0.8026	2	1913057.9641048124	202167.51454302654	242171.5797394148	146075.8764044715	1139652.1487286917	616582.7514555007	5552269.448894016	15837698.870295217	586841.7974999251	16892627.448045883	970457.3887838938	1845256.5598925892
P00015_S268	P00015	GENE15	S	268	0.5712	3	4307649.707644248	1299900.685004624	3160518.2258299347	783732.3294582607	1947114.8621426008	369553.41246335657	5741245.059201172	626912.9040299087	3806705.9206086523	312903.02203926863	510101.81857663975	1157888.5539725344
P00017_S447	P00017	GENE17	S	447	0.719	1	423150.5667345385	407499.7929012725	343233.4480906804	539597.891257432	384521.72301378835	924771.8204243603	955535.6528744425	1827912.832757799	114680.49901276047	1645544.0642900812	13932786.84442624	4285470.81117134
P00008_Y418	P00008	GENE8	Y	418	0.7613	2	473051.0695727306	2655844.374739919	479049.54298983415	4297203.265362766	441598.4137625889	2931246.6598445065	538073.1747796575	381946.9408242293	2245489.593930454	1270367.541262211	6562698.226405916	736609.351502585
P00063_Y547	P00063	GENE63	Y	547	0.9516	3	323964.69201106863	346385.1891302116	310015.41545981035	296153.2976202098	391303.9247866284	1098633.7298206743	87675.84732618956	1642999.0487338891	229960.45147416758	2024336.1526135849	1624090.190297037	1645198.9490456625
P00019_T545	P00019	GENE19	T	545	0.8028	1	646610.1766820676	789572.0621059946	2566453.2076752335	337632.82116389315	3786004.6965329996	1123888.4048427138	21822184.802171655	1313039.1469365016	28831699.568601836	303422.1661121746	159795.1774491022	2912847.7359421398
P00074_T559	P00074	GENE74	T	559	0.6139	1	767172.7092260807	483025.4240312749	759706.3872649671	209126.69737514085	559839.5933486926	284934.41516787396	148249.20228298637	3093905.6792028644	2389270.9988333597	465064.10325304314	223315.06924668068	8894707.511234641
P00060_Y679	P00060	GENE60	Y	679	0.9132	2	371085.8389995212	2980570.4835620956	640440.1278745903	691139.4658164801	5048781.063150501	3148712.5734159085	8941267.986232344	2247543.6717223	4791641.701629622	458526.103621145	566578.7538112149	231241.2052917369
P00004_T790	P00004	GENE4	T	790	0.6751	2	5583991.125195245	1975868.4889919132	925854.6504300095	2036190.8153360996	1443241.5875026325	1026026.8894319152	314999.2865846251	2318017.161835753	179172.11722778063	431813.5115647258	77565400.57621427	1940259.7138370532
P00053_T560	P00053	GENE53	T	560	0.5232	2	105442.35317130868	5473065.195738666	560456.3967606883	926498.588620611	249221.90411116552	1036486.4125064685	1394804.9574232455	7648007.455775885	1046039.451370325	450849.52686159353	964041.7954738132	3258866.5182995447
P00049_Y490	P00049	GENE49	Y	490	0.9476	2	3460056.896404986	1123714.8687436657	506489.64547740505	3487846.597567965	98933.7123719768	401684.39040314866	1047763.0097494858	6421678.420075088	150681.8291844634	65528.240592096205	216828.37572304546	811053.3942135393
P00091_S413	P00091	GENE91	S	413	0.7851	2	150068.20713840972	434748.6573775043	150020.48389452486	1841030.7189983954	168003.67048053545	2318364.6757749063	597618.9875146401	490093.0505882492	39943.05797339571	3573602.999249232	2249749.079895173	196061.47129157346
P00092_S552	P00092	GENE92	S	552	0.9664	2	5501969.032082076	3849780.9804853424	205592.32021974467	101116.52441629951	76096.8974224608	315305.78611037787	1590205.990095154	96145.00475624479	2038941.434002691	1187817.517272899	2085879.012953332	198386.94078611353
P00100_S853	P00100	GENE100	S	853	0.6717	3	6649529.456286275	302005.8967318594	394052.15580740024	1147487.7272795078	585630.7101263244	153933.73847012437	350783.23741048656	783754.6391725377	671052.9364141676	136948.3395145829	3649639.3168948214	672353.7600645438
P00073_S751	P00073	GENE73	S	751	0.8212	3	1774373.3805155584	173434.53987710987	126973.38608864564	911278.8565442205	6473099.565859719	1783346.7655019278	596688.0125234151	62092.455535249035	1857556.5071676902	4298674.363031752	3522815.0204045796	10699459.032911843
P00046_Y315	P00046	GENE46	Y	315	0.8846	2	355341.214056796	1255335.3310989449	1408664.5398293892	1627465.3870690921	1214028.3057194704	2867733.1708645797	7425323.067685909	729152.3624303734	1260361.4700592707	1114999.3924496362	603070.1385530881	132557.8607606579
P00078_T752	P00078	GENE78	T	752	0.5362	1	85250.07769778914	752981.3943221086	842111.4141933634	124044.77559914984	4935299.922251276	755077.0575037269	600604.8288459522	224177.37011959453	5474290.957355369	2053508.7517319631	1105315.3116082307	1256548.4401303348
P00077_Y251	P00077	GENE77	Y	251	0.5665	1	555756.6928171106	2695764.2053565765	504331.9733416702	820304.4248398017	297575.04373371875	256401.90935578613	5781949.55626509	2840504.955263281	2475668.128708255	3216544.241656788	827941.1606393931	5460816.758718653
P00094_S683	P00094	GENE94	S	683	0.5771	1	864601.1598737607	1674289.082509326	507835.16502374824	18072054.06758869	2090552.2738965794	2365307.968726626	1643609.0421870179	436846.3408971056	700889.7984649019	669994.6415728849	927558.5400721857	362914.3073603953
P00005_Y321	P00005	GENE5	Y	321	0.8504	1	50331.88907546908	841520.7327500572	1414551.4770246495	361653.77305719507	19727801.46474213	524128.0382282798	1125264.859996633	3303240.8543077554	307738.8661213223	2574025.8343816167	10824715.744667668	64430.11639869272
P00066_S753	P00066	GENE66	S	753	0.7763	2	1163871.4529958894	51373.68368738602	10627217.404048892	146966.54358571637	428198.10733241733	4214191.192325364	1633272.7014359513	170475.29086042952	924474.57880399	656681.2497383123	1817289.1459210992	56730100.04845492
P00066_Y720	P00066	GENE66	Y	720	0.5456	1	2903903.4916427336	3668636.9200512194	236034.55402445924	366317.4172896563	366650.42994054605	1362125.4457991826	3760216.0933687617	691874.65256107	1902590.9486641958	10499422.069103893	180422.34124011316	1067522.2897466442
P00054_S168	P00054	GENE54	S	168	0.5594	2	2696556.1647910816	3043953.700774576	108979.18655475143	104792.03740627425	35176.68636193182	93256.52623015246	1453802.6137324139	351050.8529809854	56024.3732596949	257644.7445040953	252032.94027965958	3874108.770564732
P00073_T628	P00073	GENE73	T	628	0.6336	2	789665.6241884434	14573630.30658553	921749.9401655425	905795.9433469378	20938406.548240438	1508295.7762962694	1963800.9518407772	198939.87590597649	2136671.605662407	59019.466928934125	2107276.6917903847	277683.288939088
P00075_S677	P00075	GENE75	S	677	0.8187	1	57353.90772485688	3255128.6578796604	1485306.4530232013	7789691.368754552	2680462.23789245	4661537.03605009	233353.7091335481	191204.90827617212	179647.98371354793	1481782.5692016843	958314.9983745283	3958819.5381057896
P00028_S816	P00028	GENE28	S	816	0.8908	3	577789.6391765227	1344781.7848294463	1251608.0735685762	2005402.5256450898	1587067.2259477405	449888.42615903803	4589497.723527245	179716.0128125957	10169135.291909767	1058550.0615939049	786081.5942859448	293519.0676971628
P00047_Y766	P00047	GENE47	Y	766	0.6778	3	6080501.342817436	1257277.3225454586	171196.68170091943	1500819.8915960565	550103.1045342155	3070935.785144107	1444425.6550976303	461271.28839945886	480004.8431327477	320980.35098280775	96338.87536005345	1137163.7337353344
P00003_S549	P00003	GENE3	S	549	0.7648	3	3112899.17649105	88613.96860094348	9456801.855767062	769368.2150582834	5516788.787448712	17931397.6634479	5386010.124891529	1475140.2950721919	873934.9560426374	64823.41629062236	3011057.1954683913	955739.8408909341
P00051_Y105	P00051	GENE51	Y	105	0.7761	2	196796.16334244612	4813358.549352126	1758052.9121905225	731205.1378408636	821320.8153906743	560527.0044758957	12093975.126675561	6111638.6457986	15110734.19452918	3441645.909824844	6449653.582670925	460225.91198253626
P00076_S274	P00076	GENE76	S	274	0.5701	3	1446169.32590802	258702.33184119425	985814.6491488175	338286.65257903386	297411.69099097035	7579041.029351099	709056.3078417407	7074657.656798703	636196.5642475382	2557939.965613379	9270725.940425968	1263951.3699556158
P00059_T369	P00059	GENE59	T	369	0.7812	1	899245.2628001529	6398216.5307891965	523243.47932637524	972264.2721283606	1529230.4052020472	860655.7626310776	4056685.4349621944	10097815.731015526	645916.0150138069	1303996.0405429928	3500047.8042570045	112878.57057566276
P00071_Y391	P00071	GENE71	Y	391	0.5487	2	1770566.7642829341	1463069.1393590947	57333577.73236973	3043716.2082588132	152887.93185585734	432335.77700011147	9080746.378718814	31094.49720158536	613882.5958506753	464401.9325797009	6550490.474047513	652130.4419270529
P00032_Y390	P00032	GENE32	Y	390	0.9515	2	1548652.8509651679	497801.88819670305	348409.52346911543	2606302.310234543	1145483.7865418654	1284989.174962367	3136137.5851384453	252322.5631127681	595751.922761146	567656.1270695586	1300161.7947630237	2981502.9083439065
P00019_S184	P00019	GENE19	S	184	0.9545	2	5341024.745456149	850487.902181042	19223776.558492802	935461.2283011404	1325591.7928984019	3202165.7354329913	6422549.429825093	3127314.6737471432	264916.04613469966	13144359.484586984	1237914.6078545323	2862509.4647576315
P00025_T248	P00025	GENE25	T	248	0.9605	3	1443697.0414055828	4223429.674207326	814733.2951851061	3432366.891771165	466724.2207688549	746170.9767660163	3701436.308391889	634496.1643639638	79160.84578987112	3781099.4936720976	15225.969735809005	1253286.9676459655
P00088_S114	P00088	GENE88	S	114	0.9997	1	277050.71855521435	123042.88119482608	139375.53953186356	83571.54827674244	33627518.67610811	104728.67506501664	730886.043232987	2781858.768316834	1710567.9405558251	257034.32311334688	142378.0433843743	477045.75088413025
P00034_Y871	P00034	GENE34	Y	871	0.5317	1	2987460.3398846774	192063.14242754813	445063.3215740576	821860.6488135728	650654.5506828338	690421.760229608	488767.8901854262	10148266.179176392	26067611.889099166	540701.7908485101	2916861.0144836637	3771133.5596674834
P00023_T537	P00023	GENE23	T	537	0.9458	1	2812737.3730444596	910517.2401943785	822345.6062648258	623477.2657664908	1372392.5725424292	102541.53441275192	2185719.4222551743	523960.27209938713	1460759.4899659776	3776410.0323130586	9422779.289665747	428396.0098041829
P00038_T195	P00038	GENE38	T	195	0.8756	2	105963.29328185886	117421.06969737638	315736.4519920951	1800426.530024684	3971954.203748464	2563798.104533271	3409197.3015869525	4588978.094693374	577014.0590232407	270547.13262043457	2752763.1211096323	1178493.1386189943
P00033_S297	P00033	GENE33	S	297	0.7595	2	1405011.0861137921	1167118.419369006	544722.0239821816	4487857.4532048255	161704.2563692609	1054337.6917832948	4407810.373825649	574114.2286202428	118899.96359061469	91040.85887162389	75913.01644704353	1141736.3412331552
P00066_Y693	P00066	GENE66	Y	693	0.5774	1	243298.18426360408	5358889.478690173	6167080.38403033	9490427.439636596	3506129.6968733743	60506.737761509656	979780.9436464066	2274258.7766036503	1081903.9635383834	2382160.414006555	6487866.256600648	802591.0506069541
P00041_Y263	P00041	GENE41	Y	263	0.8195	2	1321603.2316304026	101525.3247876466	4597270.380667584	1782633.055110933	538185.8715006142	20537963.4852042	1936742.8065368093	1770156.8590262758	404781.3112925283	153846.55114114247	242280.55713676746	379911.03134200105
P00073_Y750	P00073	GENE73	Y	750	0.7306	2	16747923.807581557	407352.27211435325	4651995.599096029	706816.0585991524	689914.484015263	215391.90676333208	657963.0215396741	1273295.176757329	1291568.989116287	7668775.736485002	196775.33733668536	574414.902889305
P00079_S279	P00079	GENE79	S	279	0.7198	1	1911467.1215577822	48841.692909711004	372773.86220002116	7595331.443712919	804314.9446974591	1556174.6325409103	10346923.014093306	509989.96023076493	152825.45791051217	4235064.245840433	6765448.933197973	465832.3079816035
P00053_T544	P00053	GENE53	T	544	0.7515	2	1388017.9662272953	230853.56281344523	8012245.528882994	1638903.9402625829	4455122.174872513	235361.6182773601	4449128.955707579	392661.81589667185	1925724.8005438952	4208842.663440711	852482.2425245581	984681.4017352447
P00018_S381	P00018	GENE18	S	381	0.57	2	11892372.127373494	183541.72375680154	83647.53169214196	470406.8849814658	1516503.3105127043	1289850.3767313678	1043818.3717522292	5010589.244346994	215271.04738729223	1927099.2791345145	1013677.6440412401	1008358.2174199512
P00084_S399	P00084	GENE84	S	399	0.7278	2	865118.1752625469	249136.2542993398	1817762.3562932182	1322273.8863885212	7810116.176833755	1845835.514786812	759075.9006872941	515648.6832753381	128059.82195106549	235004.11822141227	2763358.647137769	768739.5232747548
P00095_S407	P00095	GENE95	S	407	0.9794	3	551972.8537142857	79811.13145088115	483653.89613245084	3301396.070365168	256904.463711813	2011876.895488203	221398.4614490066	1191094.1151412507	693992.4287635126	202886.32307904356	406033.3359134148	1494335.5822278396
P00092_T801	P00092	GENE92	T	801	0.6399	2	2491096.6909103747	1315052.7435007012	76198.54187309397	507188.335021453	746551.688696355	76858.86749693927	860231.2547257406	236400.5468295456	1052626.1975275099	4858315.46782989	2512829.931587695	2632805.6318990793
P00001_T424	P00001	GENE1	T	424	0.6528	2	281634.911951071	1318519.521760237	352064.19732553355	1542497.2773754993	707218.6534226814	290393.3241241595	716363.6106219605	612928.1410283243	5364389.168774449	2960776.437590273	2144368.4725724934	1329376.144896732
P00041_T284	P00041	GENE41	T	284	0.8889	2	769776.5108522439	2448981.141969079	658437.5680347085	205288.745904287	960665.4216976229	3769663.7001837874	1616678.7375183955	3142155.5816971413	1467997.659468751	2024211.3657375567	26505.741239229137	1180200.7273749327
P00051_S644	P00051	GENE51	S	644	0.9245	1	399632.4012605107	132891.78926937006	959186.208307204	553291.1366742239	2401341.116301751	230050.57797079376	341829.7562298447	334752.75455144217	252460.2619856544	358259.7837452889	366472.4703534035	273829.6552852427
P00092_S345	P00092	GENE92	S	345	0.8157	3	657201.2168196285	2154247.46845368	6683554.5052373	7416892.802059331	8312568.273791357	696527.6596329538	2118628.548488797	608147.6224492354	323493.0471398269	3311239.554879856	504239.1973765382	103010.36113235199
P00036_Y277	P00036	GENE36	Y	277	0.9861	2	5140629.3740890175	17223501.157195017	698672.6143566637	1203936.8648588608	1281488.5867223165	3717330.342097098	907891.8641480976	562200.6515637839	1967043.2885668515	927016.2104285741	622094.4885809022	12911133.907923533
P00095_T260	P00095	GENE95	T	260	0.6317	1	8001542.067983794	4117764.259586181	3382631.2561423765	993720.512918023	4667607.171662203	187275.34441455407	306943.78141361394	233769.59780966278	110623.58940892205	499327.8678744617	1037474.1677914757	187266.78929450022
P00081_Y363	P00081	GENE81	Y	363	0.5091	3	429695.516602429	18178254.69712687	1037106.9214563903	4901287.491414272	1314017.4133022858	478557.2301172062	240279.0655261636	140698.1916506829	3598811.2467608983	6013606.551944795	1402522.4996079523	1144649.6896443334
P00064_S425	P00064	GENE64	S	425	0.7479	1	1012190.9822316824	11738500.005648587	901437.4848701654	2172657.4448443674	3520447.7481505605	3612342.121086696	4089801.8874741173	675794.8492690641	532597.4085793368	625588.0981547782	2890643.12895961	6107628.601206015
P00085_T414	P00085	GENE85	T	414	0.5387	3	529823.1960975623	5707074.401482659	156212.98646025176	1104216.5355044268	836117.4643897457	10373026.48561674	6511358.623170231	4785465.659746654	1609911.6301430243	761455.5230672162	212476.2824471804	1054606.6475806292
P00061_S291	P00061	GENE61	S	291	0.5658	3	3377956.186659359	225536.05341543292	1429664.5141145596	4634356.802817282	23480.488830857477	1515662.7775506591	627226.0579715807	725881.9216436589	1392611.931730455	1461485.0610381553	761460.7896727176	790890.9912772146
P00021_T132	P00021	GENE21	T	132	0.8429	1	516676.02892426855	5368232.23759218	8585005.826171104	1632109.9343135655	1501234.9767935486	7318792.1186960805	3305470.037915835	477641.35086238256	1022472.9909545275	246688.5555041694	3534454.5677700657	338861.40872026584
P00033_S793	P00033	GENE33	S	793	0.5473	2	499017.00793378806	289784.0420294979	669932.0905286819	1480549.7797578096	1847959.1300702165	2062884.2516040155	489110.4736862779	2076207.2055382591	785649.9405109435	65659.03545235415	1919406.6339836987	6146979.44585492
P00059_S639	P00059	GENE59	S	639	0.676	1	693144.47620348	701107.2168807014	1049258.8886295708	12332505.109714452	787794.3259047199	716798.1259059223	344160.96332333144	493928.6309594041	2418847.777652031	2189953.036939474	339778.0924852773	272573.39064762497
P00028_T870	P00028	GENE28	T	870	0.9893	2	11824932.855559437	343764.0641862172	2307566.3381820573	448949.5807081389	695680.3664056839	553054.206001082	974146.5877061725	75485.04653364568	3048084.7657670067	10552032.909881983	7937121.053589929	494418.1442650678
